tree
version=v4
num_class=1
num_tree_per_iteration=1
label_index=0
max_feature_idx=11
objective=lambdarank
feature_names=user_click_count user_hist_recency_sum session_clicks_1h session_clicks_24h category_match cat_affinity freshness_days article_popularity hist_mean_read_time hist_mean_scroll emb_score emb_max_sim
feature_infos=[2:50] [0.46618539094924927:49.378032684326172] [0:36] [0:50] [0:1] [0:1] [0:5312.40771484375] [0:0.99973124265670776] [3:585.77777099609375] [0:100] [0.60058951377868652:0.98134523630142212] [0.65245175361633301:1.0000008344650269]
tree_sizes=3517 3516 3526 3507 3524 3532 3516 3538 3514 3523 3530 3530 3532 3516 3524 3508 3510 3508 3536 3524 3518 3537 3516 3515 3531 3524 3502 3519 3537 3538 3532 3524 3515 3525 3521 3508 3489 3503 3496 3502 3513 3523 3513 3500 3511 3490 3494 3529 3506 3523 3525 3514 3522 3503 3517 3525 3498

Tree=0
num_leaves=31
num_cat=0
split_feature=6 11 6 6 6 5 7 5 11 7 6 11 2 6 11 7 11 7 11 6 11 6 6 2 7 11 2 7 6 6
split_gain=3877.16 1582.99 878.547 284.456 253.797 247.539 238.182 139.138 118.296 83.5551 82.6737 70.7508 50.9631 50.2763 49.933 47.2575 43.2026 51.3236 42.9421 42.3471 40.7006 39.847 38.9495 35.6895 35.5022 31.9677 28.4229 27.6336 26.9336 25.6661
threshold=0.94457754492759716 0.99999967217445385 0.052413193508982665 9.9115796089172381 0.080561343580484404 0.19782608747482303 0.86988264322280895 0.17902930825948718 0.92153099179267894 0.85315325856208812 0.61779513955116283 0.88610962033271801 5.5000000000000009 0.68967592716217052 0.91576462984085094 0.78388425707817089 0.95616528391838085 0.8508017659187318 0.91858679056167614 0.087771989405155196 0.87684577703475963 0.65008100867271434 0.030445601791143421 8.5000000000000018 0.95442533493042003 0.91100722551345836 2.5000000000000004 0.86186507344245922 0.039542824029922492 0.095329862087965025
decision_type=2 2 2 2 2 2 2 2 2 2 2 2 2 2 2 2 2 2 2 2 2 2 2 2 2 2 2 2 2 2
left_child=1 2 7 25 -3 6 11 14 15 18 -10 -4 20 -14 -1 -7 -5 -18 -9 -17 -8 -21 26 24 -6 -2 -11 -19 -16 -22
right_child=3 4 5 16 23 8 12 9 10 22 -12 -13 13 -15 28 19 17 27 -20 21 29 -23 -24 -25 -26 -27 -28 -29 -30 -31
leaf_value=-0.032513775363929812 -0.055099392519651839 -0.079105097167291361 -0.030959113502780234 -0.080832351897526231 -0.0069902740967513217 0.0021717400784242312 -0.0024309716675998978 -0.0011353035830966546 0.042367314330804012 -0.027736412364367909 -0.0077479363893280312 0.001910803009311797 0.04209103380079874 -0.060555843912753239 -0.01809126634963247 0.012934701062829526 -0.063528703781901508 0.063507407460893284 0.023253965698323567 0.032387672200933519 0.013092407845346774 -0.029637874425121585 0.001479347882281405 -0.056208064086126136 -0.037292340058222274 -0.032992977915553404 0.0066077193682294449 -0.066044335518122763 0.0081681810844527573 0.027786928144585638
leaf_weight=556.27428217453416 230.11189425564953 435.02082325928495 203.32917415173142 1128.5873511592508 224.56128874816932 215.33901775995037 171.42892629950074 303.9312662347802 2392.9534205235832 316.28601207648171 85.224770064291079 840.16379058916937 453.46348258896614 12.251501442049628 333.11056547000771 413.17841244651936 133.11253057981958 13.383525114681108 444.3257653839828 1345.4290455816372 424.97108300135005 26.40186988649657 367.59196052415064 82.439635644492228 169.71284301148262 565.24722282020957 74.416607641673181 5.9443420513998708 138.14311777817784 988.04011830329546
leaf_count=9316 5493 9303 4373 28016 3876 3682 2760 4303 24980 4712 1529 14175 4708 278 4988 5197 2986 109 5133 16206 5388 521 4845 1852 3267 11707 964 148 1840 12761
internal_value=-0.000202253 0.0116088 0.0173012 -0.0628754 -0.0514896 0.0258294 0.0149523 -0.00818223 0.033343 0.00149359 0.0406438 -0.00449404 0.0248501 0.0393907 -0.0223688 0.0242982 -0.0774577 -0.0524736 0.0133474 0.0269675 0.0205762 0.0311939 -0.0102033 -0.0262894 -0.0200336 -0.0393888 -0.0211949 0.0236634 -0.0103936 0.0233675
internal_weight=13094.4 11018 10106.3 2076.39 911.735 7572.17 3093.65 2534.08 4478.53 1506.55 2478.18 1043.49 2050.16 465.715 1027.53 2000.35 1281.03 152.44 748.257 1785.01 1584.44 1371.83 758.295 476.714 394.274 795.359 390.703 19.3279 471.254 1413.01
internal_count=199416 150957 132659 48459 18298 96558 44443 36101 52115 19957 26509 18548 25895 4986 16144 25606 31259 3243 9436 21924 20909 16727 10521 8995 7143 17200 5676 257 6828 18149
is_linear=0
shrinkage=0.05


Tree=1
num_leaves=31
num_cat=0
split_feature=6 11 6 6 7 7 6 7 6 7 7 5 2 11 6 7 7 7 7 5 7 7 7 6 7 10 6 11 7 5
split_gain=4539.92 1131.9 638.65 532.652 475.307 355.581 243.254 221.49 194.03 173.319 224.384 151.004 145.707 125.529 122.88 118.279 130.966 225.671 167.065 116.044 115.625 113.557 112.737 107.776 98.4144 89.1803 87.3699 83.8526 80.9431 82.7585
threshold=1.2968403100967409 0.98521563410758983 0.051452545449137695 0.10696180537343027 0.90302786231040966 0.73683151602745067 0.024149306118488315 0.96940788626670849 0.61779513955116283 0.89422646164894115 0.81279674172401439 0.29679679870605474 5.5000000000000009 0.86428427696228038 0.12914931029081347 0.91312816739082348 0.93901729583740245 0.93431425094604503 0.93498611450195324 0.18090909719467166 0.97818687558174144 0.89545822143554699 0.90929856896400463 0.19239004701375964 0.78005465865135204 0.95370307564735424 133.57656860351565 0.92240029573440563 0.72762697935104381 0.043961353600025184
decision_type=2 2 2 2 2 2 2 2 2 2 2 2 2 2 2 2 2 2 2 2 2 2 2 2 2 2 2 2 2 2
left_child=1 3 -3 6 9 26 12 11 15 10 23 24 27 -12 20 -6 17 -17 25 -9 -4 -11 -10 -5 -8 -19 -2 -1 -25 -30
right_child=5 2 14 4 8 -7 7 19 22 21 13 -13 -14 -15 -16 16 -18 18 -20 -21 -22 -23 -24 28 -26 -27 -28 -29 29 -31
leaf_value=-0.020600806031271405 -0.050663662098830213 -0.070861472396287262 -0.019496355993892142 0.0063791930506063022 0.034148824096261583 -0.037476543112604656 -0.01241816217183337 0.00040171464659329611 0.066993418617017381 -0.055440736932860002 -0.020738696850589232 0.011211281017822441 0.023656661159804936 0.013600192967190393 -0.0019978265693227433 0.014973424571931666 0.020410275461577275 -0.063187537183292161 0.0038360303673510387 -0.024064380078100148 -0.069748925966124697 -0.0095203066480559935 -0.014602349860739753 -0.047956841619584717 0.0029622511443248684 0.0084853660538679095 -0.074515891056798164 -0.0056637007712641669 0.026091848381659229 -0.010961944108574508
leaf_weight=1903.2733910074458 561.76268215128221 653.53819461422972 694.22591144964099 1537.0298075122992 1119.123232237529 2411.6831390551524 1175.4778869156726 888.89810612052679 45.42662689788267 164.86614021123387 281.04992699273862 5952.4797364771366 288.30067903222516 5017.3070694548078 1040.3696358620655 2749.6054020950105 8665.1025552812498 210.54464830225334 361.56114590587094 1065.7144852452911 137.06464410759509 734.10101432586089 621.46344767091796 136.52386153209955 9028.9134172310587 54.670519200153649 1212.7388653025264 1855.5641461918131 162.26572960719932 2112.5306963102194
leaf_count=8445 4739 6672 4762 5409 2464 23908 5810 2265 169 616 1445 13825 876 14431 6640 6505 18349 707 879 2593 1191 2143 3862 690 28657 130 15897 5883 965 8539
internal_value=-1.1829e-05 0.00428686 -0.0283083 0.00607108 0.0112364 -0.0499765 0.000482737 0.00295917 0.0172671 0.00301731 0.00505497 0.00488235 -0.0105996 0.0117787 -0.0134498 0.0186004 0.0171553 0.00880175 -0.0182728 -0.0129379 -0.0277821 -0.0179419 -0.00904428 -0.0039677 0.00119053 -0.0484131 -0.0669649 -0.013227 -0.010563 -0.00831882
internal_weight=52843.2 48657 2525.2 46131.8 23973.2 4186.18 22158.6 18111.5 13827.5 10145.7 9246.71 16156.9 4047.14 5298.36 1871.66 13160.6 12041.5 3376.38 626.776 1954.61 831.291 898.967 666.89 3948.35 10204.4 265.215 1774.5 3758.84 2411.32 2274.8
internal_count=199466 154922 19265 135657 67303 44544 68354 53150 33065 34238 31479 48292 15204 15876 12593 29034 26570 8221 1716 4858 5953 2759 4031 15603 34467 837 20636 14328 10194 9504
is_linear=0
shrinkage=0.05


Tree=2
num_leaves=31
num_cat=0
split_feature=6 11 6 6 6 5 10 7 6 7 5 6 11 2 10 1 7 11 10 7 7 8 6 10 11 10 10 6 11 10
split_gain=3157.57 769.604 509.47 420.133 337.103 207.425 223.333 204.965 187.582 187.376 185.811 121.804 121.099 111.424 102.647 99.1899 90.7395 83.086 81.178 79.184 79.0217 78.8445 75.8872 75.2203 69.1526 65.2534 63.0079 62.8119 61.2197 57.1795
threshold=1.9024769067764284 0.99999967217445385 0.064415510743856444 0.049577547237277038 0.65008100867271434 0.13714733719825747 0.91589081287384044 0.77866613864898693 149.96476745605472 0.81604409217834484 0.41421362757682806 0.025989582762122158 0.85950246453285228 1.5000000000000002 0.8841131627559663 45.176849365234382 0.99066111445426952 0.94889217615127575 0.79314282536506664 0.95597061514854442 0.9413016438484193 87.569999694824233 29.725462913513187 0.83442839980125438 0.92240029573440563 0.86041370034217846 0.88162070512771618 0.1373553201556206 0.95085230469703685 0.89544790983200084
decision_type=2 2 2 2 2 2 2 2 2 2 2 2 2 2 2 2 2 2 2 2 2 2 2 2 2 2 2 2 2 2
left_child=1 2 5 -3 10 6 18 21 22 26 12 -11 -4 -5 -6 28 27 24 -1 -13 -19 -2 -9 -15 -12 -18 -7 -14 -16 -29
right_child=7 3 4 13 14 9 -8 8 -10 11 17 19 16 23 15 -17 25 20 -20 -21 -22 -23 -24 -25 -26 -27 -28 29 -30 -31
leaf_value=-0.08152359389011575 -0.065068124484794584 -0.069236825022558637 -0.008587486101438049 0.012956799114274699 -0.041160555281593424 0.020435709973662682 0.0037576591828558307 -0.033537741709352913 0.050226066734664565 -0.015767680372875591 0.02101436427055061 0.0021578896371583197 0.0060022535080214755 0.019388679690431204 -0.0096260320927333536 -0.040117340769053537 -0.033529373915562696 0.038064775277852042 -0.022100888516657872 -0.017128454162214007 0.011256748687518497 -0.040739784099150349 -0.078609297591094085 -0.024384166178639408 0.0067247184642709075 -0.00024331558510812257 0.0050694825687056565 0.015471164966466827 0.019214147844226492 0.0086994865389491347
leaf_weight=59.047476223669946 1433.6810150215169 449.66199721128214 1116.5015371637419 298.93328520655632 309.39160402701236 1040.0752304496709 1114.153785051778 1029.9352176417597 64.207621638779528 1799.9384291835595 1805.3287140668835 3978.2163548981771 10162.550437559607 106.77300311950967 661.18139624129981 204.44278896180913 168.66767522506416 847.47714418638498 2157.2532325875945 614.39705871604383 406.85707840695977 433.80097612692043 102.70346831227653 1214.4725140074734 1594.376564511098 1158.8393559316173 1860.3872391802724 4965.3112192235421 254.96418304578401 8376.1427704929374
leaf_count=481 20496 6275 5006 1966 3046 3510 3894 10504 444 7189 4889 10766 28857 573 5438 1544 416 1536 10852 2056 640 5676 2666 10114 3041 2250 5759 15169 1534 22829
internal_value=0.000103725 0.00332827 0.00470979 -0.0264772 0.00806245 -0.00379757 -0.0145038 -0.0490646 -0.0329117 3.93739e-05 0.00917124 -0.00474302 0.0075212 -0.0146098 -0.015666 -0.00862702 0.0082455 0.0183708 -0.023684 -0.000422226 0.0293693 -0.0594168 -0.0376247 -0.0208468 0.0143129 -0.00447251 0.0105796 0.00896381 -0.00159978 0.0112197
internal_weight=49789.7 46725.3 44655.5 2069.84 32032 12623.5 3330.45 3064.33 1196.85 9293.01 30602.1 6392.55 25948 1620.18 1429.98 1120.59 24831.5 4654.04 2216.3 4592.61 1254.33 1867.48 1132.64 1321.25 3399.71 1327.51 2900.46 23504 916.146 13341.5
internal_count=199416 159630 140702 18928 96195 44507 15227 39786 13614 29280 84633 20011 74527 12653 11562 8516 69521 10106 11333 12822 2176 26172 13170 10687 7930 2666 9269 66855 6972 37998
is_linear=0
shrinkage=0.05


Tree=3
num_leaves=31
num_cat=0
split_feature=7 11 5 11 7 10 10 7 7 5 2 2 7 7 7 7 7 7 7 11 5 5 5 7 10 7 7 8 9 10
split_gain=1581.1 588.379 301.715 177.533 163.811 115.582 93.9587 93.125 84.6764 82.3011 80.1146 79.7608 71.1409 60.2632 79.656 58.2891 53.3277 52.2686 47.9721 45.6868 63.5559 50.3281 44.4169 42.6852 80.1443 61.083 41.6425 40.3176 42.0547 38.6052
threshold=0.72762697935104381 0.99999967217445385 0.23166368901729587 0.93300399184227001 0.78005465865135204 0.83442839980125438 0.86608082056045543 0.91505420207977306 0.93901729583740245 0.11834733933210374 6.5000000000000009 1.0000000180025095e-35 0.9270581603050233 0.97484993934631359 0.97283437848091137 0.71595898270607006 0.99066111445426952 0.98911580443382274 0.99135538935661327 0.92773127555847179 0.040408162400126464 0.10102041065692903 0.29099461436271673 0.92320612072944652 0.92811268568038952 0.9413016438484193 0.88652244210243236 25.989999771118168 56.795686721801765 0.9058152735233308
decision_type=2 2 2 2 2 2 2 2 2 2 2 2 2 2 2 2 2 2 2 2 2 2 2 2 2 2 2 2 2 2
left_child=15 2 4 10 9 8 -6 22 12 -2 -4 -7 -3 14 19 -1 -15 -12 -18 21 26 -8 -5 24 27 29 -21 28 -9 -25
right_child=1 5 3 7 6 11 13 23 -10 -11 17 -13 -14 16 -16 -17 18 -19 -20 20 -22 -23 -24 25 -26 -27 -28 -29 -30 -31
leaf_value=-0.056852637387725072 -0.026561519043295928 0.00025974782115768114 0.0013800662513280227 0.0082751937120077966 -0.0069554014747829325 0.0066623432590867636 -0.0062836686455264787 -0.041280147107812214 -0.042616234656536266 -0.0062100777079701691 0.014512020862854217 -0.032028274745759748 0.074546312127656902 0.01399424941648208 -0.033616597040879319 -0.034308635770997339 -0.078766080282395998 -0.024232822603462295 -1.1881871629302945e-06 0.027527206746460278 0.0017097410675646818 0.001944831920891393 0.018231044517554962 0.0033763239538255698 0.013000590533242623 0.004318390078143019 0.0071745114672238349 -0.040447351554576183 0.058694076737898448 0.027758314786236905
leaf_weight=1086.4873735280707 869.49991497932933 70.083650683052838 11210.623802551301 1490.0077332572546 3897.510272965068 144.92163667455316 3336.0899282419123 19.111649950966239 49.194034846732393 1158.8585973249283 1762.9658109594602 1647.4928991616471 59.666293214075267 1659.1080133782234 169.89800288528204 389.51904409838608 19.859602727461606 91.568122103344649 726.85885795974173 421.51838145661168 4538.0560233442811 4194.9482221079525 4514.9482985013165 234.33455269085243 212.74871816439554 2816.9288886676077 622.44606216112152 178.16200287081301 23.396632211282849 528.48466889793053
leaf_count=16404 9023 486 35398 4521 16751 935 16706 45 421 7537 5131 17690 120 4637 565 4485 114 518 3031 1591 15734 15443 11398 502 472 6677 1685 521 35 1286
internal_value=4.66957e-05 0.00165809 0.00283711 0.00681223 -0.0014081 -0.0250747 -7.34393e-06 0.0118198 0.0132424 -0.0149342 0.00297254 -0.0289 0.0344209 0.00171874 0.000399916 -0.0509033 0.00900017 0.012599 -0.00209601 0.000840647 0.00426868 -0.00170022 0.0157607 0.00592291 -0.00889673 0.0077172 0.0153923 -0.030008 0.0137458 0.0202683
internal_weight=48145.3 46669.3 44697.9 23083.3 21614.7 1971.36 19586.3 10018.1 178.944 2028.36 13065.2 1792.41 129.75 15688.8 13283 1476.01 2405.83 1854.53 746.718 13113.1 5582.02 7531.04 6004.96 4013.17 433.419 3579.75 1043.96 220.67 42.5083 762.819
internal_count=199862 178973 159321 66504 92817 19652 76257 25457 1027 16560 41047 18625 606 59506 51724 20889 7782 5649 3145 51159 19010 32149 15919 9538 1073 8465 3276 601 80 1788
is_linear=0
shrinkage=0.05


Tree=4
num_leaves=31
num_cat=0
split_feature=6 6 11 7 11 6 6 6 7 5 7 11 6 10 7 2 8 6 10 11 4 8 9 11 11 7 11 10 7 7
split_gain=2287.63 712.167 416.764 196.755 177.016 124.086 159.386 122.969 90.0593 89.79 83.3752 80.6711 80.2915 73.9871 66.1142 61.7735 61.4483 57.9785 57.4345 52.126 51.2652 50.2957 48.205 45.7421 45.4403 56.3206 40.8489 40.462 39.1725 38.3366
threshold=1.0561747550964358 0.043975694105029113 0.99999967217445385 0.77275371551513683 0.98521563410758983 0.1373553201556206 0.61779513955116283 149.96476745605472 0.87801218032836925 0.24068965017795566 0.90902984142303478 0.95039907097816478 0.084149304777383818 0.91818761825561535 0.93901729583740245 5.5000000000000009 44.904546737670906 0.026846064254641536 0.8559122383594514 0.94991958141326915 1.0000000180025095e-35 36.210000991821296 74.736911773681655 0.88261324167251598 0.94889217615127575 0.93431425094604503 0.83528897166252147 0.79847291111946117 0.79913553595542919 0.98945176601409923
decision_type=2 2 2 2 2 2 2 2 2 2 2 2 2 2 2 2 2 2 2 2 2 2 2 2 2 2 2 2 2 2
left_child=1 2 8 16 5 11 10 13 9 26 27 23 14 20 -6 -14 -2 22 -8 -15 -5 -20 -10 -3 -12 -26 -1 -7 -13 -21
right_child=3 4 -4 7 12 6 18 -9 17 -11 24 28 15 19 -16 -17 -18 -19 21 29 -22 -23 -24 -25 25 -27 -28 -29 -30 -31
leaf_value=-0.058946956697557951 -0.065108209880537157 -0.0046513449858473013 -0.065409264023184102 -0.077220587674294017 -0.011876038641985305 -0.039859997956816634 -0.061804100021562648 0.027232683494373907 -0.029233307083896473 0.0037461956706427782 0.012491477670825035 0.02308247521666152 0.0044756180114529044 -0.030256473669747447 -0.054235325885933432 -0.019365498129647052 -0.044752248778159448 -0.0078873809492283325 -0.028647594241868787 0.0024314522822167402 -0.037068683630954051 -0.00027045809235654305 -0.011060008086057102 0.0034548062192446948 0.038356230923626042 0.016140083830119414 -0.0094686439817425524 0.0070580006639607458 0.0085270103552104355 -0.072093104638015576
leaf_weight=42.489353737328202 625.3519767683465 2042.3330585134681 330.36443107563537 87.323098054504953 209.54608354787342 46.262202635407448 52.876907589496113 93.385591846657917 876.93602320598438 2179.7924006427638 8228.080613094382 584.35562718985602 770.10208255006 436.03353032958694 164.37656423833687 419.81422989233397 910.5584725899389 1550.4224019392859 214.35970599588472 258.98177699558437 887.01696590380743 574.98772458732128 624.92167117330246 11768.263523511356 389.10088874958456 1069.1635263278149 2288.4394587499555 6863.0098156209569 2211.9888238008134 18.488515402656049
leaf_count=382 11434 8814 5627 2554 2096 431 554 433 4385 6206 19491 1465 5362 4632 1976 3877 15250 5558 1640 1773 10553 3594 2812 35128 698 2193 10658 24772 4818 214
internal_value=9.78079e-05 0.00314976 -0.0104382 -0.0399265 0.0061618 0.00691736 0.00986317 -0.0286188 -0.00803692 -0.00354868 0.01094 0.00382415 -0.0102868 -0.0317089 -0.0304972 -0.00393576 -0.0530403 -0.0146697 -0.0113561 -0.0194758 -0.0406672 -0.00797672 -0.0216714 0.00225606 0.0139332 0.0220679 -0.0103706 0.00674385 0.0115687 -0.0025343
internal_weight=46819.1 43502 7893.37 3317.14 35608.6 34044.8 17437.8 1781.23 7563 4510.72 16595.6 16606.9 1563.84 1687.84 373.923 1189.92 1535.91 3052.28 842.224 713.504 974.34 789.347 1501.86 13810.6 9686.35 1458.26 2330.93 6909.27 2796.34 277.47
internal_count=199380 152537 35628 46843 116909 103598 53373 20159 30001 17246 47585 50225 13311 19726 4072 9239 26684 12755 5788 6619 13107 5234 7197 43942 22382 2891 11040 25203 6283 1987
is_linear=0
shrinkage=0.05


Tree=5
num_leaves=31
num_cat=0
split_feature=6 6 11 7 11 5 6 11 6 1 11 10 2 5 6 7 6 6 7 6 2 10 7 7 9 11 10 5 5 7
split_gain=1879.8 575.444 452.997 192.927 121.439 100.734 80.8465 78.8803 71.5584 64.0271 61.6581 68.5768 61.1606 57.153 54.1273 52.9932 51.3776 43.9665 38.085 37.9386 43.1665 42.6656 39.498 37.8739 49.1749 37.0231 39.3079 37.8698 37.2119 88.539
threshold=1.0000404715538027 0.071718748658895506 0.99999967217445385 0.73683151602745067 0.91385900974273693 0.41101056337356573 0.024149306118488315 0.98521563410758983 0.65008100867271434 43.002254486083991 0.9494084119796754 0.89255914092063915 4.5000000000000009 0.19782608747482303 67.891132354736342 0.96940788626670849 0.036822916939854629 0.049577547237277038 0.98927259445190441 4.7103183269500741 11.500000000000002 0.83271554112434398 0.74829792976379406 0.81604409217834484 64.112377166748061 0.88261324167251598 0.89878383278846752 0.28165064752101904 0.15954545140266421 0.88652244210243236
decision_type=2 2 2 2 2 2 2 2 2 2 2 2 2 2 2 2 2 2 2 2 2 2 2 2 2 2 2 2 2 2
left_child=1 2 4 14 9 7 23 8 25 16 19 -12 13 -9 -2 -8 -1 -4 -10 20 -5 22 -21 -6 -25 26 28 -28 29 -3
right_child=3 5 17 10 6 -7 15 12 18 -11 11 -13 -14 -15 -16 -17 -18 -19 -20 21 -22 -23 -24 24 -26 -27 27 -29 -30 -31
leaf_value=-0.020475082912411697 -0.034493616335940697 -0.030069333710646101 -0.062840440522481153 -0.023223436094436833 -0.00055410210553754528 0.013384203868272299 0.0039973103101522117 -0.020175038423606909 -0.0080294123111179505 -0.0014538867555665106 -0.050746413943502135 -0.0079349358349493394 -0.022354022848955574 0.014427341710988847 -0.061245834316147975 -0.013706529375860014 -0.0083937562636760277 -0.032060722600728064 -0.051878409549321894 -0.099607112571893724 -0.057716777310440698 -0.048055770934229705 0.020159017782575745 -0.029295444572420538 -0.0076883734999434383 0.0070092071644486317 -0.014398642979574248 -0.090838233086483283 0.0064552370298898683 0.0043925355129929662
leaf_weight=1593.0859594249632 246.57934646657668 272.6054383686278 332.08728523377795 724.66288617422106 827.16836342378519 4592.9697273306083 5561.4317777454853 179.91138837579638 431.64521529246122 1489.1576216595713 114.26485698495526 515.71993306628428 442.68297758174594 354.42277393816039 810.77900206740014 457.46259666793048 1966.0011643117759 178.31844344362617 55.93645027000457 8.2531021563336235 103.67863335227594 550.53277829638682 41.501236544921994 381.68324633943848 849.17144157015719 20233.294682076084 75.775117311626673 20.610128240659833 1547.8948846671265 589.23737593367696
leaf_count=8980 3253 2820 6312 9067 2625 11963 16363 1677 3226 5797 1233 4346 4363 2294 17337 1523 8657 2247 597 45 1107 10913 272 1859 3508 58442 361 101 5806 2431
internal_value=-0.000163662 0.00258889 -0.00587283 -0.0376473 -0.00407567 0.00659558 -0.000273386 0.00530736 0.00589278 -0.0101591 -0.0287308 -0.0157 -0.00860997 0.00277665 -0.0550071 0.00265174 -0.0138015 -0.0520871 -0.0130599 -0.034477 -0.0275408 -0.0440485 0.000292567 -0.00882821 -0.0143886 0.00629916 0.000566598 -0.0307438 0.00181896 -0.00650794
internal_weight=45548.5 42432.6 13635.6 3115.97 13125.2 28797 8076.92 24204 23227 5048.24 2058.61 629.985 977.017 534.334 1057.36 6018.89 3559.09 510.406 487.582 1428.63 828.342 600.287 49.7543 2058.02 1230.85 22739.4 2506.12 96.3852 2409.74 861.843
internal_count=199525 151952 57871 47573 49312 94081 25878 82118 73784 23434 26983 5579 8334 3971 20590 17886 17637 8559 3823 21404 10174 11230 317 7992 5367 69961 11519 462 11057 5251
is_linear=0
shrinkage=0.05


Tree=6
num_leaves=31
num_cat=0
split_feature=6 6 11 6 7 6 7 11 10 7 5 10 2 5 7 7 3 11 5 6 11 6 10 11 10 2 7 9 5 7
split_gain=1482.6 409.686 338.378 178.084 114.419 102.479 94.2458 93.1519 85.4527 71.458 69.5569 78.8255 58.7704 52.9555 77.5233 52.197 56.8615 48.9505 50.5637 68.3419 48.3675 41.3437 40.7222 38.7803 40.6631 44.8295 38.6484 52.758 39.1354 38.6146
threshold=1.9024769067764284 0.053431713953614242 0.99999967217445385 0.68967592716217052 0.73683151602745067 0.098072916269302382 0.85315325856208812 0.99999967217445385 0.89255914092063915 0.93901729583740245 0.18090909719467166 0.88114410638809215 6.5000000000000009 0.19782608747482303 0.96940788626670849 0.88887396454811107 23.500000000000004 0.93986612558364879 0.050641026347875602 361.61457824707037 0.86428427696228038 67.891132354736342 0.80659085512161266 0.98521563410758983 0.82669439911842357 4.5000000000000009 0.88020694255828869 88.268753051757827 0.10582306981086732 0.93901729583740245
decision_type=2 2 2 2 2 2 2 2 2 2 2 2 2 2 2 2 2 2 2 2 2 2 2 2 2 2 2 2 2 2
left_child=1 2 6 5 21 7 10 13 26 -9 -1 20 -5 -3 22 -10 -17 -6 19 -19 -12 -2 -15 -7 29 -26 27 -8 -28 -25
right_child=4 3 -4 12 17 23 8 9 15 -11 11 -13 -14 14 -16 16 -18 18 -20 -21 -22 -23 -24 24 25 -27 28 -29 -30 -31
leaf_value=-0.0087880346149669438 -0.033851973507864917 -0.0030984645845837846 -0.05659623587707973 -0.0069694677135631504 -0.038155338923693646 0.0076500255323085535 -0.044181450183393894 -0.0044946540742191827 0.0077554649085479141 -0.05058100421223536 -0.0097085906235857885 -0.0016994224311212191 -0.031366487324058445 0.036538803548395248 -0.014367630249876241 -0.012235686934102829 0.0099363985841982982 0.024573213459304404 -0.027697463498327329 -0.05788299514850203 0.020366145168702065 -0.058198977365602644 0.0060979190391509336 0.047054554174333019 0.0041106579487614082 -0.018869324626273828 -0.029802615361363388 0.010642304262570082 -0.01083874263722337 -0.029345575961135073
leaf_weight=1485.4115308367182 227.61562234407756 3258.117916807998 333.92519831855316 791.17066785151837 725.24280093080597 22014.163736048038 258.85921271401457 192.23273952188902 633.657133087283 149.53939131787047 158.26787496637553 1804.7532930378802 358.78715690644458 112.38734462112188 474.3651127978228 1766.5838867982384 345.76052007544786 115.67572531686164 388.85966568242293 32.103388846619055 860.77121666492894 745.30458584788721 4893.7092855136143 70.005836814176291 481.14394869701937 379.72130894218571 360.74831857066602 52.83999989554286 1106.5379242775962 21.65465224487707
leaf_count=8754 3121 13256 6747 8064 13538 65030 1428 1962 2219 1958 676 5724 3623 297 1504 7535 1071 684 4353 721 2420 17444 12558 178 3518 3911 2187 214 4711 168
internal_value=7.33667e-05 0.00216715 -0.00718909 0.00475108 -0.0396184 0.0054448 -0.00532154 0.000948136 -0.0103613 -0.0246593 -2.94376e-05 0.00457788 -0.0145813 0.00194966 0.00495076 -0.00483082 -0.00860643 -0.0296843 -0.018236 0.00666051 0.0156952 -0.052503 0.00678132 0.00722265 -0.00265467 -0.00602564 -0.0188979 -0.0348876 -0.0155012 0.0290051
internal_weight=44599.9 42365.1 9168.12 33197 2234.8 32047 8834.19 9080.35 4524.99 341.772 4309.2 2823.79 1149.96 8738.58 5480.46 2746 2112.34 1261.88 536.639 147.779 1019.04 972.92 5006.1 22966.7 952.526 860.865 1778.99 311.699 1467.29 91.6605
internal_count=199574 159713 43686 116027 39861 104340 36939 31535 19365 3920 17574 8820 11687 27615 14359 10825 8606 19296 5758 1405 3096 20565 12855 72805 7775 7429 8540 1642 6898 346
is_linear=0
shrinkage=0.05


Tree=7
num_leaves=31
num_cat=0
split_feature=6 6 11 11 6 7 6 6 7 11 2 10 10 10 7 5 7 10 1 11 11 5 3 5 7 7 5 7 7 7
split_gain=1268.3 357.062 193.924 176.779 118.145 104.763 84.0186 81.803 73.8643 73.478 65.1998 64.2355 58.5836 57.9546 56.1385 54.1584 61.3893 53.8795 50.406 49.5706 48.2297 54.3381 45.6522 45.4103 43.86 43.7003 41.6932 41.2639 43.2634 133.217
threshold=1.9024769067764284 0.034971063956618316 0.99999967217445385 0.99999967217445385 0.68967592716217052 0.73497268557548534 0.098072916269302382 0.12727430462837222 0.81604409217834484 0.93007317185401928 8.5000000000000018 0.86457544565200817 0.85957825183868419 0.9488622546195985 0.88652244210243236 0.11952380836009981 0.76251903176307689 0.84609219431877147 46.135446548461921 0.95085230469703685 0.90953966975212108 0.4629120826721192 8.5000000000000018 0.44562648236751562 0.94179430603981029 0.80350261926651012 0.091966174542903914 0.98212847113609325 0.96580219268798839 0.96564543247222911
decision_type=2 2 2 2 2 2 2 2 2 2 2 2 2 2 2 2 2 2 2 2 2 2 2 2 2 2 2 2 2 2
left_child=1 2 8 4 6 -2 13 11 9 26 -9 -5 -6 15 -13 16 -3 -18 23 -14 27 -22 -21 -10 -15 -17 -1 28 29 -8
right_child=5 3 -4 7 12 -7 20 10 18 -11 -12 14 19 24 -16 25 17 -19 -20 22 21 -23 -24 -25 -26 -27 -28 -29 -30 -31
leaf_value=-0.032437120801679084 -0.050690338857805106 -0.048042656260124425 -0.057537205035250075 0.00086375392493167214 -0.047243661800969894 -0.028098179388308588 0.0024318469400100313 0.0036026755675141516 -0.016561717616858079 0.010423254873316593 -0.034193403234264043 -0.008692954748300008 -0.016044982198527978 0.024926007004611041 -0.048408244310222004 0.0096838515127990465 -0.025554230196743674 -0.0015803734483294291 0.009058417771762927 0.03142825802692184 0.0074580840536190842 0.017797007935324984 -0.0093893806259624304 0.0043394537447288585 -0.0053319528935103794 0.00088071202613612546 -0.0049421338937548354 0.013725413839808015 -0.0089956142498657157 0.057695708635075352
leaf_weight=164.73482104105642 903.34763063088758 83.47086235252209 206.83932214166271 146.10971375694498 107.70688816648908 1187.9173408788629 5269.4104483881965 636.39948220085353 2687.4256097802427 865.89352596411481 139.02880857768469 123.25102999282535 621.51919325743802 440.70241728983819 319.98555064306129 1748.1688549760729 265.37728233728558 2005.3019136445364 244.89915328961797 127.09929119166918 13656.395187443879 1401.2466666176915 148.58517958689481 287.68662895797752 164.45785896293819 7282.9440407149959 845.75728939147666 850.43011918757111 784.14457208104432 111.35188820771873
leaf_count=1509 20418 1051 4430 1300 1622 19564 21292 5124 13566 2561 1620 1603 7249 1089 4817 6487 1707 8539 812 713 36808 2895 1264 1101 467 21808 3770 1965 1992 226
internal_value=0.000140759 0.0020447 -0.010077 0.00380915 0.00449623 -0.0378571 0.0049947 -0.0138457 -0.00815076 -0.000265372 -0.00317389 -0.0278871 -0.0124005 0.0016255 -0.0373646 0.000824081 -0.00593029 -0.00438223 -0.0127458 -0.00821762 0.00682491 0.00842021 0.00942885 -0.0145406 0.0167031 0.00258475 -0.00942449 0.00340077 0.00197652 0.0035755
internal_weight=43827.6 41736.3 5303.24 36433.1 35068.3 2091.26 34063.4 1364.77 5096.4 1876.39 775.428 589.346 1004.91 11990.4 443.237 11385.3 2354.15 2270.68 3220.01 897.204 22073 15057.6 275.684 2975.11 605.16 9031.11 1010.49 7015.34 6164.91 5380.76
internal_count=199369 159387 27749 131638 117174 39982 106326 14464 23319 7840 6744 7720 10848 41148 6420 39592 11297 10246 15479 9226 65178 39703 1977 14667 1556 28295 5279 25475 23510 21518
is_linear=0
shrinkage=0.05


Tree=8
num_leaves=31
num_cat=0
split_feature=7 11 5 7 11 2 2 11 10 11 10 10 5 7 9 7 11 10 10 7 11 3 7 7 8 8 7 7 5 10
split_gain=647.458 239.451 111.53 105.847 74.556 60.1464 50.5101 49.6394 50.5584 47.6378 46.7692 44.8883 45.4745 44.6845 42.1349 41.8373 41.5106 39.129 38.3431 35.0444 35.8049 32.4479 32.2242 43.6472 31.6445 31.6239 31.3763 30.9029 30.3051 30.4528
threshold=0.72169220447540294 0.99999967217445385 0.31762748956680303 0.75877901911735546 0.84900286793708812 1.0000000180025095e-35 4.5000000000000009 0.9289323389530183 0.89006376266479503 0.94718936085701 0.84857487678527843 0.83772408962249767 0.4629120826721192 0.98091912269592296 54.084218978881843 0.73763772845268261 0.84612819552421581 0.84068387746810924 0.82669439911842357 0.99690940976142894 0.95303973555564891 36.500000000000007 0.93901729583740245 0.92262384295463573 111.81892013549806 92.329998016357436 0.74829792976379406 0.98694348335266124 0.21807064861059192 0.95855194330215465
decision_type=2 2 2 2 2 2 2 2 2 2 2 2 2 2 2 2 2 2 2 2 2 2 2 2 2 2 2 2 2 2
left_child=-1 2 3 7 14 -3 -6 25 -9 10 16 -11 27 18 -5 -12 17 -4 22 20 28 24 23 -7 -10 26 -2 -13 -8 -30
right_child=1 5 9 4 6 13 19 8 21 11 15 12 -14 -15 -16 -17 -18 -19 -20 -21 -22 -23 -24 -25 -26 -27 -28 -29 29 -31
leaf_value=-0.043426248155615146 -0.019120781548138874 0.010931491800796948 0.0035423621327761272 0.0096482069535664683 -0.00053725085141145172 -0.017893145699336456 0.0037089049849048658 0.015979763119141142 -0.02361436294971447 -0.02909987101621906 -0.026929117193465586 0.0085563176254411354 0.01945738673667784 -0.041607760643943496 -0.02163144521033223 0.0027060278830182681 0.020825607947886765 -0.063327683390285078 -0.020391225194980208 -0.030554062764173023 -0.0043801744957415855 0.025148476142016166 -0.060631883209104544 0.050936794974873689 0.016228064556733843 -0.0012897920525229767 -0.043385303850351387 -0.015128500634574752 0.010377757355400218 0.06126501317671617
leaf_weight=841.87263640481979 355.01289652427658 159.30972244543955 250.83620671718381 133.04796483553946 17587.881818571128 40.407198589295149 4259.419400945073 214.37620291113853 353.21644704035134 72.119256226345897 120.73809104412794 2581.6548184915446 1069.5931256392505 230.7082406032132 564.23013814096339 8745.3180891266093 662.36959184939042 23.966632156167179 1087.6553051542724 70.971303391968831 934.48128179297782 48.752190109109506 13.742287742439656 53.565456919372082 58.023146758670919 134.80421538185328 213.26150897191837 145.48144684405997 2007.9134330993984 29.837025718996301
leaf_count=18255 4365 1012 1091 647 74123 350 17953 922 3070 267 1344 6471 2536 3169 3927 27399 2040 149 14830 546 3292 230 178 124 371 1470 2595 529 6043 69
internal_value=-8.69122e-06 0.000857006 0.00160073 -0.000264447 0.000462377 -0.0182064 0.000914109 -0.0137661 -0.00407441 0.00527938 0.00342528 0.00997748 0.0107198 -0.0214614 -0.015663 0.00230246 0.0140476 -0.00228964 -0.0175731 0.00440961 0.00475275 -0.0134205 0.0108826 0.0213407 -0.0179929 -0.023062 -0.0282267 0.00729283 0.00610804 0.0111229
internal_weight=43064.6 42222.7 40637.3 26965.2 25587.8 1585.39 24890.5 1377.45 674.368 13672.1 9803.23 3868.85 3796.73 1426.08 697.278 8866.06 937.172 274.803 1195.37 7302.62 7231.65 459.992 107.715 93.9727 411.24 703.079 568.274 2727.14 6297.17 2037.75
internal_count=199367 181112 161449 119623 106600 19663 102026 13023 4593 41826 32023 9803 9536 18651 4574 28743 3280 1240 15482 27903 27357 3671 652 474 3441 8430 6960 7000 24065 6112
is_linear=0
shrinkage=0.05


Tree=9
num_leaves=31
num_cat=0
split_feature=6 6 11 7 6 5 6 7 10 7 7 5 11 7 10 10 5 7 6 10 7 6 7 9 11 10 11 6 6 7
split_gain=1094.84 333.6 282.132 93.0875 88.7669 72.63 66.5666 63.3022 58.9332 57.0972 211.708 53.274 50.659 57.349 50.7094 50.5782 58.2832 48.6763 51.1538 45.3601 43.4817 42.8063 41.0662 39.6732 39.5148 39.0279 38.4639 71.0183 51.4013 38.2414
threshold=1.2968403100967409 0.065364584326744093 0.99999967217445385 0.73683151602745067 0.61779513955116283 0.16064515709877017 0.1710474565625191 0.84244826436042797 0.79314282536506664 0.85467615723609935 0.85570633411407482 0.10471491143107416 0.99999967217445385 0.98091912269592296 0.95855194330215465 0.93262898921966564 0.035098522901535041 0.97077399492263805 0.013547453563660385 0.9168621599674226 0.79606735706329357 0.40906828641891485 0.8508017659187318 69.602081298828139 0.92949241399765026 0.87116998434066784 0.95616528391838085 53.093374252319343 361.61457824707037 0.90902984142303478
decision_type=2 2 2 2 2 2 2 2 2 2 2 2 2 2 2 2 2 2 2 2 2 2 2 2 2 2 2 2 2 2
left_child=1 2 5 -2 6 8 12 20 -1 22 11 -11 14 -14 -3 16 -12 18 -7 -10 -8 29 -9 -17 -20 -24 -5 -28 -29 -18
right_child=3 4 -4 26 -6 17 7 9 19 10 15 -13 13 -15 -16 23 21 -19 24 -21 -22 -23 25 -25 -26 -27 27 28 -30 -31
leaf_value=-0.065271294902296328 -0.046768462812493465 0.0032344830086415048 -0.048186217983103991 -0.030337047573836391 -0.010197914022276704 -0.010797470335065189 0.0079680112493042323 0.016025446966445586 -0.013052983238823122 -0.017263466173881675 0.022271725158844666 -0.085943013057327294 -0.0054792148371234344 -0.052629968213192491 0.029204970571984807 0.010857222730283384 -0.0034442069479673752 -0.018714491841561345 -0.0021525472576305587 -0.0011063305012672228 -0.0054246412709586913 0.013050185060546664 0.0026387422695313949 0.025157975756918822 0.0060377127821720179 0.058339887008571616 -0.024437559601295206 0.041846771882445753 -0.075949231850085425 0.0064720965981065557
leaf_weight=47.085877482313663 833.08365684835007 14132.652935378021 371.54727667325642 1128.8219068894978 952.78683034598362 952.27918360172771 1103.8012864141492 397.08353264420293 2320.0573905240744 47.424189046956599 631.18483222671784 69.785153929609805 458.27789284859318 75.05068421503529 190.49476123321801 1231.3303001534659 1243.663782966556 367.7425169441849 3139.5089322028216 1208.3888306429144 1343.9959078651154 1856.3835047432221 41.201353663578629 800.1088380634319 2773.7832656635437 132.83907568920404 259.35116580163594 76.925612771417946 10.528392673004417 4454.8412298061885
leaf_count=608 20683 43957 7969 20492 8626 3885 6513 1395 14330 223 1962 258 4697 1083 415 3102 4627 1789 11907 4956 5446 5307 175 2065 7609 258 2802 322 278 11790
internal_value=8.06636e-05 0.00199701 -0.00534617 -0.0334064 0.00481222 -0.00387357 0.00531918 0.00788103 -0.00970314 0.00951197 0.0086615 -0.0581545 0.00301648 -0.0121143 0.00357988 0.00942797 0.00767553 -0.000991932 -4.26535e-05 -0.00896161 0.000614596 0.00645607 0.0249017 0.0164898 0.00168931 0.0451535 -0.0258626 -0.0112987 0.0276656 0.00430792
internal_weight=42652 40343.3 11180.4 2308.71 29162.9 10808.8 28210.1 13353.6 3575.53 10905.8 10334.7 117.209 14856.5 533.329 14323.1 10217.5 8186.07 7233.31 6865.57 3528.45 2447.8 7554.89 571.124 2031.44 5913.29 174.04 1475.63 346.805 87.454 5698.51
internal_count=199529 154952 53053 44577 101899 45084 93273 43121 19894 31162 29334 481 50152 5780 44372 28853 23686 25190 23401 19286 11959 21724 1828 5167 19516 433 23894 3402 600 16417
is_linear=0
shrinkage=0.05


Tree=10
num_leaves=31
num_cat=0
split_feature=6 6 11 6 6 6 11 11 5 6 5 2 5 10 5 11 10 6 2 11 11 2 8 5 8 3 3 11 11 2
split_gain=1004.68 319.381 223.4 126.466 85.5707 63.0035 60.0092 57.2383 50.4516 64.6044 48.7396 45.8381 44.788 42.641 38.2206 38.1367 35.5695 34.0942 30.715 28.5346 30.3468 30.5694 28.4535 27.6079 27.1027 26.2979 25.342 25.6908 27.1298 28.6197
threshold=1.9024769067764284 0.052413193508982665 0.99999967217445385 0.65008100867271434 0.1373553201556206 0.024149306118488315 0.99999967217445385 0.94220200181007396 0.042109929025173194 303.95538330078131 0.13921189308166507 6.5000000000000009 0.40212766826152807 0.8755241632461549 0.21975609660148623 0.93532505631446849 0.85957825183868419 29.725462913513187 1.5000000000000002 0.92773127555847179 0.98521563410758983 8.5000000000000018 59.382308959960945 0.11834733933210374 60.250000000000007 25.500000000000004 1.0000000180025095e-35 0.92861780524253856 0.94362914562225353 20.500000000000004
decision_type=2 2 2 2 2 2 2 2 2 2 2 2 2 2 2 2 2 2 2 2 2 2 2 2 2 2 2 2 2 2
left_child=1 2 5 4 6 11 14 17 9 -9 22 -1 19 18 -3 -7 -12 -2 -8 -6 26 -22 -5 24 -24 -18 -21 -28 29 -29
right_child=7 3 -4 10 12 15 13 8 -10 -11 16 -13 -14 -15 -16 -17 25 -19 -20 20 21 -23 23 -25 -26 -27 27 28 -30 -31
leaf_value=-0.012914878993661864 -0.032344869626787398 -0.00094388836084433557 -0.052141081899911429 -0.048204932846592427 0.0036228203380078089 -0.0055155845321839155 0.041613973300121204 0.017865264530370899 -0.032234259053226431 -0.051725522205689094 -0.038266603426256401 0.014205865174011446 0.012738450311533055 -0.026526627933112848 0.0044174287610826164 0.0035683260426968462 0.00014326735339754919 -0.049428463206523193 -0.0079539519870191911 -0.00039380167644534971 0.0020785298774215143 -0.030591607966195929 0.093601013577715636 -0.078064329682775435 -0.010605351557982461 -0.023149535061699561 0.025872856534376012 0.0050721085029799317 0.013160976912326311 0.048707143158172206
leaf_weight=2843.2416133445222 495.0062520657666 5723.9861870647874 267.58129420760088 132.46415630634874 7497.4092309338739 3249.350320814061 42.365860819118097 124.98310440557543 496.05826568501652 45.488155249797273 84.106037575053051 164.83058729744516 2709.4179652715102 316.38616963219829 7929.2457320839167 1792.9621155640343 663.86117199517321 712.32569969672477 119.14437193726189 617.82413636613637 387.23369441484101 87.845022968016565 6.764289445243775 14.042551634833215 80.459617738844827 148.2334474803647 252.53606905136257 2393.9805217601825 2518.3873207350262 38.177321400493383
leaf_count=14695 8638 23288 6569 2014 26655 15307 214 978 8630 1347 1407 592 7249 4558 21072 5638 6310 20269 1182 1779 3452 1117 19 224 966 1572 576 6598 6567 54
internal_value=-0.000146934 0.00152601 -0.00719584 0.00380999 0.00441591 -0.00570193 0.00156016 -0.0359313 -0.0241701 -0.000704179 -0.0126173 -0.0114288 0.00686126 -0.0158556 0.00216975 -0.0022855 -0.00731407 -0.0424242 0.00504824 0.00570681 0.00818848 -0.00396238 -0.0329516 -0.0129992 -0.00252406 -0.00410842 0.00918019 0.010317 0.00952349 0.00575704
internal_weight=41955.7 40081.8 8317.97 31763.9 30633.9 8050.38 14131.1 1873.86 666.53 170.471 1129.93 3008.07 16502.8 477.896 13653.2 5042.31 896.201 1207.33 161.51 13793.4 6295.98 475.079 233.731 101.266 87.2239 812.095 5820.91 5203.08 4950.55 2432.16
internal_count=199536 159674 42801 116873 104361 36232 50314 39862 10955 2325 12512 15287 54047 5954 44360 20945 9289 28907 1396 46798 20143 4569 3223 1209 985 7882 15574 13795 13219 6652
is_linear=0
shrinkage=0.05


Tree=11
num_leaves=31
num_cat=0
split_feature=6 6 11 6 10 7 5 7 6 7 7 10 5 7 7 7 6 5 6 6 11 7 11 11 10 6 1 6 7 0
split_gain=854.056 304.969 225.572 125.076 75.1836 72.3415 66.2581 63.081 60.7039 57.6137 68.661 71.0595 64.1387 45.2684 52.1826 63.0671 47.1334 43.8584 40.1903 39.0013 38.1143 37.2413 37.0046 54.8012 62.5472 44.1831 36.6796 36.3122 35.3282 34.5096
threshold=1.9024769067764284 0.065364584326744093 0.99999967217445385 0.56274306774139415 0.85501202940940868 0.93901729583740245 0.24417344480752948 0.73683151602745067 0.018836805596947673 0.89919823408126842 0.89422646164894115 0.89340302348136913 0.059411764144897468 0.91312816739082348 0.91581562161445629 0.91628593206405651 0.069519676268100752 0.12060606107115747 0.034045139327645309 0.012656250037252905 0.92240029573440563 0.91053032875061046 0.94718936085701 0.96936267614364635 0.857752025127411 0.099473379552364363 42.011230468750007 0.074936341494321837 0.88020694255828869 13.500000000000002
decision_type=2 2 2 2 2 2 2 2 2 2 2 2 2 2 2 2 2 2 2 2 2 2 2 2 2 2 2 2 2 2
left_child=1 2 5 6 -5 8 9 -2 20 10 11 -3 -13 21 16 -16 -15 -10 19 -7 -1 -11 -8 25 -25 -24 -12 -26 -29 -18
right_child=7 3 -4 4 -6 18 22 -9 17 13 26 12 -14 14 15 -17 29 -19 -20 -21 -22 -23 23 24 27 -27 -28 28 -30 -31
leaf_value=-0.018058995030817405 -0.044702100147194376 -0.0071150732019112832 -0.046188877751453736 -0.050354200552297279 -0.0064879981923122165 -0.0061062207313561804 0.0058147688882507417 -0.025735593622132149 -0.0077113092398371861 0.0088127971046628381 -0.010526708772872534 0.021153857152694935 0.0014362453016462705 0.075907175367586621 0.046506327134611385 0.0037745164992756802 0.070512907539478739 0.0021030436779537567 -0.0075342649789575666 -0.030422068449292752 -0.0035450577015332056 0.029171210002299153 0.0039920692685862982 0.030146931917170851 -0.040021369203833215 0.019649293398928153 -0.045946202165699244 0.013241664988047588 -0.0053536465109372058 -0.034059400113982889
leaf_weight=861.80778665293474 756.92003786910209 2093.5502442877041 333.29890643089311 104.41308490210213 1514.6438097713981 249.06737538985908 9561.4886015809607 1041.7590493084863 1468.2414770767791 831.2543552905554 182.70665307389572 508.9230119449785 2175.2790607248899 11.39434392377734 87.37955147610046 7297.2232630533399 8.2847775593399984 5066.1043415335007 1272.8159182411619 488.03416554629803 952.00809291214682 307.81789284944534 588.2425273694098 190.12453913036734 56.094697397202253 1925.2649342091754 121.83499336102977 394.54143113852479 724.35568682022858 165.33626210223883
leaf_count=5465 20561 12688 7975 1654 13143 1335 26130 19395 9296 2725 775 2390 10212 18 230 22626 14 17731 4618 2803 3811 779 1230 760 486 3850 548 1563 4101 671
internal_value=-2.12088e-05 0.00151156 -0.00570164 0.00418465 -0.00931693 -0.00439886 0.0049874 -0.0337171 -0.00234856 0.00255262 -0.00167779 -0.000210527 0.00517469 0.00502144 0.00362304 0.00428015 -0.0226044 -0.000102202 -0.0129148 -0.0222057 -0.0104411 0.0143144 0.00748575 0.011605 0.00354045 0.015985 -0.0246966 -0.000764725 0.00120336 -0.0290695
internal_weight=41340.2 39541.5 10691.4 28850.2 1619.06 10358.1 27231.1 1798.68 8348.16 13791 5082.29 4777.75 2684.2 8708.69 7569.62 7384.6 185.015 6534.35 2009.92 737.102 1813.82 1139.07 13440.1 3878.62 1365.12 2513.51 304.542 1174.99 1118.9 173.621
internal_count=199583 159627 53034 106593 14797 45059 91796 39956 36303 53676 26613 25290 12602 27063 23559 22856 703 27027 8756 4138 9276 3504 38120 11990 6910 5080 1323 6150 5664 685
is_linear=0
shrinkage=0.05


Tree=12
num_leaves=31
num_cat=0
split_feature=6 6 11 6 7 6 7 7 5 11 11 7 5 5 6 2 5 7 7 7 5 10 11 11 2 11 8 6 5 10
split_gain=805.28 270.053 184.935 97.0854 79.9687 77.6469 78.1059 74.2492 104.836 59.7803 59.5742 56.5013 54.6278 51.5601 46.8517 45.2622 44.5497 36.614 36.2248 55.7451 51.5743 40.8149 46.9653 39.2346 36.1062 34.208 36.3508 42.3642 33.5428 42.125
threshold=1.0000404715538027 0.053431713953614242 0.99999967217445385 4.7103183269500741 0.85315325856208812 0.13119792193174365 0.81279674172401439 0.80943742394447338 0.043961353600025184 0.95616528391838085 0.99999967217445385 0.94273492693901073 0.042109929025173194 0.25265957415103918 0.025989582762122158 9.5000000000000018 0.46076923608779913 0.98996686935424816 0.80386096239089977 0.80005374550819408 0.11952380836009981 0.87955108284950267 0.9289323389530183 0.9721476435661317 3.5000000000000004 0.84900286793708812 74.189998626708999 0.099473379552364363 0.10471491143107416 0.79314282536506664
decision_type=2 2 2 2 2 2 2 2 2 2 2 2 2 2 2 2 2 2 2 2 2 2 2 2 2 2 2 2 2 2
left_child=1 2 4 15 13 10 7 18 -9 -5 25 -12 -11 -1 24 -2 -8 -16 19 -7 -20 22 -21 -22 -6 26 -3 -28 29 -27
right_child=3 5 -4 9 14 6 16 8 -10 12 11 -13 -14 -15 17 -17 -18 -19 20 21 23 -23 -24 -25 -26 28 27 -29 -30 -31
leaf_value=-0.0056614567744066218 -0.011577880042094131 -0.0037288962905695743 -0.048390760591649762 -0.042433889487753514 -0.020756963418314574 0.00085458798761457299 0.0065369239264450752 0.021912114928212097 -0.062948574068928745 0.016224013719045995 -0.0028389367882916084 -0.04004777219460226 -0.033090030480011537 0.0058458875221695577 -0.0051384506843974867 -0.039274848173064057 0.016246805739091062 -0.042100846285159192 -0.067331316189203086 -0.038101149058073325 0.031209722526451596 -0.035363668268831354 0.072329768361825628 -0.056317695136599011 0.0024146898466387203 -0.079392851456829838 -0.061327795165593071 0.0055367671846443013 0.0032868469959001626 -0.0027934535496465761
leaf_weight=1964.1436741328798 793.55659314256627 278.76342460745946 254.20459099466098 1096.3040162756224 1185.7272748398827 1788.6439312126022 13569.318382330704 54.467614310793579 109.68395572016016 88.821834646572825 259.94669523544144 167.93808093899861 152.70999524986837 1929.8705579314847 2565.9427589063998 181.18533873930573 1293.9365804372355 68.795051641995087 16.088192170020193 17.963754410855472 197.56784358876757 185.25043892650865 20.748523341491818 13.690461341291664 195.88930156850256 18.088782465783879 68.682109527522698 36.161386914551258 9749.2797658601776 2314.9252332388423
leaf_count=11265 11581 1407 6743 29905 7423 10360 44214 206 611 797 2958 2663 2872 6249 10518 2440 3379 383 226 157 729 1029 46 109 957 145 515 186 29054 10155
internal_value=-7.50704e-05 0.00165387 -0.00641303 -0.0287282 -0.00506405 0.00383756 0.00602979 -0.00233162 -0.0347907 -0.0374729 0.000901731 -0.0174428 -0.0149551 4.15745e-05 -0.0100142 -0.0167262 0.00738223 -0.00610357 4.70983e-05 -0.00208997 0.0189657 -0.0256062 0.0210862 0.0255376 -0.0174716 0.0015314 -0.0131681 -0.0382657 0.0019981 -0.00338736
internal_weight=40638.3 38325.7 8164.57 2312.58 7910.37 30161.1 17267.4 2404.1 164.152 1337.84 12893.8 427.885 241.532 3894.01 4016.35 974.742 14863.3 2634.74 2239.95 2012.61 227.346 223.963 38.7123 211.258 1381.62 12465.9 383.607 104.843 12082.3 2333.01
internal_count=199282 151687 43538 47595 36795 108149 61066 13473 817 33574 47083 5621 3669 17514 19281 14021 47593 10901 12656 11592 1064 1232 203 838 8380 41462 2108 701 39354 10300
is_linear=0
shrinkage=0.05


Tree=13
num_leaves=31
num_cat=0
split_feature=6 6 11 7 5 11 10 7 7 5 7 10 6 6 8 2 8 6 11 7 5 10 6 6 10 9 9 5 6 11
split_gain=739.481 248.597 188.606 86.7105 68.1668 60.9105 57.639 48.0643 54.5 47.335 51.4433 63.297 39.7658 39.1725 38.1317 37.6111 37.5541 36.2921 35.8919 35.8146 31.8229 30.4874 29.5711 31.0275 34.9146 30.1002 32.8766 27.8627 27.1517 26.9053
threshold=1.0000404715538027 0.076024305075407042 0.99999967217445385 0.77275371551513683 0.43826219439506536 0.90322980284690868 0.9178658425807954 0.96940788626670849 0.96745947003364574 0.18274582922458651 0.80350261926651012 0.88162070512771618 0.043975694105029113 0.023246527649462227 25.630000114440922 2.5000000000000004 35.429998397827156 149.96476745605472 0.9402347505092622 0.8485398292541505 0.056349206715822227 0.90657600760459911 0.13119792193174365 0.56274306774139415 0.85501202940940868 72.340667724609389 82.84775543212892 0.13423423469066623 3.8102546930313115 0.9824512004852296
decision_type=2 2 2 2 2 2 2 2 2 2 2 2 2 2 2 2 2 2 2 2 2 2 2 2 2 2 2 2 2 2
left_child=1 2 5 16 22 -1 -5 8 9 12 11 -11 20 -12 -13 -15 -2 28 -6 -4 -7 -10 -3 -24 -25 -26 27 -27 -8 -20
right_child=3 4 19 6 18 7 17 -9 21 10 13 14 -14 15 -16 -17 -18 -19 29 -21 -22 -23 23 24 25 26 -28 -29 -30 -31
leaf_value=-0.0086713164838024635 -0.055629997885205909 0.0010231965153986915 -0.0078498699093638557 -0.02913607861479911 0.0069436587044707926 0.0014410604300215879 -0.0053822280063818536 -0.014190133665838003 -0.010651479045877139 0.025342718989201252 -0.01143297343451794 -0.019537447676690828 0.00080183499367732507 0.0051686851064972842 0.0073296314865445482 -0.0072832372229624763 -0.033195871077453594 0.028702574334510331 0.020568587494733365 -0.046795747893912054 -0.015782805004040914 0.072661325689620929 0.0054652999532448371 -0.05652231820075964 -0.0095582146812911439 -0.014678988486908183 -0.011706415943683879 0.031890970534353878 -0.03135695310407479 0.0015767634450014629
leaf_weight=3329.0140779470676 252.08041667105863 7344.6809130422771 73.615694661159068 676.92899906646926 1957.6252432831097 362.14798814151436 396.25292291375808 616.32760203722864 15.129602192901073 481.27785319183022 674.84921579039656 152.9328631144017 1315.9410165317822 2280.5737201408483 967.80873841489665 826.10484015429392 717.5096436914464 61.138556426391006 1150.0783127928153 297.94639669859316 1033.4752306247829 40.045149768237025 14059.574210763676 30.832712164032273 530.93208649067674 40.401027366518974 110.72378444392234 156.66259953286499 134.84593015903374 222.57600010524038
leaf_count=18457 7872 27041 1682 13505 5547 2050 4745 2782 74 1194 3226 525 5731 6490 3007 2347 18834 305 2384 7285 5859 112 48229 497 3750 353 876 844 2289 1482
internal_value=0.000156589 0.00179881 -0.00399134 -0.0277703 0.00461816 -0.00291347 -0.0191695 -0.000726998 0.000291089 -4.64631e-05 0.00266701 0.0101763 -0.0054338 -0.000514259 0.00366343 0.00185756 -0.0390284 -0.0077777 0.0112902 -0.0390796 -0.0113134 0.0498159 0.00362059 0.00489842 -0.00426726 -0.00234627 0.0100943 0.0223434 -0.0119772 0.0174891
internal_weight=40310 38071.3 12467.2 2238.76 25604.1 12095.6 1269.17 8766.61 8150.29 8095.11 5383.55 1602.02 2711.56 3781.53 1120.74 3106.68 969.59 592.237 3330.28 371.562 1395.62 55.1748 22273.8 14929.1 869.552 838.719 307.787 197.064 531.099 1372.65
internal_count=199374 151824 60821 47550 91003 51854 20844 33397 30615 30429 16789 4726 13640 12063 3532 8837 26706 7339 9413 8967 7909 186 81590 54549 6320 5823 2073 1197 7034 3866
is_linear=0
shrinkage=0.05


Tree=14
num_leaves=31
num_cat=0
split_feature=6 6 11 11 6 6 7 7 3 7 2 11 7 7 10 6 1 7 6 6 11 7 7 7 7 7 10 7 6 10
split_gain=641.663 237.366 99.3942 98.575 71.6545 79.9026 59.4604 51.0891 43.1797 39.652 38.5635 35.7999 47.2976 41.1883 45.2446 39.6267 38.4939 34.8425 41.2393 34.5498 33.9205 38.4394 50.8073 33.6083 66.061 46.1961 50.7292 35.0011 34.9286 33.4359
threshold=1.9024769067764284 0.034971063956618316 0.98521563410758983 0.99999967217445385 0.61779513955116283 0.098072916269302382 0.73683151602745067 0.81604409217834484 24.500000000000004 0.99498343467712413 1.5000000000000002 0.93986612558364879 0.86988264322280895 0.86186507344245922 0.90118229389190685 0.39289930462837225 35.57774734497071 0.84244826436042797 0.50348958373069774 0.07705439999699594 0.93986612558364879 0.93498611450195324 0.83866345882415783 0.95995700359344494 0.95964345335960399 0.96618294715881359 0.87788763642311107 0.89695870876312267 0.56274306774139415 0.87047943472862255
decision_type=2 2 2 2 2 2 2 2 2 2 2 2 2 2 2 2 2 2 2 2 2 2 2 2 2 2 2 2 2 2
left_child=1 3 4 7 5 9 -2 -1 29 -3 -4 12 13 17 -15 -14 -13 -7 -19 -12 -8 22 -22 24 27 26 -25 -17 -29 -6
right_child=6 2 10 -5 8 11 20 -9 -10 -11 19 16 15 14 -16 23 -18 18 -20 -21 21 -23 -24 25 -26 -27 -28 28 -30 -31
leaf_value=-0.00096096442625635326 -0.041851631066790185 0.00064806820584845364 0.005138762242996967 -0.048342066470677784 -0.033136556169094847 -0.0019212008436536726 -0.030764684223221546 -0.012047018106857977 -0.030904686025922647 -0.030093059194513879 -0.034107645392473247 0.01501480850439754 0.0045860603021761802 -0.03858684138187924 -0.0013209443174998063 0.028872442637197959 0.0061773687257721593 0.011208629538057482 -0.061164536317527218 -0.010767809087797264 -0.02586026127189835 -0.041403678186438177 0.013924176276358958 0.00033092363712588905 -0.054864821120917832 0.013789967669472908 0.058783693866927361 0.0081059271164712048 -0.02777779388331373 -0.0013203648672370479
leaf_weight=1650.9834969048388 685.9617147964891 10915.395441081957 300.99664512160234 156.26194702164503 92.381210935185663 2491.0163574038306 541.3536378039862 2804.6939868914196 191.80180218967143 105.91544150048867 195.79920033464441 1819.0641505834647 8860.5045022824779 142.75490059936419 189.6572302444838 188.40760019724257 3819.3191747153178 874.91811408661306 20.136203750967979 833.65459478390403 144.94954369857442 86.146011057659052 179.78313345136121 51.691544338129461 41.692014072090387 630.48461318714544 131.65907035581768 836.10061181429774 73.800898435991257 778.0447263030801
leaf_count=7814 20600 40483 2265 4436 1811 14274 13603 15394 2368 439 4116 4660 24938 808 659 564 9527 3366 130 8694 2885 1356 1537 149 138 1575 215 2393 285 8089
internal_value=1.40703e-05 0.00132826 0.00278886 -0.00930818 0.00334129 0.00377618 -0.0306283 -0.00793925 -0.00942931 0.000352644 -0.010604 0.00564676 0.00433472 -0.00052971 -0.0173248 0.00600734 0.00902852 0.00111908 0.00958044 -0.015207 -0.0225433 -0.0117112 -0.00383423 0.0124527 0.00691202 0.020214 0.0423043 0.00925708 0.00519545 -0.00469712
internal_weight=39835.3 38197.1 33585.2 4611.94 32254.7 31192.5 1638.19 4455.68 1062.23 11021.3 1330.45 20171.2 14532.8 3718.48 332.412 10814.3 5638.38 3386.07 895.054 1029.45 952.232 410.879 324.733 1953.84 1140 813.835 183.351 1098.31 909.902 870.426
internal_count=199571 159590 131946 27644 116871 104603 39981 23208 12268 40922 15075 63681 49494 19237 1467 30257 14187 17770 3496 12810 19381 5778 4422 5319 3380 1939 364 3242 2678 9900
is_linear=0
shrinkage=0.05


Tree=15
num_leaves=31
num_cat=0
split_feature=6 6 7 5 7 7 7 5 6 7 6 7 7 10 10 10 10 7 7 0 5 6 10 7 6 10 7 6 9 10
split_gain=639.958 234.996 90.1337 81.3242 67.9293 62.0329 72.6998 52.3349 50.2025 46.8164 46.4718 57.4617 72.2844 42.5188 40.0473 39.5366 36.4768 42.1124 36.4214 35.09 35.0364 33.8719 33.0024 33.5683 31.7486 30.3139 29.8137 30.0696 29.53 29.4
threshold=1.6722800731658938 0.042239582166075713 0.85315325856208812 0.17902930825948718 0.80739945173263561 0.82999643683433544 0.85171997547149669 0.57321429252624523 0.65008100867271434 0.80005374550819408 0.10696180537343027 0.85315325856208812 0.8508017659187318 0.8102690875530244 0.85683923959732067 0.86290994286537182 0.91653144359588634 0.78005465865135204 0.84968197345733654 42.500000000000007 0.098780486732721343 17.137824058532718 0.90842315554618847 0.78142076730728161 0.87592011690139782 0.89626660943031322 0.97077399492263805 0.087771989405155196 62.381490707397468 0.86977127194404613
decision_type=2 2 2 2 2 2 2 2 2 2 2 2 2 2 2 2 2 2 2 2 2 2 2 2 2 2 2 2 2 2
left_child=1 2 7 4 9 -2 -7 18 10 16 11 12 14 -6 -5 -16 17 -3 -1 -11 22 -8 23 -19 -15 -10 -13 -28 -4 -17
right_child=5 3 28 8 13 6 21 -9 25 19 -12 26 -14 24 15 29 -18 20 -20 -21 -22 -23 -24 -25 -26 -27 27 -29 -30 -31
leaf_value=-0.0038926578895597066 -0.037655329646176031 -0.024502087869695717 -0.022304372719465147 0.019957855961479466 -0.016412280909410822 0.013738344684189755 -0.021778395229727639 0.040627386954017741 -0.027644406278201653 0.020083992088287702 0.0071660200028522136 0.0005053070997644173 0.050937620997322797 0.0019787454583151602 -0.031674269743277285 0.027556611453009357 0.0075659960853080334 0.031795660138216095 0.024617056312300697 -0.063298160208216325 0.013466258997648606 -0.059812524802842028 0.075376672475600384 -0.047334046984165344 -0.021106607841299686 -0.0024474778857703685 -0.019853061347959281 0.0024385821890461159 -0.010933595416834701 0.0034597553561440219
leaf_weight=2839.9724592671264 1021.5526831002499 444.49952655390371 802.85269115900155 457.6516494420357 340.37796734948643 141.59930188895669 461.40837396023562 71.149156300583854 162.71699212223757 15.423236764036117 13303.525020714034 4210.1981982917059 94.681250401074067 8853.0958874797216 76.205606513191015 135.05835076491348 238.79471386654768 16.469739705324173 116.6243070611963 69.361913702916354 178.9699026173912 67.042719897290226 7.6924063521437338 71.969771300675347 151.48172446648823 448.05846006469801 386.08313389495015 248.74903408833779 1977.032180118782 2016.4721909480868
leaf_count=14456 29708 4897 5634 1601 1927 1618 7231 209 2579 125 40799 14059 208 35798 332 421 1629 90 497 803 1155 3016 26 772 2397 4365 2174 903 13247 6980
internal_value=0.00018586 0.00153459 -0.00771686 0.00321744 -0.000416231 -0.0299008 -0.0180783 -0.00174833 0.0049699 -0.0125177 0.00538227 0.00227016 0.00800019 0.000934662 0.0064863 0.00371879 -0.00936723 -0.0149864 -0.00276808 -0.0481301 0.000388688 -0.0266037 -0.023958 -0.032598 0.00159039 -0.0091602 -0.00101772 -0.0111184 -0.0142176 0.00497239
internal_weight=39426.8 37735.2 5807.63 31927.5 10388.1 1691.6 670.05 3027.75 21539.4 1043.18 20928.6 7625.1 2780.07 9344.96 2685.39 2227.74 958.396 719.601 2956.6 84.7852 275.102 528.451 96.1319 88.4395 9004.58 610.775 4845.03 634.832 2779.88 2151.53
internal_count=199656 158083 34043 124040 49619 41573 11865 15162 74421 9497 67477 26678 9542 40122 9334 7733 8569 6940 14953 928 2043 10247 888 862 38195 6944 17136 3077 18881 7401
is_linear=0
shrinkage=0.05


Tree=16
num_leaves=31
num_cat=0
split_feature=6 6 11 6 11 5 11 5 2 11 2 11 6 6 11 11 1 1 8 10 10 5 1 6 11 10 2 11 11 1
split_gain=575.432 224.22 147.072 79.3803 64.5984 60.1537 55.6814 41.3402 39.9195 37.4369 33.0291 32.8877 30.0943 28.0839 27.1144 26.2588 30.3988 26.3315 26.9995 32.7992 25.412 25.2088 26.5131 24.0329 24.016 23.885 28.245 22.5907 25.0315 21.8784
threshold=1.9024769067764284 0.053431713953614242 0.99999967217445385 0.68967592716217052 0.91858679056167614 0.40212766826152807 0.99999967217445385 0.57321429252624523 8.5000000000000018 0.865556299686432 4.5000000000000009 0.95569986104965221 9.9115796089172381 0.022355323657393459 0.92240029573440563 0.91924443840980541 42.591793060302741 39.031507492065437 45.269998550415046 0.80659085512161266 0.89712902903556835 0.15470086038112643 43.286626815795906 0.18101272732019427 0.92124775052070629 0.89795380830764782 12.500000000000002 0.91469934582710277 0.84294995665550243 2.916057944297791
decision_type=2 2 2 2 2 2 2 2 2 2 2 2 2 2 2 2 2 2 2 2 2 2 2 2 2 2 2 2 2 2
left_child=1 2 4 5 13 6 9 -6 14 -3 -8 12 -2 21 -5 16 17 18 -7 -20 -13 -1 -23 -11 -17 27 -27 28 -18 -16
right_child=11 3 -4 8 7 15 10 -9 -10 23 -12 20 -14 -15 29 24 25 -19 19 -21 -22 22 -24 -25 -26 26 -28 -29 -30 -31
leaf_value=-0.026820493951894821 -0.021601105925233358 -0.0050987292011344769 -0.046056167841359769 -0.020173093529064268 -0.0017580125390743756 0.014019460137277052 -0.0010589199674365805 0.029513210160566423 -0.03274164361418562 0.0023239593223376652 -0.021388973994000814 -0.048518521935111684 -0.038694926425677845 -0.0070562701498704866 0.085631395727113868 0.034520672075860771 -0.020304033950826705 -0.015369015538778919 -0.10184396933997493 -0.0024601657677881771 -0.0091902736667872752 -0.017451706991442953 0.0040829537548709395 0.0056582477006603569 0.010982103810770126 0.0029171169568505753 -0.10019165906621419 -0.02753118908978356 0.029192789656100362 -0.00079118373419323886
leaf_weight=402.19276864361018 368.02336168324109 1275.2466484678444 225.24867437387002 233.39468512445455 4101.1148745530518 347.83231312129647 448.76182603824418 108.48290979629382 174.85774909018073 12998.431573508889 360.09162351686973 48.704233728931285 857.2206487582298 2193.7977798158536 7.4352776762098065 112.71276405267417 27.975594936870039 241.99224634887651 8.4457516432739776 487.04953753389418 262.18548928352538 480.48491520469543 203.45123145729303 9250.2702568055247 2807.7243896962609 167.83351991791278 6.9155498882755628 21.955589834600687 293.75420690700412 485.85730583249824
leaf_count=3513 6854 7113 6759 4074 16842 984 4470 299 2307 43956 4856 891 27967 12254 25 241 103 854 51 1720 4276 3121 910 30739 7931 470 25 60 729 5267
internal_value=0.000118321 0.00134784 -0.00624825 0.0033171 -0.00505102 0.00377354 0.00278919 -0.000952141 -0.011293 0.00323271 -0.0101096 -0.0298753 -0.0335605 -0.0103117 -0.00613194 0.00906775 0.00392741 -0.000830292 0.00334158 -0.00415417 -0.0153515 -0.0168871 -0.0110458 0.00371025 0.0118906 0.0138875 -0.00116333 0.0215401 0.0248889 0.000511443
internal_weight=39009.4 37473.3 7714.77 29758.5 7489.52 28857 24332.8 4209.6 901.545 23523.9 808.853 1536.13 1225.24 3279.93 726.687 4524.19 1603.75 1085.32 843.328 495.495 310.89 1086.13 683.936 22248.7 2920.44 518.434 174.749 343.685 321.73 493.293
internal_count=199661 159673 43698 115975 36939 104302 91134 17141 11673 81808 9326 39988 34821 19798 9366 13168 4996 3609 2755 1771 5167 7544 4031 74695 8172 1387 495 892 832 5292
is_linear=0
shrinkage=0.05


Tree=17
num_leaves=31
num_cat=0
split_feature=6 6 7 7 6 6 5 6 7 6 7 5 7 8 6 7 10 1 5 7 7 7 7 6 2 5 7 7 6 10
split_gain=501.473 165.455 76.5397 67.4663 71.931 63.1998 53.1508 50.041 34.4808 32.5215 32.1725 39.9399 32.328 30.341 29.9962 50.7837 31.7071 30.441 29.3725 42.3396 32.1468 28.4309 78.3374 33.6253 28.3114 27.8638 75.6962 34.1593 28.5044 27.4037
threshold=1.0561747550964358 0.076024305075407042 0.77275371551513683 0.93901729583740245 0.017922453582286838 149.96476745605472 0.4301948100328446 0.051452545449137695 0.99066111445426952 9.9115796089172381 0.81604409217834484 0.18834459781646731 0.9270581603050233 66.270000457763686 0.17410301417112353 0.99135538935661327 0.87311524152755748 43.626579284667976 0.13714733719825747 0.78005465865135204 0.80350261926651012 0.9875929355621339 0.98694348335266124 0.37707754969596868 9.5000000000000018 0.2674796879291535 0.98553258180618297 0.73907104134559642 0.73957175016403209 0.8975731134414674
decision_type=2 2 2 2 2 2 2 2 2 2 2 2 2 2 2 2 2 2 2 2 2 2 2 2 2 2 2 2 2 2
left_child=1 3 13 4 10 9 8 -5 21 -4 11 -1 -12 -2 15 -10 -16 -18 19 -6 24 22 25 -24 -20 27 -27 -3 -29 -23
right_child=2 6 5 7 18 -7 -8 -9 14 -11 12 -13 -14 -15 16 -17 17 -19 20 -21 -22 29 23 -25 -26 26 -28 28 -30 -31
leaf_value=-0.020782408402469477 -0.043693818590264152 -0.021976338850518945 -0.015439179062353137 -0.017823054494103853 -0.027289690477009215 0.029696052186921867 0.0095406768378071133 -0.0036300658382039082 -0.075633278737383403 -0.040338918674501567 -0.021576463645360183 0.0040769617566527201 0.010483531107802863 -0.024528796723224007 -0.015141061264328496 -0.011348115058025552 0.013938872092805194 -0.015633916280199767 0.0083406687474154913 -0.0026688865347574971 -0.0004765140097615634 0.033072104641185568 -0.027417182693388994 -0.10233178944045794 -0.038839955528022468 0.0049834307758852073 0.055410919039166673 0.0021513883736795094 -0.021088000476816478 0.0073744477665485704
leaf_weight=237.72092730365694 512.73356515844353 151.5723922700854 870.57808987790486 1288.468132234324 196.05094149510842 70.67174752196297 3192.3605676790467 1198.9092921765696 33.38799836859107 154.39166286424734 746.10867372108623 504.39731869782554 87.8934711679467 345.7895614906447 228.16574314725585 384.68058439879678 389.90086261555552 112.0198032790795 1778.983139582444 1597.0423462375766 4182.5204732939601 146.20167493168265 85.610013002762571 18.155168259516358 32.374712549382821 7159.7238254010445 75.199833605904132 12369.360625477741 133.3706672018161 357.23664262448438
leaf_count=1879 17330 1654 14405 9374 2474 445 9592 4964 152 5393 5402 2039 595 9374 1017 1348 1252 484 7073 9676 17201 410 258 86 229 22231 147 50067 1766 1233
internal_value=-0.000116023 0.00119856 -0.024796 -0.00366252 -0.00171802 -0.0160366 0.00351793 -0.0109821 0.00262964 -0.0191898 -0.0114591 -0.00388618 -0.0181977 -0.0359747 -0.00580222 -0.0164821 0.000313386 0.00733875 0.000253623 -0.00536084 0.00193321 0.00310197 0.00280646 -0.0405245 0.0074974 0.00303253 0.00550757 0.00161746 0.00190349 0.0148372
internal_weight=38641.6 36687.4 1954.16 11850.5 9363.09 1095.64 24836.9 2487.38 21644.6 1024.97 1576.12 742.118 834.002 858.523 1148.15 418.069 730.086 501.921 7786.97 1793.09 5993.88 20496.4 19993 103.765 1811.36 19889.2 7234.92 12654.3 12502.7 503.438
internal_count=199550 152603 46947 60906 46568 20243 91697 14338 82105 19798 9915 3918 5997 26704 4253 1500 2753 1736 36653 12150 24503 77852 76209 344 7302 75865 22378 53487 51833 1643
is_linear=0
shrinkage=0.05


Tree=18
num_leaves=31
num_cat=0
split_feature=6 6 11 7 11 5 5 10 7 11 7 2 11 10 11 10 10 6 7 7 7 7 7 7 11 11 7 2 10 9
split_gain=438.47 207.385 156.503 70.9033 58.2606 56.0606 45.5522 44.7311 43.5945 39.004 37.491 35.6159 34.2495 48.1284 31.0894 30.679 29.81 29.7939 29.1543 26.4449 26.4164 116.946 81.1071 73.1979 53.8119 50.2732 41.5206 41.4318 54.6324 41.259
threshold=0.94457754492759716 0.071718748658895506 0.99999967217445385 0.73683151602745067 0.98521563410758983 0.16302800178527835 0.43826219439506536 0.91619911789894115 0.99287825822830211 0.94483250379562389 0.87801218032836925 4.5000000000000009 0.94991958141326915 0.91754543781280529 0.91601106524467479 0.94164195656776439 0.79314282536506664 0.065364584326744093 0.96705636382102977 0.93901729583740245 0.93942040205001842 0.93431425094604503 0.94013705849647533 0.93498611450195324 0.97749698162078869 0.90104866027832042 0.92188477516174328 1.5000000000000002 0.95033228397369396 62.209428787231452
decision_type=2 2 2 2 2 2 2 2 2 2 2 2 2 2 2 2 2 2 2 2 2 2 2 2 2 2 2 2 2 2
left_child=1 2 5 -2 6 7 20 8 16 15 -7 18 -5 -14 -12 -8 -1 -16 -6 -4 21 25 -22 29 27 26 -3 28 -24 -23
right_child=3 4 19 12 11 10 9 -9 -10 -11 14 -13 13 -15 17 -17 -18 -19 -20 -21 22 23 24 -25 -26 -27 -28 -29 -30 -31
leaf_value=-0.053668025934154186 -0.036462555856108199 -0.0047520111675241738 -0.027204338809628553 -0.021764896907806155 0.007022607912039066 0.0021622300782369384 0.0042024283973037839 -0.00068035848023169127 -0.066735637474104076 0.018324127845621409 -0.011402560002128172 -0.018914097689528422 -0.027709560905184623 0.0063789287380956088 -0.0035483898928224361 0.025033897312496545 -0.011040115366141181 0.015516259769994756 -0.01645320038475942 -0.05696560575789314 0.043328231072282869 -0.066420212603758536 0.0012516548295162739 -0.0060009623686828432 0.037133390287828583 0.0049843013490629851 0.011183009910616567 0.0072767975892881545 -0.031524471264473136 -0.023848152747007571
leaf_weight=41.780679690884426 631.53893009905005 2667.3646986875101 177.49157244717935 941.24476949166274 432.5882008431945 4130.8357511026552 1894.1506408322603 1165.1658467726083 36.72912268480286 959.49987660255283 1203.1438584157731 425.98718019411899 156.45986734819598 306.156686082948 1504.4586883326992 194.93201852962375 2229.9222796009853 237.24879799410701 190.48852248443291 128.81038828226156 140.69071525335312 93.107470817863941 2745.1775024710223 436.6423655442195 128.43060461618006 9444.4961215342628 482.77567265927792 4952.5308205089532 133.31193172559142 146.40263607027009
leaf_count=656 20794 15168 4802 22055 3086 14966 5740 5485 221 2028 5788 5150 2476 3223 6120 433 15360 612 1898 3761 313 551 8384 1387 243 33542 1682 12594 391 808
internal_value=3.37812e-05 0.00129919 -0.00448758 -0.0225489 0.00376571 -0.0034646 0.00426137 -0.00866674 -0.0126978 0.00997904 -0.000910766 -0.00777208 -0.0162898 -0.00515002 -0.00522135 0.00614621 -0.0118241 -0.000951476 -0.000154473 -0.03972 0.00344574 0.00207236 0.00569582 -0.0181851 0.00503063 0.0031599 -0.00230988 0.00450414 -0.000266311 -0.0403977
internal_weight=38359.6 36324.2 10855.6 2035.4 25468.6 10549.3 24419.5 3473.6 2308.43 3048.58 7075.69 1049.06 1403.86 462.617 2944.85 2089.08 2271.7 1741.71 623.077 306.302 21370.9 13270.8 8100.14 676.152 7959.45 12594.6 3150.14 7831.02 2878.49 239.51
internal_count=199717 151169 57771 48548 93398 49208 83264 21722 16237 8201 27486 10134 27754 5699 12520 6173 16016 6732 4984 8563 75063 53138 21925 2746 21612 50392 16850 21369 8775 1359
is_linear=0
shrinkage=0.05


Tree=19
num_leaves=31
num_cat=0
split_feature=6 6 11 11 5 11 7 5 2 6 6 6 7 6 7 7 7 9 6 7 2 3 2 8 10 7 6 10 5 10
split_gain=439.615 184.558 118.613 65.7527 62.9177 51.2216 47.0841 54.0252 41.7577 39.0282 38.9641 46.6589 37.9763 35.7835 35.7403 83.2109 66.1616 35.1108 35.0222 33.5585 38.0222 35.6967 33.3148 29.8161 28.6664 28.3808 38.0631 27.0113 26.9491 26.5459
threshold=1.9024769067764284 0.045723380520939834 0.99999967217445385 0.99999967217445385 0.40212766826152807 0.95039907097816478 0.85315325856208812 0.25265957415103918 4.5000000000000009 0.65008100867271434 0.13119792193174365 0.68967592716217052 0.73683151602745067 0.025989582762122158 0.90302786231040966 0.89422646164894115 0.88296157121658336 71.252658843994155 0.2292071804404259 0.91312816739082348 1.5000000000000002 15.500000000000002 8.5000000000000018 15.469999790191652 0.82669439911842357 0.9483337700366975 0.12914931029081347 0.83085617423057567 0.16064515709877017 0.85501202940940868
decision_type=2 2 2 2 2 2 2 2 2 2 2 2 2 2 2 2 2 2 2 2 2 2 2 2 2 2 2 2 2 2
left_child=1 2 6 4 10 9 7 -1 25 -6 29 14 -2 17 15 16 -12 -8 -17 28 21 -21 -20 -18 -10 -5 -27 -28 -16 -3
right_child=12 3 -4 8 5 -7 13 -9 24 -11 11 -13 -14 -15 19 18 23 -19 22 20 -22 -23 -24 -25 -26 26 27 -29 -30 -31
leaf_value=-0.0079053548090079161 -0.036539922090517603 -0.0059002743842917031 -0.047804060306748067 0.0080445152773225732 0.0063893245009618189 0.017837969771996042 -0.02583381426123171 0.0052369124277487061 0.020001902894787281 -0.031195896827314513 0.0013608723051673644 -0.0088459741654626951 -0.020061970606320388 -0.005335280343311064 0.0067225493846955683 -0.0022969103547203335 -0.05059791782254968 -0.0087347307540118612 -0.040386626716709069 0.0026716503367893375 0.0081523219368875958 -0.016638702989732409 0.0091884584400924244 0.024490364680540055 -0.024500038054669 -0.037415393528942936 -0.095643800994970884 0.0046361474082923229 0.025312067605694391 0.0010896784432862976
leaf_weight=1552.2515508173965 602.81629269162659 1584.6839448101819 170.53062339819735 373.75461387820542 3269.2968210396357 1148.0287126911571 562.52173299295828 1575.844967486104 39.605370596051216 70.559818533831276 4045.3685185897048 664.13825121195987 832.61403251090087 1621.1119557638885 366.39990230696276 163.31868383428082 13.658623243682085 643.82571281504352 204.71436271048151 2018.106202906929 5038.0197369961534 271.5245687388815 40.611126490868628 412.13140555692371 419.29114054157981 101.77353055012645 6.9836924267001441 174.64410301647149 416.67145464010537 9506.9412172269076
leaf_count=9782 20555 7562 5825 3160 9330 2720 4379 5390 261 1118 19631 9401 19394 7814 1023 684 54 4018 1024 6404 12852 888 130 1315 6378 1712 64 1528 875 34274
internal_value=0.000159512 0.00122759 -0.00668868 0.00282547 0.00328018 0.00872703 -0.00551138 -0.00128466 -0.00908556 0.00559528 0.00229237 0.00408052 -0.026982 -0.0101875 0.00474138 0.00136024 0.00333412 -0.0167081 -0.0202369 0.00677565 0.00572427 0.000381659 -0.03218 0.0220817 -0.0206593 -0.00100356 -0.0129363 0.000780326 0.016614 9.10091e-05
internal_weight=37911.7 36476.3 6126.09 30350.2 29234.2 4487.89 5955.56 3128.1 1116.05 3339.86 24746.3 13654.7 1435.43 2827.46 12990.5 4879.8 4471.16 1206.35 408.644 8110.72 7327.65 2289.63 245.325 425.79 458.897 657.156 283.401 181.628 783.071 11091.6
internal_count=199545 159596 37208 122388 109285 13168 31383 15172 13103 10448 96117 54281 39949 16211 44880 22838 21000 8397 1838 22042 20144 7292 1154 1369 6639 6464 3304 1592 1898 41836
is_linear=0
shrinkage=0.05


Tree=20
num_leaves=31
num_cat=0
split_feature=6 6 11 11 7 7 6 11 7 9 5 5 5 10 11 2 7 7 7 10 2 11 10 6 7 7 7 3 6 10
split_gain=426.164 184.371 117.171 59.9683 47.4684 45.1595 45.0691 41.7562 35.9236 45.5631 35.4098 33.7152 32.9953 36.75 31.1795 39.4667 41.8943 41.4777 36.0948 32.9881 31.1363 29.0508 28.6322 27.7312 27.5609 55.966 41.1535 35.938 30.0228 59.7046
threshold=1.0561747550964358 0.064415510743856444 0.99999967217445385 0.98521563410758983 0.73907104134559642 0.93901729583740245 0.019681712612509731 0.91318255662918102 0.73763772845268261 63.824808120727546 0.19782608747482303 0.24417344480752948 0.040408162400126464 0.86608082056045543 0.95085230469703685 7.5000000000000009 0.85467615723609935 0.84244826436042797 0.85570633411407482 0.8841131627559663 3.5000000000000004 0.83528897166252147 0.85402321815490734 0.61779513955116283 0.90302786231040966 0.91505420207977306 0.89888471364974987 8.5000000000000018 0.48920716345310217 0.86457544565200817
decision_type=2 2 2 2 2 2 2 2 2 2 2 2 2 2 2 2 2 2 2 2 2 2 2 2 2 2 2 2 2 2
left_child=1 2 5 7 -2 6 20 24 9 -9 -5 12 13 -10 -13 16 17 -16 -18 22 -1 -8 -17 -15 26 -26 -3 -28 -27 -30
right_child=4 3 -4 10 -6 -7 21 8 11 -11 -12 14 -14 23 15 19 18 -19 -20 -21 -22 -23 -24 -25 25 28 27 -29 29 -31
leaf_value=-0.012424227153034095 -0.034691891799694112 -0.00077991794853222692 -0.038273419047598886 -0.022987263811663119 -0.017660215111370111 -0.011251933935227451 -0.027644711708953686 -0.045584002444312245 -0.027626387494932104 0.0036603400203606262 -0.0025305962572933702 0.0059110142137872284 0.0017636312110154461 0.012800341595981431 0.019367197571979276 0.0051247554216595145 -0.080365077829338591 0.052112856874140245 0.010371759659188781 0.0035266689227094576 0.0053933088484268872 0.00046529227722992285 -0.067423254995837442 -0.049706539023995661 0.017494438497844066 0.00065530949930148478 0.001687152753905049 -0.040801397786841845 -0.045648194210494396 0.024697756222718137
leaf_weight=1391.511802440742 616.33457054640166 3487.0815673011821 252.89023963292129 292.33665985590778 1216.7052658818429 1649.5318948188797 93.434563277987763 77.489106684923172 61.272486618021503 119.27237869962119 765.39447589952033 5759.2802142435685 6150.1767093606759 1330.1700474652462 713.04636037838645 22.559010175988078 11.04492941778153 111.87774797715247 1428.197065791348 254.62844010582194 297.64142600796185 5643.5066314353608 34.246185111813247 17.983993083238602 633.9566694397945 4488.9367113412591 83.213806504849344 123.82375680585392 33.94027698028367 271.00029992091004
leaf_count=8343 21340 20303 7841 3734 25548 8624 813 574 255 856 7231 15376 22833 4022 1751 54 47 183 3329 644 1500 25086 107 211 1981 14164 451 659 397 1059
internal_value=0.000124037 0.00133463 -0.00470382 0.00347882 -0.0233869 -0.00376841 -0.00210612 0.00396811 0.00550013 -0.0157332 -0.00818443 0.00576299 0.00334497 0.0102453 0.00795609 0.0125291 0.0148246 0.0238082 0.00967543 -0.00415944 -0.00928464 7.47933e-06 -0.0386123 0.0119665 0.0012656 0.00353293 -0.00206583 -0.0237241 0.00168662 0.0168682
internal_weight=37432.5 35599.4 9328.52 26270.9 1833.04 9075.63 7426.09 25213.2 16091.2 196.761 1057.73 15894.5 7559.6 1409.43 8334.88 2575.6 2264.17 824.924 1439.24 311.434 1689.15 5736.94 56.8052 1348.15 9121.95 5427.83 3694.12 207.038 4793.88 304.941
internal_count=199316 152428 52207 100221 46888 44366 35742 89256 50242 1430 10965 48812 27321 4488 21491 6115 5310 1934 3376 805 9843 25899 161 4233 39014 17601 21413 1110 15620 1456
is_linear=0
shrinkage=0.05


Tree=21
num_leaves=31
num_cat=0
split_feature=6 6 11 11 7 7 5 6 7 5 10 2 5 7 7 7 7 10 5 6 1 7 10 10 2 11 10 10 2 7
split_gain=403.57 157.687 108.797 58.4016 51.1789 49.0098 42.8599 40.5105 45.7173 42.5704 40.4293 38.4271 36.4601 51.4097 42.3735 41.7042 34.0594 45.0028 44.6661 33.6469 31.8266 33.9651 31.4763 30.0896 34.3107 29.6913 27.5612 29.0387 27.0054 26.5732
threshold=1.2968403100967409 0.053431713953614242 0.99999967217445385 0.99999967217445385 0.73683151602745067 0.88390216231346141 0.14670014381408694 0.1373553201556206 0.8265027403831483 0.4743421077728272 0.90079161524772655 2.5000000000000004 0.22653958946466449 0.85315325856208812 0.8508017659187318 0.8485398292541505 0.84126132726669323 0.93696293234825145 0.084219858050346388 0.0099247684702277201 45.476459503173835 0.89545822143554699 0.87674397230148327 0.87493664026260387 1.0000000180025095e-35 0.93036323785781871 0.87311524152755748 0.92878466844558727 7.5000000000000009 0.89030727744102489
decision_type=2 2 2 2 2 2 2 2 2 2 2 2 2 2 2 2 2 2 2 2 2 2 2 2 2 2 2 2 2 2
left_child=1 2 5 7 -2 6 10 12 -9 -10 -1 -5 16 14 15 22 17 18 -3 -8 21 26 28 -21 -25 -26 -7 29 -14 -28
right_child=4 3 -4 11 -6 20 19 8 9 -11 -12 -13 13 -15 -16 -17 -18 -19 -20 23 -22 -23 -24 24 25 -27 27 -29 -30 -31
leaf_value=-0.018159735510254359 -0.036195888967988261 -0.031849041975882689 -0.042570997315845412 0.0042449662407379124 -0.017693060655415229 -0.066801693479960109 -0.012556282821408761 -0.001109283778643735 0.0054152080483895844 0.015989605629841652 0.0015496041461012537 -0.01601243190918562 0.024000928550652001 0.0005729561342056221 0.047995767444794918 -0.039314303920998904 0.00030289040815891741 0.015087431717748068 -0.0073612603636098069 0.011121804386339796 0.0053495464199468405 -0.0097649113143652658 0.0061783453254434864 0.0087677649767330355 -0.013349506751818941 0.0018222047840081371 0.0098855145986402361 -0.055390099493008355 -0.016440178424903411 -0.037775279710750599
leaf_weight=615.44144195306581 576.27651218842948 239.23900844808668 191.45413016021485 362.25357493339106 1063.2951220194227 42.399138961452991 368.14569439156912 2502.8102616545511 11433.906779142097 1038.2005447484553 450.75884501507971 661.77088233618997 470.77813673741184 4287.143272110261 71.065254490822554 44.202166421804577 4442.3530823858455 167.21243478427641 840.2235557573149 895.80463997775223 312.54860736301634 2187.7209683926776 1533.2046345737763 738.19405083649326 565.66638790490106 750.09735416271724 74.045745832379907 46.402023987844586 45.248034965246916 48.337174796499312
leaf_count=5727 20677 2561 6749 3148 23814 360 1729 14925 38148 2766 2779 8839 1424 12101 111 206 16440 766 5089 3397 1278 12645 4708 2815 2747 2488 403 263 152 304
internal_value=5.51477e-05 0.00117753 -0.0053777 0.00287507 -0.0241964 -0.00437414 -0.00110617 0.00331773 0.00505786 0.00629544 -0.00982719 -0.00884628 0.00117135 0.00374436 0.0100259 0.0087369 -0.00174657 -0.00904954 -0.0127884 0.00169631 -0.00965808 -0.0116134 0.00977337 0.00347511 0.000140108 -0.00470034 -0.0307623 -0.0217092 0.0204548 -0.00893891
internal_weight=37066.2 35426.6 7287.02 28139.6 1639.57 7095.56 4384.11 27115.6 14974.9 12472.1 1066.2 1024.02 12140.7 6451.64 2164.5 2093.43 5689.03 1246.67 1079.46 3317.91 2711.45 2398.91 2049.23 2949.76 2053.96 1315.76 211.184 168.785 516.026 122.383
internal_count=199559 155068 43684 111384 44491 36935 21682 99397 55839 40914 8506 11987 43558 18702 6601 6490 24856 8416 7650 13176 15253 13975 6284 11447 8050 5235 1330 970 1576 707
is_linear=0
shrinkage=0.05


Tree=22
num_leaves=31
num_cat=0
split_feature=6 6 11 11 6 5 5 6 1 11 1 10 1 6 10 10 10 1 11 8 9 11 9 10 5 2 6 11 1 11
split_gain=379.779 171.704 112.848 52.7782 50.6089 49.5634 39.5835 39.5271 39.2383 27.0397 40.1565 41.1588 31.1503 34.0258 30.5315 25.6663 25.0287 22.8608 22.6632 23.5361 22.0829 22.0006 21.9273 21.6151 21.5283 22.0509 20.998 20.9399 19.8595 19.285
threshold=0.73957175016403209 0.089010417461395278 0.99999967217445385 0.95085230469703685 0.024149306118488315 0.46076923608779913 0.19782608747482303 6.7718634605407724 36.26738357543946 0.90322980284690868 41.16773986816407 0.9221160113811494 37.295564651489265 0.037760416045784957 0.83085617423057567 0.8637673854827882 0.94323474168777477 37.846151351928718 0.93956413865089428 175.24696350097659 92.869503021240249 0.86279430985450756 60.935476303100593 0.90278533101081859 0.55159574747085582 2.5000000000000004 0.0059895834419876346 0.99999991059303295 47.160827636718757 0.98521563410758983
decision_type=2 2 2 2 2 2 2 2 2 2 2 2 2 2 2 2 2 2 2 2 2 2 2 2 2 2 2 2 2 2
left_child=1 2 4 7 24 27 16 28 23 10 11 12 14 17 -8 -4 -6 -14 19 -7 29 -9 -12 -5 25 -1 -27 -3 -2 -20
right_child=3 5 15 8 6 18 9 21 -10 -11 22 -13 13 -15 -16 -17 -18 -19 20 -21 -22 -23 -24 -25 -26 26 -28 -29 -30 -31
leaf_value=-0.01274161776417564 -0.016043643194202605 0.0034685791669414527 -0.0062886408383197676 -0.025998104237855688 -0.0061088363239589979 0.0082011453493528001 0.019868585803093947 -0.0058405131696139838 -0.01745474409211465 0.0031408322982475131 -0.0070297601983013158 -0.074291196318611585 -0.097867245545157577 -0.03547675967167515 -0.008564885151617168 -0.037241949491800395 0.0091290637782170236 0.023182861313063817 0.023211481005963871 -0.041302212531066189 -0.027754974579822889 -0.036733617022253022 0.011983033958023179 0.016528504577829128 0.015736019645074411 0.018433997481839142 -0.0059233232909937927 -0.006474602757043423 -0.053694047158112358 0.00019698656527723248
leaf_weight=1749.5233559308108 732.6792916576378 18785.591274773877 86.815058593288995 36.097728580934927 3650.2767937505851 1006.0723035465926 112.55957499868236 63.061885979957879 404.45918280805927 5040.4449853787664 236.39695056434721 24.934008849668317 4.2883934015408149 176.92527169804089 585.59313673246652 292.99739346606657 290.96145127760246 43.100908338092268 637.01988040935248 24.597790740430355 25.106772221624851 669.10301069301204 422.99668707535602 173.46184344368521 85.287492874078453 105.85330417507794 539.20203991199378 544.85490812454373 36.782520736102015 106.19907716359012
leaf_count=11496 13379 67423 1588 670 20478 3166 475 980 6422 15794 877 146 30 862 2885 8401 1077 193 1382 103 122 26147 1531 2599 347 466 2989 5975 663 794
internal_value=-0.000142106 0.00111614 -0.00330033 -0.0207066 -0.00251949 0.00392707 -0.00101368 -0.0257566 -0.00835665 0.00134032 -0.00430781 -0.0109022 -0.0091888 -0.0253984 -0.0039807 -0.0301668 -0.0049839 0.0122287 0.0118651 0.00701971 0.0183649 -0.0340728 0.00516682 0.00920307 -0.00894897 -0.00982817 -0.0019263 0.00318832 -0.0178434 0.0199229
internal_weight=36693.2 34577.6 13448.2 2115.65 13068.3 21129.4 10588.5 1501.63 614.019 6647.24 1606.79 947.401 922.467 224.315 698.153 379.812 3941.24 47.3893 1799 1030.67 768.326 732.165 659.394 209.56 2479.87 2394.58 645.055 19330.4 769.462 743.219
internal_count=199460 148600 69635 50860 59646 78965 44348 41169 9691 22793 6999 4591 4445 1085 3360 9989 21555 223 5567 3269 2298 27127 2408 3269 15298 14951 3455 73398 14042 2176
is_linear=0
shrinkage=0.05


Tree=23
num_leaves=31
num_cat=0
split_feature=6 6 11 11 6 6 5 5 7 11 5 10 11 1 10 7 7 7 10 6 10 7 7 5 10 6 6 7 7 10
split_gain=325.397 158.379 80.9349 57.6707 43.4387 42.1949 40.9847 38.0491 38.0339 36.9044 32.3292 31.814 31.8044 29.7648 31.7677 29.2403 49.5257 41.5029 33.7046 33.2329 27.6071 27.4792 35.2705 25.8483 25.3752 25.2262 34.686 24.9662 51.8484 35.8313
threshold=1.9024769067764284 0.045723380520939834 0.99999967217445385 0.98521563410758983 0.65008100867271434 0.1373553201556206 0.16064515709877017 0.47871376574039465 0.81604409217834484 0.95758420228958141 0.042109929025173194 0.83442839980125438 0.88106057047843944 44.268117904663093 0.87613973021507274 0.93942040205001842 0.93431425094604503 0.93498611450195324 0.95033228397369396 0.20904513448476794 0.81342405080795299 0.9413016438484193 0.92627429962158214 0.19782608747482303 0.92641788721084606 149.96476745605472 303.95538330078131 0.95500761270523082 0.96177101135253917 0.85683923959732067
decision_type=2 2 2 2 2 2 2 2 2 2 2 2 2 2 2 2 2 2 2 2 2 2 2 2 2 2 2 2 2 2
left_child=1 2 6 4 5 -3 20 15 12 -2 25 21 -8 14 -6 16 -7 -18 19 -19 -1 22 -5 -13 -9 -11 -27 -17 -29 -30
right_child=9 3 -4 11 13 7 8 24 -10 10 -12 23 -14 -15 -16 27 17 18 -20 -21 -22 -23 -24 -25 -26 26 -28 28 29 -31
leaf_value=-0.043247575466080983 -0.02855878579094695 0.00096568766398128089 -0.042648972424295835 -0.0071699845257305259 -0.031944309395297542 0.0030598266552796798 -0.01760936837229066 0.0082617095218493111 -0.0069687635081235218 -0.053942546743532854 -0.018728828849028541 -0.024783368543622567 0.0057568779519893143 -0.025859769351365271 0.00098902802391354462 0.013089163232942689 -0.038325795572025451 -0.019435413934545235 -0.058834104740107709 0.019952568208889382 -0.010781421400848236 -0.030899503752816967 0.052443144061028124 -0.0068582745192863328 0.023798336317651141 0.050031431762294569 -0.046525397280098496 -0.0089966624738144381 -0.007636388819403199 0.0090228055779072898
leaf_weight=67.997930562472902 1072.9922706926591 13067.274771168246 153.48317226496874 43.725376597139984 84.47036617831327 7350.2576381706749 163.16177639504895 775.69903154252097 2278.9072821736336 9.7394391762791184 176.85849241551477 274.75631814799272 1355.2871038867161 192.10503414063714 549.98436595476232 1269.7836560118012 130.67147890408523 94.503614864312112 24.617367185652256 123.58495840709656 1767.1922253944213 26.088331137085333 57.3639932484366 750.38836548081599 397.4691992290318 51.368147004861385 11.357410767814143 565.08513726014644 359.51814959733747 3157.8572387634777
leaf_count=939 35424 48833 5829 295 1874 29731 857 2379 11642 151 3652 4317 4967 2935 6717 3259 829 353 74 374 12899 314 145 8483 951 229 410 1645 1239 7615
internal_value=-0.000183681 0.000734091 -0.00682534 0.00222714 0.00267604 0.00301774 -0.00584917 0.00489961 -0.00288414 -0.0245323 -0.00720393 -0.0087363 0.00324611 -0.00861667 -0.00339567 0.00412569 0.00215743 -0.015607 -0.00337536 0.0028847 -0.0119844 0.014851 0.026658 -0.0116625 0.0135255 0.0209238 0.0325484 0.00696602 0.00506151 0.00732004
internal_weight=36403.5 35081.2 5786.03 29295.2 28142.9 27316.3 5632.55 14249 3797.36 1322.32 249.323 1152.32 1518.45 826.56 634.455 13075.9 7723.64 373.377 242.706 218.089 1835.19 127.178 101.089 1025.14 1173.17 72.465 62.7256 5352.24 4082.46 3517.38
internal_count=199361 159495 37133 122362 108808 97282 31304 48449 17466 39866 4442 13554 5824 11526 8591 45119 31361 1630 801 727 13838 754 440 12800 3330 790 639 13758 10499 8854
is_linear=0
shrinkage=0.05


Tree=24
num_leaves=31
num_cat=0
split_feature=6 6 11 6 6 7 5 7 7 6 7 7 5 5 7 10 6 7 3 10 3 6 7 7 5 8 8 5 3 7
split_gain=306.65 155.859 103.321 65.4399 48.2566 47.9085 41.3452 40.8466 39.1844 61.5843 36.4674 35.3525 34.359 52.1112 38.5296 33.5577 31.6828 31.5636 40.7613 31.4086 28.347 27.8835 27.8494 26.6574 26.1403 29.8309 26.2629 25.5346 34.9377 24.5936
threshold=1.9024769067764284 0.10696180537343027 0.9999997913837434 0.61779513955116283 0.024149306118488315 0.93901729583740245 0.17902930825948718 0.94943115115165722 0.8342515528202058 149.96476745605472 0.92837947607040416 0.98945176601409923 0.091966174542903914 0.056349206715822227 0.96940788626670849 0.90947324037551891 17.137824058532718 0.93250024318695079 5.5000000000000009 0.85863640904426586 11.500000000000002 0.07705439999699594 0.93153721094131481 0.88296157121658336 0.028174603357911113 46.890001296997077 15.989999771118166 0.30495168268680578 7.5000000000000009 0.85315325856208812
decision_type=2 2 2 2 2 2 2 2 2 2 2 2 2 2 2 2 2 2 2 2 2 2 2 2 2 2 2 2 2 2
left_child=1 2 4 6 29 10 7 17 -2 16 -4 20 13 15 -14 -6 -10 22 -19 -12 -5 -16 24 -15 25 -3 -26 28 -23 -1
right_child=8 3 5 11 12 -7 -8 -9 9 -11 19 -13 14 23 21 -17 -18 18 -20 -21 -22 27 -24 -25 26 -27 -28 -29 -30 -31
leaf_value=-0.0041765347953275538 -0.030380498471554742 0.016923141212054359 -0.020813037577829013 0.0046896674268287466 -0.0088078623154108134 -0.046633536100759189 0.0062707730500009126 0.0065435680705069306 -0.013976408179670545 0.033559342369587582 0.070452980962802433 -0.032659657896871627 0.0011500501737328641 -0.028899008796527566 -0.019066527992021257 0.0070166126493576468 -0.054129440017813779 -0.042033040306882687 -0.0063822645878845487 -0.02066712019659021 -0.013282223013150655 -0.013207720544907074 0.046905213764984313 -0.009621880447572527 -0.027625841047598229 -0.0033814395794188436 -0.0021656691468107218 -0.015723959047068223 0.023546875516660126 -0.014336720276891727
leaf_weight=1380.6682494218694 823.66922942176461 390.97044766671024 223.26280987344217 414.12587893224554 665.72653552005067 178.50610061665066 12296.455693282187 2192.9849978988059 366.6287805106258 63.190407829126343 22.26976452046074 131.12468146020547 9900.8284728913568 298.58075708139222 421.14503652963322 674.41946361167356 56.729329488443909 102.83567324047908 363.88259527646005 16.437576520489529 466.65283266536426 108.82290563452989 30.92837346624583 449.06125301518477 105.95966262300499 336.65195555635728 2297.6870151496259 179.80771283619106 159.30852976324968 1047.4790477636852
leaf_count=7575 29592 1644 5409 4773 4521 4829 40207 7065 6799 442 84 2470 37903 2759 2209 2711 3072 603 1573 377 6030 424 75 2223 520 1814 13031 586 422 7800
internal_value=1.21428e-05 0.000904762 -0.00278281 0.00393619 -0.00209485 -0.0266573 0.00462729 0.00115608 -0.0237348 -0.0124844 -0.0130455 -0.00843812 -0.000874004 -0.00674445 0.000264004 -0.000844302 -0.0193569 -0.00209963 -0.0142375 0.0317576 -0.00483217 -0.00983006 -0.000308163 -0.0173205 -0.000774502 0.00752874 -0.00328803 -0.00114608 0.00862978 -0.00855954
internal_weight=36166.8 34856.6 15726.3 19130.3 15285.8 440.476 18118.4 5821.9 1310.22 486.549 261.97 1011.9 12857.7 2087.79 10769.9 1340.15 423.358 3628.92 466.718 38.7073 880.779 869.084 3162.2 747.642 3131.27 727.622 2403.65 447.939 268.131 2428.15
internal_count=199542 159637 79832 79805 69133 10699 66532 26325 39905 10313 5870 13273 53758 12214 41544 7232 9871 19260 2176 461 10803 3641 17084 4982 17009 3458 13551 1432 846 15375
is_linear=0
shrinkage=0.05


Tree=25
num_leaves=31
num_cat=0
split_feature=6 6 11 6 11 5 7 11 11 7 11 7 7 11 2 6 11 7 8 8 0 6 9 2 7 7 8 7 7 8
split_gain=323.805 134.245 86.2608 55.4251 46.3527 43.5373 36.726 34.262 29.7584 31.9382 29.6155 28.3621 42.2938 27.9588 27.8378 26.4329 25.9245 25.6727 25.3118 24.878 27.822 24.8321 24.1859 24.1283 23.7504 30.3051 25.1519 23.3808 70.7942 37.8711
threshold=1.9024769067764284 0.068420138210058226 0.99999967217445385 0.61779513955116283 0.92186495661735546 0.46076923608779913 0.73683151602745067 0.99999967217445385 0.94535544514656078 0.93814387917518627 0.92773127555847179 0.78005465865135204 0.77866613864898693 0.93986612558364879 4.5000000000000009 0.022355323657393459 0.92268827557563793 0.98091912269592296 31.04857158660889 122.70999908447267 32.500000000000007 0.14175347238779071 37.816249847412116 2.5000000000000004 0.95903879404068004 0.95216339826583873 79.942222595214858 0.99050432443618786 0.9875929355621339 84.990001678466811
decision_type=2 2 2 2 2 2 2 2 2 2 2 2 2 2 2 2 2 2 2 2 2 2 2 2 2 2 2 2 2 2
left_child=1 2 4 5 15 7 -2 10 9 19 11 12 18 -8 17 -1 -6 -9 23 20 -7 -19 -18 -3 25 -17 -27 28 -13 -29
right_child=6 3 -4 -5 16 8 13 14 -10 -11 -12 27 -14 -15 -16 24 22 21 -20 -21 -22 -23 -24 -25 -26 26 -28 29 -30 -31
leaf_value=-0.013817940213086808 -0.034776392844039709 0.032931948778201638 -0.033629636958608822 -0.0086043189958990157 0.022787049350444771 -0.028605530226451722 -0.026155384408882973 0.0065053351740057656 0.018973657788667928 0.015389183182980796 0.0052984935692007053 0.0020911126511249808 -0.044499863832056424 -0.0067589817099455198 -0.019266883682875335 -0.0042555509442694867 -0.054769889089088732 -0.063894975130728532 -0.010592016155122792 -0.033258845927249578 0.005242075411868035 -0.0055185818422537319 -0.00020438335183035479 -0.0019943082753839277 -0.016623915718218193 0.00096115352995651548 0.049207086671590239 -0.0013886262546395321 0.029446314093449062 -0.033746903418420751
leaf_weight=1052.1169843096286 523.0140837613435 75.303879398212302 238.87667818440241 989.60735550953541 123.25847054040059 67.269499805290252 417.56437004171312 343.56887096946593 688.76506203017198 536.09725753962994 9382.3406660477631 10272.786971196416 71.202613982139155 334.71029764873674 307.16710036201403 2937.2894698443706 20.394640493672341 26.970427757361904 467.36144450621214 54.130001228768378 622.76679731300101 56.129644614411518 4776.4007313718321 144.02862147078849 375.31789597473107 60.331214586272836 48.917457289295271 477.57934979442507 242.08808190375566 111.54147947253659
leaf_count=8148 20647 517 8225 13246 499 327 13625 3193 2225 1333 27954 39023 572 5720 4574 16463 96 497 4376 294 2021 559 19487 1005 2134 237 136 1351 507 429
internal_value=0.000142114 0.00105487 -0.0039583 0.00299143 -0.0032038 0.00347062 -0.0246002 0.0028325 0.0105933 0.00608477 0.00319941 0.0015391 -0.00781919 -0.0175253 -0.00778941 -0.00688696 0.000145419 0.000473435 -0.00401581 -0.000618129 0.00194238 -0.0244649 -0.000436381 0.009997 -0.00475589 -0.00329381 0.0225639 0.00217785 0.00272092 -0.0075152
internal_weight=35844.9 34569.6 9632.9 24936.7 9394.03 23947.1 1275.29 21978.1 1969.03 1280.26 21244.2 11861.9 757.897 752.275 733.836 4473.97 4920.05 426.669 686.694 744.166 690.036 83.1001 4796.8 219.333 3421.86 3046.54 109.249 11104 10514.9 589.121
internal_count=199420 159428 55425 104003 47200 90757 39992 84557 6200 3975 75734 47780 6470 19345 8823 27118 20082 4249 5898 2642 2348 1056 19583 1522 18970 16836 373 41310 39530 1780
is_linear=0
shrinkage=0.05


Tree=26
num_leaves=31
num_cat=0
split_feature=6 6 11 7 6 7 5 7 11 7 11 5 7 10 7 7 10 7 7 10 7 11 7 11 10 10 6 7 2 0
split_gain=260.04 121.49 92.477 51.0056 58.4293 44.6691 44.5941 50.6578 40.898 38.9721 37.9184 33.444 33.0729 29.0727 27.7346 26.7172 32.4794 23.8267 25.7656 25.3531 43.2905 31.6613 30.0969 23.4758 30.3183 23.319 23.013 26.5591 22.7807 22.4511
threshold=0.94457754492759716 0.099473379552364363 0.99999967217445385 0.8021141290664674 149.96476745605472 0.93901729583740245 0.2152509689331055 0.80587655305862438 0.87505811452865612 0.99498343467712413 0.97062435746192943 0.48074074089527136 0.93630746006965648 0.94113254547119152 0.96940788626670849 0.80005374550819408 0.86608082056045543 0.79913553595542919 0.79781422019004833 0.90842315554618847 0.72762697935104381 0.88106057047843944 0.79261848330497753 0.98521563410758983 0.82669439911842357 0.82189506292343151 0.022355323657393459 0.96564543247222911 6.5000000000000009 20.500000000000004
decision_type=2 2 2 2 2 2 2 2 2 2 2 2 2 2 2 2 2 2 2 2 2 2 2 2 2 2 2 2 2 2
left_child=1 2 6 -2 13 12 8 10 -1 -10 15 23 -4 -5 26 17 -17 18 19 21 29 22 25 -3 -25 -8 27 -9 -12 -21
right_child=3 11 5 4 -6 -7 7 14 9 -11 28 -13 -14 -15 -16 16 -18 -19 -20 20 -22 -23 -24 24 -26 -27 -28 -29 -30 -31
leaf_value=-0.017762538184136104 -0.028144662394426836 0.0034326776275512335 -0.01805886424144847 -0.01830936802251695 0.034456869856101066 -0.047132432649754863 0.035221352351291327 -0.011067337060519669 -0.0033464998978751416 -0.056462324682120715 0.035142179620923253 0.011444877268024213 0.052017409003894677 0.0057491418848776947 -0.012393985151828175 0.043255596844082519 0.0064876100298718519 -0.025424856761556591 0.032354627794153407 0.067619253837795074 -0.0028778898920965653 0.011684230191253323 0.025170064163332447 0.025684835794265004 -0.0096763987217105985 -0.029477474376368468 0.00059054796291663507 0.049322076359863881 -0.035081316719630301 -0.097717052697237503
leaf_weight=571.18204840261023 785.77130609712913 17452.346382956719 221.73888953420101 757.12300816053175 65.852971362066455 155.61755333509063 15.659062199760227 644.56351266056299 5338.6246031295741 34.758765964303166 155.98731052316725 1279.3969863078091 18.220752437366173 150.5378815967706 554.58460876333993 96.46828499995172 159.15831822296605 70.441293719690293 77.822552661877126 2.3278323989361551 565.10483690258116 850.10223502316512 43.646256248001009 67.410434526856989 601.43610066734254 125.90885406581219 4674.7576299009379 18.735965860076249 12.472369478549806 17.406764323124662
leaf_count=5133 28292 63646 5743 17684 441 4882 63 3937 29408 240 372 4274 126 2052 2770 234 567 246 196 7 2030 3045 142 321 6959 749 15685 89 48 172
internal_value=7.33447e-05 0.00104811 -0.00242694 -0.0186685 -0.0110198 -0.0262684 -0.00175472 0.000662416 -0.00504224 -0.00369009 0.00715076 0.00363198 -0.0127378 -0.0143192 -0.00175174 0.00525378 0.0203631 0.00306972 0.00425182 0.00290193 -0.00542002 0.00760292 -0.0111296 0.00308037 -0.00611248 -0.022321 -0.000646085 -0.00936154 0.029943 -0.0782145
internal_weight=35585.2 33825.9 14425.3 1759.29 973.514 395.577 14029.7 8085.15 5944.57 5373.38 2192.51 19400.6 239.96 907.661 5892.64 2024.05 255.627 1768.42 1697.98 1620.16 584.839 1035.32 185.214 18121.2 668.847 141.568 5338.06 663.299 168.46 19.7346
internal_count=199553 151084 75884 48469 20177 10751 65133 30352 34781 29648 7871 75200 5869 19736 22481 7451 801 6650 6404 6208 2209 3999 954 70926 7280 812 19711 4026 420 179
is_linear=0
shrinkage=0.05


Tree=27
num_leaves=31
num_cat=0
split_feature=6 6 11 11 11 5 7 6 5 7 6 2 11 10 7 6 2 7 10 6 7 6 11 8 5 6 11 7 8 6
split_gain=268.577 125.576 52.3824 40.435 37.4076 35.8525 41.7447 32.7968 31.0154 39.4428 38.2998 29.7045 27.4719 28.3525 26.6432 26.6972 24.8204 23.308 24.2904 22.8632 28.8408 30.5618 30.0252 24.0196 25.3648 23.5696 22.6773 28.8814 35.3378 22.5939
threshold=1.9024769067764284 0.037760416045784957 0.99999967217445385 0.99999967217445385 0.91732761263847362 0.25962962210178381 0.81604409217834484 0.8056018352508546 0.21807064861059192 0.96940788626670849 0.049577547237277038 1.5000000000000002 0.94185137748718273 0.89626660943031322 0.8508017659187318 0.94457754492759716 10.500000000000002 0.96895995736122142 0.90433520078659069 0.19239004701375964 0.97390934824943554 0.38458912074565893 0.95868471264839183 83.049999237060561 0.2674796879291535 0.39289930462837225 0.91509923338890087 0.78388425707817089 64.758380889892592 0.12727430462837222
decision_type=2 2 2 2 2 2 2 2 2 2 2 2 2 2 2 2 2 2 2 2 2 2 2 2 2 2 2 2 2 2
left_child=1 2 5 4 7 -1 26 16 -6 17 -11 14 -2 -14 -5 -16 -3 -10 -19 -12 -21 22 23 -22 -25 -23 27 28 -7 -13
right_child=12 3 -4 11 8 6 -8 -9 9 10 19 29 13 -15 15 -17 -18 18 -20 20 21 25 -24 24 -26 -27 -28 -29 -30 -31
leaf_value=-0.010360164773854014 -0.028649420953238448 -4.9066460683423762e-05 -0.040384446408349803 0.046254233319359954 0.0010819759656605875 -0.044899006380344504 -0.0074206664355666516 -0.020719564144231387 0.0065760708878812484 -0.068065249560170349 -0.0074746256598590133 -0.023467542950879806 -0.046247661105038806 -0.008588064330951278 0.0038552809339943797 -0.095946846647853745 0.010016777825701137 -0.022418001914620404 0.049801469112178975 -0.027977123075971107 0.025556614787594984 -0.083663766881845847 -0.014461148491797221 -0.076560413088736651 0.0064199151083304262 -0.0022637052986998812 0.012429278979261311 0.013015374369996098 0.0080096504830358423 -0.0058296998600043453
leaf_weight=2321.3854546723887 774.33833542629145 10928.304258772638 114.65908774969284 37.624930359888822 6326.5729512025137 72.592542805010453 1144.1901388973929 184.7395389683079 8900.2439056975418 21.423143935855478 709.59562505222857 295.92820631456561 57.02098700159695 404.63332122605061 189.40024847176392 6.9465649044141164 648.77529538772069 14.607792150229214 57.367302694940008 63.395383450202644 347.93404053058475 9.1357127018272859 73.453449048101902 10.939418713562189 58.225143538787961 334.59707955247723 601.58561202161945 109.95469963923097 55.831836516736075 469.84500385436695
leaf_count=16078 28774 50196 4812 232 27248 464 6197 3890 26562 171 2015 6330 1373 9761 1784 74 2245 45 106 212 660 38 169 38 139 1695 1832 463 291 5680
internal_value=2.7044e-06 0.000832385 -0.00703018 0.00200299 0.00234745 -0.00614194 -0.00120677 0.000181494 0.00385243 0.00550581 -0.00165251 -0.00788177 -0.0228937 -0.0132396 0.00771034 0.000324376 0.00051502 0.00680524 0.0351441 -0.000767305 0.00453468 0.00700518 0.0150159 0.0202069 -0.00670468 -0.00442715 0.00725773 -0.00579345 -0.0218972 -0.0126457
internal_weight=35345.2 34109.3 4420.2 29689.1 28689.3 4305.54 1984.15 11761.8 16927.5 10600.9 1628.7 999.745 1235.99 461.654 233.972 196.347 11577.1 8972.22 71.9751 1607.28 897.68 834.285 490.552 417.099 69.1646 343.733 839.965 238.379 128.424 765.773
internal_count=199574 159666 30137 129529 115429 25325 9247 56331 59098 31850 5137 14100 39908 11134 2090 1858 52441 26713 151 4966 2951 2739 1006 837 177 1733 3050 1218 755 12010
is_linear=0
shrinkage=0.05


Tree=28
num_leaves=31
num_cat=0
split_feature=6 6 11 5 11 7 6 7 10 6 11 11 6 7 7 10 7 6 10 7 5 6 7 7 7 7 11 1 5 5
split_gain=221.28 121.541 68.9319 47.7183 39.4069 38.4627 34.7425 31.8415 35.4056 31.7846 31.6165 31.1785 29.8317 31.8973 43.5408 46.9308 37.5451 34.4837 30.5958 29.4372 36.7564 28.7808 28.0631 27.2307 27.1533 58.134 26.5879 24.1104 24.7708 23.9822
threshold=3.8102546930313115 0.043975694105029113 0.99999967217445385 0.3647450208663941 0.86279430985450756 0.85315325856208812 0.15126735717058185 0.84397113323211681 0.88735154271125805 0.68967592716217052 0.85950246453285228 0.97958019375801098 0.65008100867271434 0.90902984142303478 0.89216610789299022 0.93377912044525158 0.88296157121658336 0.34902198612689977 0.86124646663665783 0.81445398926734935 0.091966174542903914 0.5204455852508546 0.78005465865135204 0.91312816739082348 0.84968197345733654 0.85870733857154857 0.95303973555564891 6.6973752975463876 0.14142857491970065 0.056349206715822227
decision_type=2 2 2 2 2 2 2 2 2 2 2 2 2 2 2 2 2 2 2 2 2 2 2 2 2 2 2 2 2 2
left_child=1 2 5 4 27 7 11 19 10 -5 -9 -6 13 14 16 17 -8 -16 -18 20 22 -19 -1 -15 -2 -26 -11 -3 -29 -21
right_child=24 3 -4 9 6 -7 12 8 -10 26 -12 -13 -14 23 15 -17 18 21 -20 29 -22 -23 -24 -25 25 -27 -28 28 -30 -31
leaf_value=-0.037736290542936764 -0.028412717723678066 0.012323683206873895 -0.042698460224289067 0.0063726811604249414 -0.00011875426120347833 -0.010021176199569604 0.0011993400085010411 -0.014127129232570909 -0.0050031782968080456 -0.029496200566792058 0.042952430109592599 -0.013623890150894364 -0.0056253032650232853 0.020781354478197248 -0.029198172520938155 0.013040591295242272 -0.022987370514223802 0.011152028417774629 0.025588411523043149 0.016866854954552101 0.0026120065301849186 -0.039615413876812958 -0.00038540370295504116 0.0056753324615788298 0.027139713349939351 -0.025133122654625376 0.0068742394042809107 -0.023085453142295882 -0.0055623721203385771 -0.015258376465672003
leaf_weight=105.99724743247498 723.74531014155946 119.10940450138878 126.94840654174914 6217.7103891148581 10490.554402259178 2412.4023055676371 2920.6438389590476 30.510827214340679 122.83817369467579 115.43916648474988 118.4172883114079 445.51242254389217 848.60049129102845 315.55675001163036 306.20144997327588 146.66019664425403 36.905553061747923 122.10313956835307 266.48584933276288 64.304480976425111 1629.578430179623 36.192129591479897 95.686481480603106 5465.0786125960294 76.151066794176586 176.38975251017837 88.981321953120641 308.45825021038763 582.59554253146052 601.60356401198078
leaf_count=1436 28635 809 5648 20617 41257 15438 15353 245 623 2404 460 6164 13499 789 1380 413 189 492 819 409 7537 186 787 17582 530 5292 970 3053 3501 3126
internal_value=-1.61046e-05 0.000655062 -0.00629773 0.00193511 0.000846228 -0.00540587 0.00130175 -0.00138484 0.0148683 0.00573488 0.0312586 -0.000668925 0.00336125 0.00415432 0.000618842 -0.0116174 0.00293838 -0.0194029 0.0196795 -0.00315366 0.000119944 -0.000455279 -0.0200156 0.00649995 -0.023487 -0.00937079 -0.0136647 -0.00880417 -0.0116284 -0.0121562
internal_weight=35117.4 34141.1 5308.29 28832.8 22410.7 5181.34 21400.5 2768.94 271.766 6422.13 148.928 10936.1 10464.4 9615.83 3835.19 611.157 3224.04 464.497 303.391 2497.17 1831.26 158.295 201.684 5780.64 976.286 252.541 204.42 1010.16 891.054 665.908
internal_count=199643 165186 35709 129477 105486 30061 98123 14623 1328 23991 705 47421 50702 37203 18832 2471 16361 2058 1008 13295 9760 678 2223 18371 34457 5822 3374 7363 6554 3535
is_linear=0
shrinkage=0.05


Tree=29
num_leaves=31
num_cat=0
split_feature=6 6 11 7 5 10 1 9 6 8 7 6 0 11 10 1 6 7 7 7 7 10 5 11 6 7 7 11 7 10
split_gain=234.811 161.169 64.161 35.8164 30.506 23.2758 23.2131 24.9135 23.9966 22.0792 24.2862 22.0342 23.0672 21.6111 31.9495 30.9354 21.5854 37.7874 60.1636 66.221 65.9319 43.403 42.7113 36.098 30.1646 27.695 53.915 52.8978 46.7834 65.334
threshold=0.73957175016403209 0.071718748658895506 0.99999967217445385 0.73683151602745067 0.35805861651897436 0.96057090163230907 44.41679763793946 69.602081298828139 0.036822916939854629 80.590000152587905 0.94710201025009166 0.039542824029922492 43.500000000000007 0.94991958141326915 0.89255914092063915 34.710411071777351 0.1710474565625191 0.86439576745033275 0.85467615723609935 0.84968197345733654 0.85570633411407482 0.86977127194404613 0.20761494338512423 0.93881836533546459 0.21861689537763598 0.85315325856208812 0.84244826436042797 0.95130848884582531 0.88296157121658336 0.88779687881469738
decision_type=2 2 2 2 2 2 2 2 2 2 2 2 2 2 2 2 2 2 2 2 2 2 2 2 2 2 2 2 2 2
left_child=1 2 4 -2 6 9 8 -8 -1 10 -6 -12 -13 -5 -15 -16 25 18 19 21 -20 22 -18 -23 -25 26 27 -3 29 -27
right_child=3 16 -4 13 5 -7 7 -9 -10 -11 11 12 -14 14 15 -17 17 -19 20 -21 -22 23 -24 24 -26 28 -28 -29 -30 -31
leaf_value=-0.01091369091561732 -0.028939631435185492 -0.0011476341321923183 -0.030967635887732138 -0.017897450936187078 0.0059319584627767546 0.04140497515392591 -0.0055478111538325679 0.0071823060653720796 -0.0043348181495412924 -0.0071704850418044634 -0.036864692607292082 -0.085249286236313032 0.0035597639827820403 -0.037507245324660973 0.02037032292029925 -0.0089435496905906058 -0.004963059555898713 0.0061857907160489459 -0.056203346669918011 0.031357805821120459 -0.0069878559770238562 -0.0082931187661900684 0.026145648968158009 0.02199607752790865 -0.00032985892398113719 -0.027029686588676039 0.023246799459558362 0.014828570504210645 0.0014126809256886149 -0.0012441750420792439
leaf_weight=2430.1757844814565 499.96960347640561 1985.1368798163021 226.92761995524052 899.70102533572935 1382.2885626640636 34.999032841995358 935.89715369278565 652.14578438620083 3226.1366096695419 686.88865139847621 64.016151787946001 7.7442474015988401 130.92264481261373 64.552198149147443 131.40823974995874 285.62763767206343 181.24340733967256 8573.303419383592 91.378700070083141 182.37172374734655 266.56213421653956 1246.9864678232698 282.02720759785734 202.38041330943815 599.33546911634039 362.07988885114901 375.59988012677059 701.10882999154273 7312.5200394112617 763.99442174914293
leaf_count=16729 20738 10779 8537 23481 4976 97 4224 2860 16247 2961 509 59 486 1348 1469 3591 1701 28862 533 604 1246 7924 1069 740 2763 2119 1461 2534 25725 2903
internal_value=-0.000292108 0.000690157 -0.0046914 -0.0174724 -0.0040671 0.000940419 -0.00566167 -0.000320061 -0.00716136 0.000317044 0.00356196 -0.0126013 -0.00140003 -0.0133218 -0.00477352 0.000293268 0.00296559 0.00448491 -0.000292559 0.00226605 -0.0195521 0.000153957 0.0139751 -0.00297141 0.00530597 0.00142973 0.00550313 0.00302215 -4.82534e-05 -0.00953529
internal_weight=34785.4 32904.2 9778.14 1881.26 9551.21 2306.86 7244.36 1588.04 5656.31 2271.86 1584.97 202.683 138.667 1381.29 481.588 417.036 23126 11625.6 3052.29 2694.34 357.941 2511.97 463.271 2048.7 801.716 11500.4 3061.85 2686.25 8438.59 1126.07
internal_count=199275 148648 57685 50627 49148 9088 40060 7084 32976 8991 6030 1054 545 29889 6408 5060 90963 45442 16580 14801 1779 14197 2770 11427 3503 45521 14774 13313 30747 5022
is_linear=0
shrinkage=0.05


Tree=30
num_leaves=31
num_cat=0
split_feature=6 6 7 7 5 10 6 7 6 10 7 10 7 7 5 10 6 7 7 4 8 7 7 5 7 7 5 10 7 7
split_gain=212.788 110.254 51.0001 42.1535 37.9356 34.2245 33.46 29.5016 27.0594 25.8153 31.3637 23.3256 23.0764 22.9404 22.5475 23.9679 21.3642 21.2623 36.561 26.6027 25.1287 28.1863 23.0467 41.1024 21.2471 38.5409 121.24 26.9294 35.6894 31.662
threshold=1.9024769067764284 0.065364584326744093 0.97077399492263805 0.97540983557701122 0.13714733719825747 0.91556867957115184 0.68967592716217052 0.73497268557548534 0.13119792193174365 0.91981571912765514 0.97818687558174144 0.79314282536506664 0.75031355023384105 0.80350261926651012 0.087595909833908095 0.85402321815490734 0.024149306118488315 0.96580219268798839 0.96508556604385387 1.0000000180025095e-35 138.3475036621094 0.93431425094604503 0.96705636382102977 0.19782608747482303 0.81279674172401439 0.80943742394447338 0.11952380836009981 0.9221160113811494 0.78005465865135204 0.77443340420722973
decision_type=2 2 2 2 2 2 2 2 2 2 2 2 2 2 2 2 2 2 2 2 2 2 2 2 2 2 2 2 2 2
left_child=1 2 4 -4 5 11 8 -2 17 10 -5 -1 -13 -6 -8 -16 -15 18 19 20 21 -3 23 -19 25 27 -27 28 29 -10
right_child=7 6 3 9 13 -7 14 -9 24 -11 -12 12 -14 16 15 -17 -18 22 -20 -21 -22 -23 -24 -25 -26 26 -28 -29 -30 -31
leaf_value=-0.067229263845114601 -0.030659949002911281 -0.014039297325499673 -0.055359536168196999 0.006142719638281789 0.0032795586249119409 -0.0005814417619123142 -0.030348143753087222 -0.014495406770564752 0.0022483907783283803 0.003621190663651898 -0.030924295472453019 -0.050260480263520979 -0.012312450272242793 -0.0096293607742384303 -0.039508591075474053 -0.0020192707298262703 -0.0013919982112351285 -0.064215210677878845 0.033326421096558249 0.0017843683110502573 0.035160867377216361 -0.068424501814388403 -0.0030762694612634783 -0.0022197061882486364 0.0047780121410819047 0.027672629071271215 -0.069205416776856543 -0.0070550026282396776 0.015193212118390829 -0.028891970158463693
leaf_weight=20.696443728171289 468.67637241852935 159.45028479374014 70.023941876803292 75.499672900419682 1893.9814959294745 688.17726987658534 97.926054264593404 709.67957709406619 588.49102618242614 146.22084763110615 233.76034111267654 41.554438617196865 1115.2204481448862 1023.6023403566796 45.827235945966095 611.82238136098022 3407.3331999753718 44.106239507440478 90.069377016276121 7274.2564022652805 21.287129779811949 28.00898872455582 1419.6742678440642 67.883649763651192 12898.686742625898 57.289156703511253 74.023288700263947 659.45305705629289 532.78669057670049 94.771616000216454
leaf_count=476 20289 1015 735 583 8448 4061 1924 19540 4428 1135 2380 831 10096 8054 1276 8493 16169 201 308 29913 112 153 5783 201 45047 262 470 3305 2873 900
internal_value=-4.15855e-05 0.00069337 -0.00414309 -0.0192426 -0.00317431 -0.00943971 0.00239551 -0.0209247 0.00272153 -0.0136902 -0.0218751 -0.014617 -0.0136756 -0.00132622 -0.00796463 -0.00463165 -0.00329493 0.000573852 0.00166049 0.00127935 -0.0163193 -0.0221652 -0.00479888 -0.0266361 0.00403341 -0.000752513 -0.0269393 0.00108095 0.005493 -0.00207092
internal_weight=34660.2 33481.9 8716.07 525.505 8190.57 1865.65 24765.8 1178.36 24010.2 455.481 309.26 1177.47 1156.77 6324.92 755.576 657.65 4430.94 9104.74 7573.07 7483 208.746 187.459 1531.66 111.99 14905.5 2006.81 131.312 1875.5 1216.05 683.263
internal_count=199461 159632 52968 4833 48135 15464 106664 39829 94971 4098 2963 11403 10927 32671 11693 9769 24223 37686 31501 31193 1280 1168 6185 402 57285 12238 732 11506 8201 5328
is_linear=0
shrinkage=0.05


Tree=31
num_leaves=31
num_cat=0
split_feature=6 6 7 7 11 11 5 6 5 6 7 10 2 11 10 7 3 7 8 6 9 7 11 6 7 2 9 8 6 11
split_gain=199.485 112.805 55.9325 49.6941 46.9748 42.1628 40.9251 37.081 36.9781 35.2722 34.719 34.8991 32.569 31.223 26.773 23.6292 22.5345 22.9903 22.3589 21.0824 20.3649 19.7452 19.7111 19.4837 19.1197 18.8135 17.8452 18.1748 17.5812 17.4128
threshold=0.73957175016403209 0.036822916939854629 0.85315325856208812 0.77275371551513683 0.99999967217445385 0.97958019375801098 0.35214626789093023 0.23475115746259692 0.57321429252624523 149.96476745605472 0.84397113323211681 0.89626660943031322 2.5000000000000004 0.86428427696228038 0.81342405080795299 0.8508017659187318 25.500000000000004 0.77443340420722973 62.625217437744148 9.9115796089172381 47.263086318969734 0.71595898270607006 0.91992890834808361 0.1883506923913956 0.98091912269592296 3.5000000000000004 75.010204315185561 136.06845855712893 0.012656250037252905 0.83955672383308422
decision_type=2 2 2 2 2 2 2 2 2 2 2 2 2 2 2 2 2 2 2 2 2 2 2 2 2 2 2 2 2 2
left_child=1 2 8 18 6 25 7 13 10 16 22 29 15 -3 -14 -6 17 -5 -2 -19 -8 -15 26 24 -17 -4 27 -1 -24 -12
right_child=3 4 5 9 12 -7 20 -9 -10 -11 11 -13 14 21 -16 23 -18 19 -20 -21 -22 -23 28 -25 -26 -27 -28 -29 -30 -31
leaf_value=-0.014135774218531377 -0.035269631023087632 -0.0097481251790154846 -0.013548163803951907 0.082278480264568049 0.036147522630733259 -0.045788442552190507 0.015929960268875311 0.0045439563813993548 0.038331322615989573 0.025457379712683109 -0.030760309575539348 -0.010954944484001068 0.02226130253093277 -0.052723498515903688 -0.018729990391019535 -0.0044185999340253281 -0.026976034574885108 -0.0066470139393195078 -0.016912217731616622 -0.031644253122878427 0.0049167675259474946 0.00047739897818560362 -0.011570000990839321 0.013462866523687767 -0.04683515109594253 0.0017901009604472601 2.6247809912906175e-06 -0.061414185320040476 0.0027591605519349982 0.035435423482405928
leaf_weight=515.94830745266518 364.87832448317204 801.11626074917149 1534.0503777409904 6.9089872932527205 47.797566175227985 94.742351938650245 447.63852371484973 5922.6044601512258 56.567750022397377 66.724583842675202 10.726007234770803 77.725472241989337 42.842297170660459 17.463072485057637 567.27712606461137 129.94209353858605 204.16807691555005 800.33844944278826 304.11914822744438 94.285119775740895 6738.7129992266418 13594.791024129547 280.40900748746935 119.71117947809398 33.39533802785445 229.87866917194333 257.91790218127426 21.161256785970181 904.78235305298585 134.63372793374583
leaf_count=3761 16664 5440 10986 56 336 3823 1174 23570 174 447 116 489 238 329 9666 1608 4455 14438 10416 4447 20713 54464 1568 884 634 1365 1973 174 4302 634
internal_value=-4.01935e-05 0.00086468 -0.00686957 -0.0160509 0.0019838 -0.0132945 0.00235938 0.00121322 -0.00158524 -0.00984625 -0.00261006 0.0160898 -0.00900159 -0.000155408 -0.0158516 0.00363063 -0.0119767 -0.00857981 -0.0269245 -0.00928149 0.00560278 0.000409148 -0.00471672 -0.00186039 -0.0130909 -0.0115493 -0.0108075 -0.0159985 -0.000631031 0.0305509
internal_weight=34423.3 32581.8 4118.54 1841.42 28463.3 1858.67 27522.3 20336 2259.87 1172.43 2203.3 223.085 940.966 14413.4 610.119 330.846 1105.7 901.533 668.997 894.624 7186.35 13612.3 1980.22 283.049 163.337 1763.93 795.027 537.11 1185.19 145.36
internal_count=199344 148421 29365 50923 119056 16174 105690 83803 13191 23843 13017 1239 13366 60233 9904 3462 23396 18941 27080 18885 21887 54793 11778 3126 2242 12351 5908 3935 5870 750
is_linear=0
shrinkage=0.05


Tree=32
num_leaves=31
num_cat=0
split_feature=6 6 11 11 11 5 2 5 10 1 11 10 6 11 8 10 1 6 3 1 10 6 8 10 1 5 10 10 6 5
split_gain=188.99 125.849 53.745 40.2975 37.6707 26.4971 26.3399 24.994 40.2841 23.0697 21.3061 23.6727 21.7973 20.9063 20.5852 27.366 20.2252 20.2137 19.2123 21.9826 18.8089 25.8388 17.9411 17.5832 23.3384 23.0081 16.7582 16.7804 16.4771 16.0114
threshold=1.2968403100967409 0.071718748658895506 0.99999967217445385 0.99999967217445385 0.91385900974273693 0.44058823585510259 5.5000000000000009 0.52041664719581615 0.92508015036582958 41.367946624755866 0.93956413865089428 0.89340302348136913 29.725462913513187 0.9753938913345338 34.643529891967781 0.8668227791786195 13.134017944335939 0.1373553201556206 27.500000000000004 44.569467544555671 0.90506184101104747 0.084149304777383818 45.570001602172859 0.94561922550201427 43.888847351074226 0.059411764144897468 0.92375779151916515 0.80659085512161266 0.0099247684702277201 0.040408162400126464
decision_type=2 2 2 2 2 2 2 2 2 2 2 2 2 2 2 2 2 2 2 2 2 2 2 2 2 2 2 2 2 2
left_child=1 2 4 7 9 18 20 13 26 -1 12 -12 -2 17 -8 -16 -7 -3 -6 -20 -5 -22 -13 25 -25 -15 27 -9 -18 -24
right_child=10 3 -4 6 5 16 14 8 -10 -11 11 22 -14 23 15 -17 28 -19 19 -21 21 -23 29 24 -26 -27 -28 -29 -30 -31
leaf_value=-0.010823439575338297 -0.015685100363003975 0.00054094916950546304 -0.028428710047382406 0.0070465753725567279 -0.0033360596566514959 -0.024268902153110419 -0.0020537184111724446 -0.075851869177151435 0.024415059578838175 -0.0026117103777608948 -0.037726517302565016 -0.01918487480379533 -0.032159823831811173 -0.073312703129356949 0.0049919779174158047 -0.042153865392050273 -0.019106296430710365 0.0037545963701335764 0.043494516320825051 0.0035258172371499005 -0.072231387992115551 -0.0073037082468160614 0.020853554583283529 0.00671520887690287 -0.061008237748595553 0.016307491099476212 -0.061376677465445686 0.0049164526190004307 0.01350707834168921 -0.0058597579797390114
leaf_weight=2127.7875332078547 427.52770561279613 7777.5507269374793 220.62116038170643 290.54133447364438 4557.7656667551491 43.244525321759284 93.379827491706237 6.5118644703179589 355.55494256445672 1430.153698080976 70.821672071237117 182.61074479774106 378.54168957177899 7.2617228347808114 40.098104982636869 132.44917357515078 41.715757785597816 13194.034589686082 36.329141446156427 648.38480975083075 16.208207656862214 280.66757060214877 74.10237950575538 43.1681450875476 18.036623230203986 519.34632174065337 10.017551656812428 516.15971035906114 540.82243681093678 230.81739357567858
leaf_count=15432 11370 29756 8628 2582 21290 188 1231 42 953 7957 1742 5192 19267 46 442 2558 218 52526 122 2361 358 2975 1383 129 88 1734 48 1841 1751 5529
internal_value=1.3229e-05 0.000768367 -0.00403423 0.00275669 -0.00346327 -0.00100206 -0.00790793 0.0031621 0.0113818 -0.00752264 -0.0182217 -0.0107145 -0.0234219 0.00282345 -0.0209638 -0.0311977 0.00872252 0.00256278 -0.00216286 0.00564645 -0.00199745 -0.0108485 -0.00679055 0.0121235 -0.0132424 0.0150717 0.00268242 0.00391018 0.0111716 0.000632179
internal_weight=34312.2 32947.8 9646.82 23301 9426.2 5868.26 853.344 22447.6 888.244 3557.94 1364.42 558.352 806.069 21559.4 265.927 172.547 625.783 20971.6 5242.48 684.714 587.417 296.876 487.531 587.813 61.2048 526.608 532.689 522.672 582.538 304.92
internal_count=199739 155256 57947 97309 49319 25930 10146 87163 2884 23389 44483 13846 30637 84279 4231 3000 2157 82282 23773 2483 5915 3333 12104 1997 217 1780 1931 1883 1969 6912
is_linear=0
shrinkage=0.05


Tree=33
num_leaves=31
num_cat=0
split_feature=6 6 11 6 7 6 7 5 5 10 11 6 11 7 7 10 9 7 3 7 7 3 10 7 10 2 11 0 5 5
split_gain=189.245 117.208 53.7755 48.1766 37.0233 34.1051 33.0235 32.6325 24.6574 26.6262 44.7664 24.9603 24.1473 23.6232 38.7521 27.981 23.1999 23.0533 21.5672 25.9645 20.3968 19.3709 25.5698 18.9619 18.698 18.1577 25.7584 18.163 17.9709 17.6767
threshold=3.8102546930313115 0.053431713953614242 0.9999997913837434 0.61779513955116283 0.88390216231346141 0.10696180537343027 0.99673026800155651 0.47871376574039465 0.15075758099555972 0.93494874238967907 0.9350053369998933 0.008998842444270851 0.95616528391838085 0.85870733857154857 0.82318821549415599 0.95192316174507152 84.198017120361342 0.98927259445190441 14.500000000000002 0.78005465865135204 0.84553885459899913 7.5000000000000009 0.88917598128318798 0.85870733857154857 0.89626660943031322 1.0000000180025095e-35 0.95185703039169323 12.500000000000002 0.13921189308166507 0.14142857491970065
decision_type=2 2 2 2 2 2 2 2 2 2 2 2 2 2 2 2 2 2 2 2 2 2 2 2 2 2 2 2 2 2
left_child=1 2 4 5 8 6 29 -7 16 11 20 -10 -2 14 15 -12 18 21 19 -1 -11 22 -5 -20 -14 27 -27 -24 -23 -3
right_child=12 3 -4 17 -6 7 -8 -9 9 10 13 -13 24 -15 -16 -17 -18 -19 23 -21 -22 28 25 -25 -26 26 -28 -29 -30 -31
leaf_value=-0.043098998535296369 -0.027219950709993519 -0.003972983458678107 -0.03643034611827544 -0.024551853349046682 -0.009752004518885209 0.0029611319366812587 -0.057113624828314696 0.010837804052597613 -0.013018049746772812 -0.05750080226828988 -0.013348880173801351 0.0036894199605396064 -0.055561605945952247 0.030134143100964864 -0.051467669416929734 0.024304268818921202 0.0072923541689959631 -0.025227630590885314 0.0019499296182762188 -0.013593221445852814 -7.8196013776503248e-05 -0.02718771727009844 0.047627093276202098 -0.033561690847198837 -0.0019568260740733439 0.004501187487847857 0.045552831149870521 -0.010426778316707554 -0.0061539578650998067 0.0012864641806064013
leaf_weight=94.866577708278783 700.26496121214586 2188.5211282559321 138.18356105248677 62.471631769905798 2435.4319413336343 15897.469059864292 25.508485936850775 1433.5072302315384 246.8199805241311 65.148889401461929 139.65238766605034 2370.8152952146484 17.981616849312559 45.907253803918138 44.124956867657602 76.296152874128893 177.7157264027046 167.91767269946286 276.58320177276619 348.32419894717168 20.277930181706324 126.78927046398167 15.348227501031941 43.503453608136624 170.68268748489209 88.552295537199825 67.217101939837448 110.27299341117032 510.1084626809461 5916.4746343842708
leaf_count=1556 30580 12813 6452 1331 15433 61866 229 4684 1330 355 515 10287 444 151 211 200 1432 3878 2095 3063 97 2599 149 334 3418 1200 471 1558 7617 23016
internal_value=-0.000175847 0.000434947 -0.00557113 0.00190737 -0.00490332 0.00235925 -0.000312466 0.00361264 -0.00191382 0.000295312 -0.011868 0.00211405 -0.0229425 -0.00293324 -0.00877017 -4.57553e-05 -0.00897803 -0.00810892 -0.0127663 -0.019909 -0.0438703 -0.005178 0.00438526 -0.00287651 -0.0070659 0.0108096 0.0222157 -0.00333384 -0.0103412 -0.000133698
internal_weight=34022.7 33133.8 6523.65 26610.2 6385.47 25461.5 8130.5 17331 3950.04 3009.04 391.408 2617.64 888.929 305.981 260.073 215.949 940.993 1148.68 763.277 443.191 85.4268 980.76 343.862 320.087 188.664 281.391 155.769 125.621 636.898 8105
internal_count=199364 164922 43511 121411 37059 102608 36058 66550 21626 13146 1529 11617 34442 1077 926 715 8480 18803 7048 4619 452 14925 4709 2429 3862 3378 1671 1707 10216 35829
is_linear=0
shrinkage=0.05


Tree=34
num_leaves=31
num_cat=0
split_feature=6 6 7 5 11 6 6 1 11 2 5 6 10 5 9 11 10 7 7 10 3 7 11 7 6 7 7 7 10 6
split_gain=175.222 72.5722 52.7917 58.4486 50.6472 46.4728 36.4189 28.7412 24.5072 30.4832 29.5402 24.4983 24.0395 31.6869 25.4955 23.3988 25.2282 24.3693 23.2776 22.6063 23.4079 22.1892 22.6246 22.1786 21.8651 20.1086 19.5886 26.4006 43.9295 18.5402
threshold=3.3199421167373662 0.098072916269302382 0.80350261926651012 0.087595909833908095 0.98521563410758983 0.65008100867271434 0.025989582762122158 41.303817749023445 0.98521563410758983 8.5000000000000018 0.46076923608779913 0.049577547237277038 0.88162070512771618 0.22111111134290698 74.736911773681655 0.94535544514656078 0.8913368582725526 0.95339515805244457 0.76251903176307689 0.87435781955719005 25.500000000000004 0.80005374550819408 0.90322980284690868 0.72762697935104381 0.36307291686534887 0.97818687558174144 0.96940788626670849 0.96705636382102977 0.90732708573341381 0.40089119970798498
decision_type=2 2 2 2 2 2 2 2 2 2 2 2 2 2 2 2 2 2 2 2 2 2 2 2 2 2 2 2 2 2
left_child=1 2 3 7 6 8 -4 -1 10 -10 23 -6 21 14 -14 17 24 -12 -9 -7 -21 22 -5 -3 -17 -13 27 -8 -29 -25
right_child=-2 5 4 12 11 19 26 18 9 -11 15 25 13 -15 -16 16 -18 -19 -20 20 -22 -23 -24 29 -26 -27 -28 28 -30 -31
leaf_value=-0.033572243841046338 -0.021810964752821446 -0.027183242265950244 -0.010275856169012495 -2.9122893876514809e-05 -0.039647257377792219 -0.027201049005925251 -0.0015900387471659691 -0.036220516896671252 -0.0018037714470252341 -0.031048957476435185 0.00083680734345877679 -0.0071089016171373854 -0.016985568898788002 0.0063621807395378193 0.0079972295600518519 0.0087306324069436909 0.024793275885571529 0.017786033664632848 0.010943870397677295 -0.0013476239197462963 -0.023179043350814901 0.036569066285954813 0.015502539875807421 0.0021276164198283072 -0.057272375197236262 -0.051263456254722888 -0.0090559147217760937 -0.004372687229535527 0.057323395866545918 0.0066482906264906348
leaf_weight=145.95713282388169 904.49082354892744 61.575147063646 1594.6881000545109 381.32322430529166 130.56964538383181 133.92189142835559 7499.6267359630438 35.568924316670746 611.9381189456908 104.28800781350583 693.57391408807598 205.81825150374789 319.70834712521173 1173.0421089429292 150.05307040782645 45.6495605930686 375.16293277591467 305.47699295170605 98.904348366428167 711.30138929537497 148.39917438174598 82.11275582620874 608.8215283023892 13607.869306301698 17.304019402712584 29.478261595824733 891.20728029974271 66.768342224881053 50.807742692530155 2721.6403842883883
leaf_count=2264 35275 830 11646 2619 5888 3520 31789 577 6008 1661 2536 3348 2317 4630 992 112 873 775 829 10905 2706 253 2413 48853 66 851 4164 300 147 10299
internal_value=-9.94323e-05 0.000495609 -0.0023288 0.00352417 -0.00400352 0.00244202 -0.00334171 -0.0182079 0.00300648 -0.00606209 0.0033708 -0.0222787 0.0057688 0.00196779 -0.00900546 0.0102442 0.0198783 0.00601932 -0.00153137 -0.00809275 -0.0051161 0.0115923 0.00952101 0.00276814 -0.00941158 -0.0126406 -0.00204208 -0.00122147 0.0222878 0.00288108
internal_weight=33907 33002.6 13464.5 2995.49 10469 19538.1 10103.1 280.43 18544.5 716.226 17828.3 365.866 2715.06 1642.8 469.761 1437.17 438.117 999.051 134.473 993.622 859.701 1072.26 990.145 16391.1 62.9536 235.297 8508.41 7617.2 117.576 16329.5
internal_count=199446 164171 75027 16894 58133 89144 48046 3670 72013 7669 64344 10087 13224 7939 3309 4362 1051 3311 1406 17131 13611 5285 5032 59982 178 4199 36400 32236 447 59152
is_linear=0
shrinkage=0.05


Tree=35
num_leaves=31
num_cat=0
split_feature=7 11 11 5 10 7 7 5 5 10 7 7 11 7 7 7 7 10 7 0 1 7 5 2 7 1 9 10 3 10
split_gain=116.332 51.929 45.0676 37.3836 31.6919 25.3503 24.5425 22.3007 40.0852 34.5231 27.9123 61.7307 46.4064 24.9599 29.1446 24.9349 64.0857 29.1987 23.3657 23.1795 22.9872 22.27 27.8172 20.8657 20.7661 37.524 20.6078 27.3175 27.0249 25.2996
threshold=0.71595898270607006 0.99999967217445385 0.91431927680969249 0.52041664719581615 0.83442839980125438 0.9413016438484193 0.9270581603050233 0.23956521600484851 0.040408162400126464 0.91851806640625011 0.84244826436042797 0.85467615723609935 0.94991958141326915 0.89545822143554699 0.92779719829559337 0.79261848330497753 0.79781422019004833 0.96355348825454723 0.84742003679275524 49.500000000000007 43.410333633422859 0.80005374550819408 0.31762748956680303 2.5000000000000004 0.98607006669044506 45.127101898193366 67.391551971435561 0.93786156177520763 6.5000000000000009 0.94624704122543346
decision_type=2 2 2 2 2 2 2 2 2 2 2 2 2 2 2 2 2 2 2 2 2 2 2 2 2 2 2 2 2 2
left_child=-1 2 -2 7 5 6 -3 8 -4 19 12 18 15 -10 -15 -11 -17 21 -12 -9 -16 22 -18 -6 -13 26 27 -26 29 -29
right_child=1 4 3 -5 23 -7 -8 9 13 10 11 24 -14 14 20 16 17 -19 -20 -21 -22 -23 -24 -25 25 -27 -28 28 -30 -31
leaf_value=-0.026681407154188198 -0.0017639975534819317 -0.00067190616001130304 0.0063567624784006561 0.012398238717688624 -0.0034376124475853755 -0.033566680739999348 0.049299136616741422 0.017274860690885345 -0.0053084319478175603 -0.0029841112666631718 0.010286576034623374 0.0027790151447549451 0.0045431664090745663 0.0077013831886285581 0.00088780382337334579 -0.062592833640351259 -0.034955370673684143 0.069163419766663722 0.055672742905597053 0.0050120162392434491 -0.0091467725132858505 -0.018538725333734588 0.049449703820376334 -0.018801139464545161 -0.035494676864408929 -0.055420456550666131 0.0086249687172820794 0.018484744689612004 0.026196641308814547 -0.08970290780456025
leaf_weight=404.70010907808319 12094.211930523277 48.343686891137622 1836.5318665924133 843.57070361496881 339.64362914318917 23.017157349153422 49.967094632796943 417.04843139403965 3080.1185184511123 368.53511782787973 46.393029779894277 3061.7894557588734 671.32623459602473 1079.1242653232766 2004.6371060679667 75.442770794266835 15.119522154331205 10.629324272973461 72.945888680056669 5070.8412228799425 797.88714796048589 384.14684832093189 27.545432118698955 632.66065659551532 88.124298040638678 40.260216532740742 158.00486478663515 9.9148499637376535 50.217858559684828 11.876996658043934
leaf_count=16508 72701 492 11331 3135 5107 391 145 1535 20431 3129 150 9777 2488 4224 9096 322 34 52 149 17887 3517 1781 67 13460 430 210 797 39 192 81
internal_value=-3.49653e-05 0.000287808 0.000650437 0.00209444 -0.0104277 0.0136674 0.0247262 0.0016459 -0.000214112 0.00319266 0.000227657 0.00267948 -0.00536135 -0.00194753 0.00071938 -0.012905 -0.0200338 -0.0126939 0.0380289 0.00594392 -0.00196907 -0.0147325 0.0195384 -0.0134344 0.00144605 -0.00994139 -0.00418605 -0.0168267 0.00601879 -0.0404797
internal_weight=33814.6 33409.9 32316.2 20222 1093.63 121.328 98.3108 19378.5 8798.3 10580.2 5092.27 3539.53 1552.75 6961.77 3881.65 881.419 512.884 437.441 119.339 5487.89 2802.52 426.812 42.665 972.304 3420.19 358.399 318.139 160.134 72.0097 21.7918
internal_count=199658 183150 163555 90854 19595 1028 637 87719 48599 39120 19698 11825 7873 37268 16837 5385 2256 1934 299 19422 12613 1882 101 18567 11526 1749 1539 742 312 120
is_linear=0
shrinkage=0.05


Tree=36
num_leaves=31
num_cat=0
split_feature=6 6 11 11 11 6 6 7 7 5 7 7 2 7 2 7 11 7 9 6 6 6 1 10 10 11 5 1 11 10
split_gain=165.956 98.6776 46.464 35.8726 35.9278 37.4811 51.3066 35.7431 33.1949 32.6331 37.0534 30.4756 30.3802 28.5928 27.7247 27.0992 22.2333 21.6865 20.8996 19.909 31.5624 19.842 24.1627 19.1574 46.3487 32.9784 30.6982 35.5053 28.5877 25.594
threshold=1.9024769067764284 0.052413193508982665 0.99999967217445385 0.99999967217445385 0.95039907097816478 0.68967592716217052 0.1710474565625191 0.86439576745033275 0.84244826436042797 0.40212766826152807 0.86439576745033275 0.83664786815643322 5.5000000000000009 0.84005194902420055 4.5000000000000009 0.73683151602745067 0.94185137748718273 0.8265027403831483 54.54083442687989 149.96476745605472 163.15387725830081 0.18101272732019427 47.235816955566413 0.93262898921966564 0.93226185441017162 0.94889217615127575 0.27386364340782171 46.64189529418946 0.94535544514656078 0.9444088637828828
decision_type=2 2 2 2 2 2 2 2 2 2 2 2 2 2 2 2 2 2 2 2 2 2 2 2 2 2 2 2 2 2
left_child=1 2 7 4 5 6 -3 -1 11 -6 12 -8 17 -13 -5 -2 18 -11 -15 -17 -21 -14 -23 24 25 -10 28 -28 29 -25
right_child=15 3 -4 14 9 -7 8 -9 23 10 -12 13 21 16 -16 19 -18 -19 -20 20 -22 22 -24 26 -26 -27 27 -29 -30 -31
leaf_value=-0.00080430378893059883 -0.029140687051100164 -0.00030250619645732038 -0.034229740290356352 -0.00055540727559877997 0.0043140010288052972 -0.012615188722685335 0.00011510700642285677 -0.0084631305605693541 0.0055167297388834689 0.02232939306150292 0.006197103493210683 -0.052601910199830987 0.019610630239818044 -0.1007473268720923 -0.018511494053415727 -0.017773811804875812 0.057894741740521796 0.048341387730032048 -0.0053008136069467556 0.046273503067870703 -0.0088584092174156977 -0.051675490352476643 0.068703177538002674 0.0086867903819502403 -0.068727918787710465 -0.03661836668943641 0.02270453783842857 -0.037419889476316685 0.03176685508497492 -0.011658211496043226
leaf_weight=3418.2783580733812 419.50445094020688 11439.28752414597 131.71620820420503 540.18368560122326 3445.3327109542442 453.0968091780378 1458.566338615783 2748.0772679899819 6067.4159179404378 206.01796641014516 543.11931998829823 55.099010129692033 41.659581588581204 6.5949231050908557 357.07490941637661 494.2551036348741 12.025049662217496 131.12818827922456 44.001757136080414 32.817509538435843 124.23360717733158 26.725675146095458 4.9389044884592286 429.73024830035865 21.278322233818471 46.797040119767189 563.45262264972553 25.673295021057129 87.4145417958498 241.43141824309714
leaf_count=18743 20598 46664 6605 6014 12036 8650 9762 17313 20310 548 1503 383 108 52 6262 14125 24 253 232 193 5008 123 11 1281 90 176 1245 54 228 915
internal_value=0.000138088 0.000775314 -0.00484518 0.00212392 0.00247167 0.00160919 0.0019236 -0.00421751 0.00473446 0.00657964 0.0147654 -0.00186 0.0261027 -0.0263317 -0.00770125 -0.0192297 -0.0032174 0.0324464 -0.0177416 -0.0128461 0.00266199 -0.00306547 -0.0328993 0.00612355 0.00493787 0.00519424 0.0115214 0.0200844 0.00487124 0.00136825
internal_weight=33616.9 32546.1 6298.07 26248 25350.8 20951.9 20498.8 6166.36 9059.48 4398.92 953.59 1576.29 410.47 117.721 897.259 1070.81 62.6217 337.146 50.5967 651.306 157.051 73.3242 31.6646 7483.19 6135.49 6114.21 1347.7 589.126 758.576 671.162
internal_count=199509 159585 42661 116924 104648 90066 81416 36056 34752 14582 2546 10453 1043 691 12276 39924 308 801 284 19326 5201 242 134 24299 20576 20486 3723 1299 2424 2196
is_linear=0
shrinkage=0.05


Tree=37
num_leaves=31
num_cat=0
split_feature=6 6 7 5 7 6 6 10 7 11 7 7 11 5 10 10 11 8 0 2 5 7 7 7 10 8 9 5 4 10
split_gain=150.85 95.2985 48.5107 36.3815 39.1799 28.1616 27.8271 25.5984 24.9165 24.6122 23.7323 22.9971 34.0215 25.3707 25.7878 24.8454 23.6179 22.2693 22.1417 21.9124 31.8557 21.9067 60.0825 46.1021 28.4419 27.3594 25.6592 23.8165 21.6607 21.6154
threshold=3.8102546930313115 0.064415510743856444 0.93901729583740245 0.14142857491970065 0.752172350883484 0.018836805596947673 0.53994792699813854 0.79847291111946117 0.98927259445190441 0.99999967217445385 0.75461345911026012 0.86988264322280895 0.87067398428916942 0.056349206715822227 0.93741092085838329 0.94959956407547008 0.98521563410758983 16.729999542236332 26.500000000000004 3.5000000000000004 0.29679679870605474 0.9875929355621339 0.98694348335266124 0.98553258180618297 0.88871523737907421 20.704167366027836 56.442220687866218 0.23956521600484851 1.0000000180025095e-35 0.9091075360774995
decision_type=2 2 2 2 2 2 2 2 2 2 2 2 2 2 2 2 2 2 2 2 2 2 2 2 2 2 2 2 2 2
left_child=1 2 5 4 -3 19 7 -6 21 -4 -9 12 -12 14 -14 17 -13 -15 29 -1 -21 22 23 -5 26 -23 -25 -26 -16 -19
right_child=-2 3 9 8 6 -7 -8 10 -10 -11 11 16 13 15 28 -17 -18 18 -20 20 -22 25 -24 24 27 -27 -28 -29 -30 -31
leaf_value=-0.011823746844682769 -0.020952123204897453 -0.031155372302817726 -0.010887442048776494 0.0035225336836113997 -0.022636960098864792 -0.00069983197326808 -0.012847635330810554 0.0549126411625592 -0.0041333593917350078 -0.041566144378875354 -0.03684102385654945 0.0028185487939178223 0.0012874101334432396 -0.048158497216753464 -0.011685393396471129 0.038172632833345953 -0.018534580101804962 0.058320612224975671 -0.010029327660299249 -0.0093116376399734156 0.026173210371036509 -0.05081786269910761 -0.032491891735239885 -0.10178083797155571 0.0014752001941010428 0.024716835105538765 0.011715585573975472 0.055844985077346636 0.052566306986054613 -0.058173591325173184
leaf_weight=1109.0363321779878 841.29499348533864 106.64660242828541 1433.8332561340649 16153.15619529871 119.58690469537396 5332.4207927896059 433.17630868172273 20.139027312863618 1073.828754903865 68.499064019386424 80.177896843291819 4497.0797518768813 379.94681076495908 36.899706585798413 18.017093011178076 27.424803370377049 133.33596133277752 21.432198946131397 704.5074168726569 167.60085551807424 101.58059866598342 12.788151292130349 114.99543264880776 6.100246819201856 26.100944056874141 191.64344128442463 27.114950560033321 88.225046126404777 48.23325000051409 4.8905651611275962
leaf_count=8449 34425 1743 8639 66670 870 29686 6311 125 6170 3426 1174 16639 2516 290 87 126 2151 122 5592 1467 636 80 540 35 125 896 117 213 158 62
internal_value=-4.83172e-05 0.00049216 -0.00416472 0.00206446 -0.00109409 -0.00234653 -0.000602744 0.000267985 0.00324824 -0.0122862 0.000726641 0.000543297 -0.00527437 -0.00323551 0.00630675 -0.0085901 0.00220367 -0.0102606 -0.00834708 -0.00871772 0.00407923 0.00372517 0.00352259 0.00377666 0.0315994 0.0199918 -0.00912898 0.0434322 0.0350928 0.0366769
internal_weight=33379.7 32538.4 8212.97 24325.4 6631.49 6710.64 6524.85 6091.67 17694 1502.33 5972.08 5951.95 1321.53 1241.35 446.197 795.155 4630.42 767.73 730.83 1378.22 269.181 16620.1 16415.7 16300.7 147.541 204.432 33.2152 114.326 66.2503 26.3228
internal_count=199540 165115 52303 112812 37966 40238 36223 29912 74846 12065 29042 28917 10127 8953 2761 6192 18790 6066 5776 10552 2103 68676 67700 67160 490 976 152 338 245 184
is_linear=0
shrinkage=0.05


Tree=38
num_leaves=31
num_cat=0
split_feature=6 6 11 6 7 7 7 3 6 5 5 7 10 1 7 7 7 3 7 5 10 7 11 1 3 10 10 5 10 7
split_gain=147.809 101.709 56.3289 41.111 36.0825 32.6842 32.2582 40.4432 31.9113 22.8934 22.7369 22.3595 22.3467 21.4493 24.6322 20.9532 40.714 26.2212 19.3818 38.9418 32.0701 27.087 26.8411 20.2159 20.7509 19.7661 20.8392 22.077 19.3101 28.8023
threshold=0.68967592716217052 0.1373553201556206 0.99999967217445385 0.034971063956618316 0.77275371551513683 0.97771656513214122 0.88390216231346141 29.500000000000004 149.96476745605472 0.46076923608779913 0.18677325546741488 0.89422646164894115 0.95575201511383068 46.021183013916023 0.86921077966690075 0.8265027403831483 0.80943742394447338 1.0000000180025095e-35 0.79913553595542919 0.096006143838167204 0.93831497430801403 0.78005465865135204 0.96838253736495983 34.895074844360359 13.500000000000002 0.88504287600517284 0.91619911789894115 0.2639319002628327 0.88213106989860546 0.8508017659187318
decision_type=2 2 2 2 2 2 2 2 2 2 2 2 2 2 2 2 2 2 2 2 2 2 2 2 2 2 2 2 2 2
left_child=1 2 3 6 -2 -4 10 11 -6 -3 -1 -8 18 14 -14 16 17 -11 19 20 -5 22 23 24 -21 -23 27 -27 29 -12
right_child=4 9 5 12 8 -7 7 -9 -10 15 28 -13 13 -15 -16 -17 -18 -19 -20 21 -22 25 -24 -25 -26 26 -28 -29 -30 -31
leaf_value=-0.0094243303512893898 -0.023899130008890282 0.0033916649909770018 -0.013401765199755396 -0.028313336505216186 -0.010800684944016646 -0.051118282719378128 -0.040164347492415042 0.015816928625026948 0.026823667683988542 -0.05856025891014785 0.011983618956942464 -0.013524215051630289 0.03380313087134694 -0.034280651725735828 0.0037599295298205108 0.013771418379345613 -0.06105226523772115 0.010460842470364478 -0.001100800080098178 -0.015020094843700309 0.027739263565929286 0.025176903302185718 0.023834556079317802 0.0036013130453247306 0.041741063229207676 -0.019815391159366161 0.018340959324061722 0.017139979327025857 -0.0033930772529120906 -0.023269743962691485
leaf_weight=812.46219636825845 609.60095530076069 12649.616072162869 406.10874253345537 143.62406168610323 1099.8133480287215 66.902694882330252 85.437938436400145 112.98159654031042 59.400662728701718 14.989952987991272 521.04540588450618 1008.355305447476 124.55307326279581 21.70401001162827 150.86463282024488 970.22629693162162 26.931347174569964 167.75132862525061 11241.299032119976 277.45307418797165 31.031623150920495 264.27598171820864 126.06872840924188 797.88652000069851 17.093818335793912 104.67630650126375 196.51091176271439 65.828362179920077 987.08951514679939 65.186952567426488
leaf_count=6941 27215 50753 10386 2254 24065 2269 753 574 450 106 2070 8005 346 65 459 3042 169 706 44884 1932 185 1100 366 4028 83 629 597 211 4524 454
internal_value=1.2324e-05 0.000803098 -0.00171505 -0.00124573 -0.0140514 -0.0187364 -0.00600152 -0.0126633 -0.00887273 0.00401297 -0.00263186 -0.0156051 1.39875e-05 0.0135752 0.0173465 0.0106739 -0.00365911 0.00479916 -0.000289753 0.00421381 -0.0183543 0.00634466 0.00198963 -0.000531308 -0.011726 0.0147506 0.007243 -0.00554768 0.000875762 0.00806357
internal_weight=33226.8 31458 17628.4 17155.4 1768.81 473.011 3592.56 1206.77 1159.21 13829.5 2385.78 1093.79 13562.9 297.122 275.418 1179.9 209.673 182.741 13265.7 2024.45 174.656 1849.79 1218.5 1092.43 294.547 631.292 367.016 170.505 1573.32 586.232
internal_count=199621 147891 93115 80460 51730 12655 23321 9332 24515 54776 13989 8758 57139 870 805 4023 981 812 56269 11385 2439 8946 6409 6043 2015 2537 1437 840 7048 2524
is_linear=0
shrinkage=0.05


Tree=39
num_leaves=31
num_cat=0
split_feature=6 6 11 5 11 11 1 10 11 11 7 7 7 10 3 9 10 1 1 10 0 7 2 10 7 7 7 7 11 5
split_gain=119.763 92.713 37.9516 31.0091 26.9991 27.5397 32.7879 26.8155 26.4736 27.4348 24.2596 50.1343 23.7206 21.3612 35.4237 20.9348 19.5435 19.9463 19.2184 26.812 20.1171 20.1043 19.0087 23.5318 18.5836 26.1179 36.4982 22.5189 18.1415 18.0531
threshold=1.9024769067764284 0.045723380520939834 0.99999967217445385 0.21807064861059192 0.92949241399765026 0.93036323785781871 15.551511287689211 0.96355348825454723 0.87505811452865612 0.98521563410758983 0.82999643683433544 0.85870733857154857 0.92320612072944652 0.80278772115707409 40.500000000000007 81.777999877929702 0.89544790983200084 34.895074844360359 43.002254486083991 0.84223127365112316 13.500000000000002 0.93901729583740245 4.5000000000000009 0.8668227791786195 0.89695870876312267 0.93498611450195324 0.93297052383422863 0.89785450696945202 0.83528897166252147 0.22111111134290698
decision_type=2 2 2 2 2 2 2 2 2 2 2 2 2 2 2 2 2 2 2 2 2 2 2 2 2 2 2 2 2 2
left_child=1 2 28 7 13 6 -6 8 12 -10 -2 -12 -3 14 -5 -9 17 -8 20 21 -7 -20 23 -19 -13 26 27 -26 -1 -30
right_child=10 3 -4 4 5 18 16 15 9 -11 11 24 -14 -15 -16 -17 -18 22 19 -21 -22 -23 -24 -25 25 -27 -28 -29 29 -31
leaf_value=-0.028021678774669587 -0.022925819716379116 -0.01615953778454024 -0.035622837498131561 0.018623267179883864 -0.10152830223301522 -0.024858256456207775 0.043095865352075123 -0.094113508501527665 0.00092711512617331274 -0.014375352804681264 0.019998765988420559 -0.041820955591467868 0.00069691415527826494 0.00055604845331644597 -0.098148505214627216 0.019025858545824566 0.034697767442490222 -0.0019528990266524686 0.03410996322489171 0.00019996732812551377 0.0068459170001470048 -0.013796296939136097 0.023792034360893118 -0.10160050252773534 0.082938880209224186 -0.023356442030630146 0.081629830226151154 -0.015300161187578524 -0.0077763557238922504 -0.001759605920223131
leaf_weight=84.154931853176095 625.77547380607575 473.30895861197496 103.22867719823262 241.06737268995494 5.1968600940890601 50.547778317355551 18.827008874155581 13.308799159713091 9900.7679012053413 301.82936266894103 119.51994598342571 65.583467534175725 373.32047166494885 7539.2040258884663 6.6745157688856116 5.9017667043954125 157.72676582122222 12.98040491435677 100.10194348869845 2597.315629986173 4929.6029097322607 28.032962130848318 15.412756078178061 10.899504408240317 6.5233628755668169 157.79808593459893 15.183573422138577 55.149906633712817 2370.7182594361948 2629.5510294840205
leaf_count=978 29336 5151 5812 980 33 206 59 99 47993 5180 1581 3430 2031 29895 34 20 416 40 301 11353 17913 197 45 51 77 4058 289 1126 17689 12682
internal_value=-3.57081e-05 0.000508887 -0.00560908 0.00169393 0.00312183 0.00517605 0.0225768 -0.000333225 -0.000230607 0.000474413 -0.016688 -0.00738864 -0.0087267 0.00103077 0.0154773 -0.0593554 0.0255649 0.000779814 0.00467689 0.00130147 0.00652412 0.0236292 -0.0194958 -0.047435 -0.0182911 -0.0117148 0.0121872 -0.00490913 -0.00499972 -0.00461226
internal_weight=33015.2 31969.7 5187.65 26782 15713.6 7926.64 221.043 11068.4 11049.2 10202.6 1045.53 419.758 846.629 7786.95 247.742 19.2106 215.846 58.1197 7705.6 2725.45 4980.15 128.135 39.2927 23.8799 300.238 234.655 76.8568 61.6733 5084.42 5000.27
internal_count=199055 159158 37161 121997 61523 30614 644 60474 60355 53173 39897 10561 7182 30909 1014 119 611 195 29970 11851 18119 498 136 91 8980 5550 1492 1203 31349 30371
is_linear=0
shrinkage=0.05


Tree=40
num_leaves=31
num_cat=0
split_feature=6 6 7 11 6 7 7 7 11 5 1 11 7 7 7 11 1 5 5 7 7 7 11 0 7 7 10 10 2 10
split_gain=125.113 94.1275 37.9097 45.7078 41.9243 28.1691 27.5057 25.8781 25.5857 28.71 24.9032 24.8668 34.539 24.2369 32.6817 24.344 23.8296 23.1816 22.5254 21.7952 21.5516 20.5987 21.7985 20.2683 20.9112 27.2366 25.2645 25.8401 20.0322 19.5124
threshold=0.68967592716217052 0.089010417461395278 0.94754996895790111 0.98521563410758983 0.024149306118488315 0.73683151602745067 0.9483337700366975 0.88390216231346141 0.98521563410758983 0.46076923608779913 47.235816955566413 0.94718936085701 0.88390216231346141 0.75877901911735546 0.76590073108673107 0.92949241399765026 35.709259033203132 0.37965516746044164 0.3402127623558045 0.93942040205001842 0.89785450696945202 0.7566962242126466 0.93698337674140941 28.500000000000004 0.90929856896400463 0.90902984142303478 0.8102690875530244 0.94380107522010814 3.5000000000000004 0.95575201511383068
decision_type=2 2 2 2 2 2 2 2 2 2 2 2 2 2 2 2 2 2 2 2 2 2 2 2 2 2 2 2 2 2
left_child=1 2 4 6 7 -2 -4 -1 9 13 -7 12 -11 15 -15 17 -9 -3 29 23 -18 -17 -23 -20 25 28 -26 -28 -25 -6
right_child=5 8 3 -5 18 10 -8 16 -10 11 -12 -13 -14 14 -16 21 20 -19 19 -21 -22 22 -24 24 26 -27 27 -29 -30 -31
leaf_value=-0.0049637637859078531 -0.0244366822267271 -0.012783396129761874 -0.041834477754747766 -0.043332296561494385 -0.0018201370811690779 -0.0081507571869840097 -0.0063324012661797107 -0.034678489064552225 -0.0062677900247371764 -0.0066732628492871832 -0.044300311011369359 0.020219236530818217 0.012335378639488737 0.026608724990383071 0.0027960846404119612 0.0049103766902966733 -0.040821861296231769 -0.055561631289674708 -0.019225407014689277 0.024470137049143692 -0.0041088373426176623 0.023165812028604862 -0.086111019596982905 0.0096459812091687011 0.08207481925362041 0.079272498153376225 -0.014763395678578173 0.030151401343243185 -0.0038447886885508119 0.021518839003342075
leaf_weight=1474.4158522118232 414.92665322040557 214.54433122213231 56.176763278665021 92.473820208455436 5804.2644882714958 1272.6974479118653 1892.9798703532433 153.49156438044156 736.6429977134103 363.00710518611595 49.494747560587712 419.37956620473415 699.39221597602591 145.36777702649124 16371.975963982637 302.01779287331738 48.025447584921494 37.153463498223573 94.952988243661821 129.76448536082171 238.44400576030603 7.0557089541107443 12.920854899100958 1114.4948081414914 7.7268846174702039 12.904016478918491 271.43278843990993 36.305664337705821 365.37793000228703 90.958030094509013
leaf_count=10344 20876 2612 289 3944 32467 29789 9708 1807 8428 1650 1160 1043 2005 844 59625 1553 513 313 473 530 2344 28 68 3813 19 26 1265 128 1662 338
internal_value=-1.09081e-05 0.000716373 -0.00278465 -0.00898514 -0.00149849 -0.0130708 -0.00735561 -0.00813932 0.00287111 0.00323358 -0.00950397 0.00990995 0.00584039 0.00265475 0.00300566 -0.00744836 -0.0187814 -0.019098 0.000105031 0.00464345 -0.0102636 0.00165793 -0.0475145 0.00329162 0.00447402 0.0069458 -0.00722241 -0.00946454 0.00631513 -0.00146004
internal_weight=32930.8 31193.6 11884.2 2041.63 9842.56 1737.12 1949.16 1914.38 19309.5 18572.8 1322.19 1481.78 1062.4 17091 16517.3 573.692 439.961 251.698 7928.18 2032.96 286.469 321.994 19.9766 1903.2 1808.24 1492.78 315.465 307.738 1479.87 5895.22
internal_count=199664 147839 69670 13941 55729 51825 9997 15008 78169 69741 30949 4698 3655 65043 60469 4574 4664 2925 40721 7916 2857 1649 96 7386 6913 5501 1412 1393 5475 32805
is_linear=0
shrinkage=0.05


Tree=41
num_leaves=31
num_cat=0
split_feature=6 6 7 11 10 5 5 11 5 7 7 5 2 7 7 6 11 11 10 7 10 7 7 10 7 7 9 9 6 10
split_gain=113.509 85.6704 40.1808 32.829 33.8064 32.5544 40.4629 29.431 27.2717 25.3822 33.4607 33.1207 24.5418 24.4514 37.8559 46.6012 25.2884 23.2528 23.1567 24.9558 27.1618 22.8199 22.1809 21.9081 103.229 34.4663 27.6182 25.2835 22.4442 21.8033
threshold=0.68967592716217052 0.10384837910532953 0.96940788626670849 0.93956413865089428 0.89255914092063915 0.11696306616067888 0.056349206715822227 0.88742813467979442 0.48074074089527136 0.85315325856208812 0.85570633411407482 0.26138716936111456 6.5000000000000009 0.96564543247222911 0.95995700359344494 0.076024305075407042 1.000000059604645 0.9824512004852296 0.88962060213089 0.96362984180450451 0.89998844265937816 0.84126132726669323 0.8508017659187318 0.8930020034313203 0.88887396454811107 0.88887396454811107 47.263086318969734 58.336879730224616 0.015329861082136633 0.89544790983200084
decision_type=2 2 2 2 2 2 2 2 2 2 2 2 2 2 2 2 2 2 2 2 2 2 2 2 2 2 2 2 2 2
left_child=1 2 5 -2 -5 6 7 21 -3 11 -11 12 22 14 16 -16 23 -4 -17 20 -20 -1 -7 24 27 26 -25 -12 -29 -27
right_child=3 8 17 4 -6 9 -8 -9 -10 10 13 -13 -14 -15 15 18 -18 -19 19 -21 -22 -23 -24 25 -26 29 -28 28 -30 -31
leaf_value=-0.048472988623207244 -0.018585826129741623 0.0026777792155882143 -0.0091481145313096045 -0.035099268287531869 -0.0010051869654023899 -0.0012809847766172111 -0.013319883215237733 0.0036145445270853098 0.010749315784663017 -0.047337097854188805 -0.044753741169783458 0.0063642274908263605 -0.018506443404309118 0.013952356768780823 -0.041072908630224468 -0.028786153842279186 -0.033855589866953716 -0.03913519432994754 0.048931025152526647 0.057172538065844505 -0.0470872427710122 -0.008478674098975101 0.026560686355706312 -0.030865459309585286 0.00161655460029945 0.022817909010791303 0.012296088609358767 -0.064274712619638838 -0.015406343742303678 -0.0029490020708617909
leaf_weight=44.934671745169908 946.82708378894313 16302.8162390652 1115.2962028123438 81.398763548233546 680.97661863273242 1941.9871597055462 1140.0288000611472 967.13861241843551 1118.2843901100568 41.104835779464338 123.69113269803347 2640.5899111109902 202.70971208810806 228.48106425831793 137.28357467928436 32.745450112968683 60.908352225378621 68.624676386622014 12.455094574950637 28.608073481125757 18.023456188151613 172.91472649434581 74.272566925501451 38.996347616193816 1295.9516925248026 85.294015553430654 747.60102363151964 25.186351422453299 350.01580123108579 2191.7701683779014
leaf_count=944 34809 65797 5732 2124 14650 11320 9909 6300 4018 282 770 10271 1319 1210 1126 150 2019 2632 27 65 84 1459 296 191 6196 375 3102 343 2028 10051
internal_value=0.000178289 0.000865422 -0.00207943 -0.0123678 -0.00464541 -0.0012521 -0.006595 -0.000125267 0.0031959 -4.34249e-05 -0.00239664 0.00258027 -0.00192268 -0.00205309 -0.00276338 -0.02263 -0.00183811 -0.0108863 0.00494104 0.0236325 -0.00784927 -0.0167281 -0.000255387 -0.00143673 -0.00582333 0.00113316 0.0101563 -0.0251496 -0.0186868 -0.00198383
internal_weight=32916.9 31207.7 13786.6 1709.2 762.375 12602.7 2325.02 1184.99 17421.1 10277.7 5418.12 4859.56 2218.97 5377.01 5148.53 229.116 4919.41 1183.92 91.8321 59.0866 30.4786 217.849 2016.26 4858.51 1794.84 3063.66 786.597 498.893 375.202 2277.06
internal_count=199599 148016 78201 51583 16774 69837 18612 8703 69815 51225 28019 23206 12935 27737 26527 1452 25075 8364 326 176 111 2403 11616 23056 9337 13719 3293 3141 2371 10426
is_linear=0
shrinkage=0.05


Tree=42
num_leaves=31
num_cat=0
split_feature=6 6 7 6 5 2 7 7 7 6 8 11 2 7 7 7 5 7 10 10 10 11 7 8 3 7 11 11 8 3
split_gain=107.861 101.547 34.8449 31.8 30.1167 23.5388 24.5878 25.3578 23.3419 32.8352 22.8877 21.7232 18.6786 18.4922 36.9499 21.6676 31.6732 25.9413 17.8948 17.2524 17.237 16.4898 16.2753 23.464 19.2736 18.7798 15.8002 18.9826 15.7652 15.1668
threshold=0.94457754492759716 0.064415510743856444 0.93498611450195324 0.019681712612509731 0.46076923608779913 1.0000000180025095e-35 0.9270581603050233 0.92130249738693248 0.8021141290664674 149.96476745605472 9.0900001525878924 0.86279430985450756 5.5000000000000009 0.92320612072944652 0.91814476251602184 0.89216610789299022 0.15954545140266421 0.8485398292541505 0.88553383946418773 0.94113254547119152 0.86835613846778881 0.99999967217445385 0.87801218032836925 66.653530120849624 21.500000000000004 0.92320612072944652 0.92186495661735546 0.92268827557563793 33.245000839233406 37.500000000000007
decision_type=2 2 2 2 2 2 2 2 2 2 2 2 2 2 2 2 2 2 2 2 2 2 2 2 2 2 2 2 2 2
left_child=1 2 3 12 11 -5 7 26 28 19 -6 13 22 14 15 16 -3 18 -18 -10 -19 -4 -1 25 -25 -24 -7 -28 -2 -26
right_child=8 4 21 5 10 6 -8 -9 9 -11 -12 -13 -14 -15 -16 -17 17 20 -20 -21 -22 -23 23 24 29 -27 27 -29 -30 -31
leaf_value=-0.0079717478050390349 -0.036230043318986181 -0.042336835351668031 -0.0097914036426693263 0.0042439751341667937 -0.091857876900419411 -0.0072773460276206433 0.015705162911434253 -0.032126195566907857 -0.013929559661322087 0.027881010824066989 0.0088810926746281677 0.002278174929783001 0.0096447301995858589 0.0013541585374111399 -0.06216689789523433 0.010098757439938769 0.010170781563947892 -0.035798600082716833 -0.098721894216755701 0.0057517686850324986 0.028205433135567955 -0.035904373936952769 -0.04767982149998639 -0.018019320988563847 0.036235466691264782 -0.0018524597059442424 0.032693067573543504 -0.00093873159544827884 -0.01646661586862724 -0.07592475053862173
leaf_weight=1004.5962463595206 127.25385495045339 80.836430229595862 1464.5402949897689 1668.6374896358466 5.6555127799510947 1382.3678981967969 166.47065960947657 78.206489222473465 635.76802844679332 60.126093268627301 1850.9544795163674 20475.460274218698 120.96484461531509 484.53385930991499 34.804487780435011 113.76961549883708 139.06800586218014 77.405613546026871 3.8780541387386611 134.98934358806582 12.173663098830728 63.05976190889487 99.104777069529518 110.95612179258023 30.420927544124424 28.866913356352597 43.034229646902531 1674.8131075524725 487.3411402421043 3.3455575704574576
leaf_count=7070 7294 1513 9116 8726 24 8860 951 546 17809 433 6788 85663 939 2256 200 656 851 626 34 2078 64 3526 1246 1232 197 306 157 9282 20988 35
internal_value=0.000181641 0.000799907 -0.00408308 -0.00246626 0.0024653 -0.000606682 -0.00302649 -0.00400756 -0.013171 -0.00770645 0.00857423 0.00193585 -0.00913391 -0.00546985 -0.0126277 -0.00859102 -0.0153766 -0.00600394 0.00721658 -0.0104826 -0.0271006 -0.0108694 -0.0109123 -0.0217453 -0.00795348 -0.0373424 -0.00329824 -9.62129e-05 -0.0205587 0.0251227
internal_weight=32663.4 31217.9 7939.39 6411.79 23278.5 5013.53 3344.89 3178.42 1445.48 830.883 1856.61 21421.9 1398.26 946.47 461.936 427.131 313.362 232.525 142.946 770.757 89.5793 1527.6 1277.29 272.694 144.723 127.972 3100.22 1717.85 614.595 33.7665
internal_count=199466 150864 52189 39547 98675 28522 19796 18845 48602 20320 6812 91863 11025 6200 3944 3744 3088 1575 885 19887 690 12642 10086 3016 1464 1552 18299 9439 28282 232
is_linear=0
shrinkage=0.05


Tree=43
num_leaves=31
num_cat=0
split_feature=6 6 11 11 6 7 10 5 7 7 7 7 7 11 5 5 11 10 3 11 11 7 11 10 6 3 11 7 3 5
split_gain=101.346 91.0302 33.6001 35.0024 27.1791 21.3027 21.9475 21.1269 19.4004 23.4782 19.1226 23.7467 18.9274 18.4505 29.8281 18.0613 19.3144 16.9936 16.9407 16.2755 16.49 16.3155 15.7485 15.6307 18.8177 20.5097 15.6245 20.9561 15.4732 16.61
threshold=1.0561747550964358 0.052413193508982665 0.99999967217445385 0.92240029573440563 0.1373553201556206 0.90025082230567943 0.92508015036582958 0.46076923608779913 0.99673026800155651 0.99789482355117809 0.8265027403831483 0.79913553595542919 0.73683151602745067 0.92512011528015148 0.19782608747482303 0.57321429252624523 0.92268827557563793 0.95855194330215465 1.0000000180025095e-35 0.97958019375801098 0.94483250379562389 0.97890350222587597 0.79352062940597545 0.8913368582725526 0.2292071804404259 6.5000000000000009 0.99999967217445385 0.98212847113609325 23.500000000000004 0.2639319002628327
decision_type=2 2 2 2 2 2 2 2 2 2 2 2 2 2 2 2 2 2 2 2 2 2 2 2 2 2 2 2 2 2
left_child=1 2 3 -1 8 15 13 -6 17 -10 11 18 -2 -7 -15 16 -5 22 -9 20 21 -12 -3 24 -22 -26 -24 -28 29 -8
right_child=12 4 -4 5 7 6 28 10 9 -11 19 -13 -14 14 -16 -17 -18 -19 -20 -21 23 -23 26 -25 25 -27 27 -29 -30 -31
leaf_value=-0.008284599861881679 -0.022694262402649674 -0.049979616794968498 -0.031336796087374441 0.052167535153333972 0.0028731283657078268 0.014966537560520469 0.0047559197956825155 -0.047250775260562553 -0.067690417954211032 0.011050881447409268 0.0060519527021223327 -0.027416231363657423 -0.0095806991564472508 -0.036268802009391955 -0.0082411728558478073 0.029494859920448747 0.00091120137045166017 0.017351750074107018 0.012577775998402919 -0.0083991712306942645 0.03960401802462294 0.026235926019793823 0.00045689950096996427 0.030309902161353333 -0.0832492094558831 0.0052136331565280601 -0.0066714106947713308 -0.050910455952840286 0.021423578708575863 -0.017860663546918867
leaf_weight=2864.279648713069 388.09957361553097 15.703647552756591 117.37677056275425 18.544889263343066 12830.131388099631 47.677594839246012 227.79997169610579 12.900220730341969 22.833752656966681 16.171233914792538 478.71723347203806 70.121258085011505 945.58158576546703 144.45162000518758 276.88676615513396 58.694311788771302 2056.8372439000523 143.87941709009465 142.86967592884321 81.983720564749092 17.158838968724012 126.59939361549914 10626.218768527382 230.47281038062647 10.25183586869389 18.1553897166159 293.60638161934912 29.455032163998112 77.033466281369328 126.13074886379763
leaf_count=21073 20710 203 6613 62 55034 275 1240 105 212 114 1609 411 26235 1148 1567 165 9465 476 643 575 31 368 43598 546 37 70 4831 888 309 797
internal_value=0.000100789 0.000678072 -0.00484751 -0.00432038 0.00199885 -0.00057798 -0.00702953 0.00346407 0.000156223 -0.0350447 0.00983945 -0.00325388 -0.0133967 -0.0145142 -0.0178502 0.00214276 0.00136921 0.000279819 0.00762302 0.0129097 0.0148918 0.0102733 5.58062e-05 0.0250195 -0.00173907 -0.0267116 0.000127568 -0.0107049 0.00111599 -0.00330398
internal_weight=32516.6 31182.9 6015.71 5898.34 25167.2 3034.06 899.98 14019.4 11147.9 39.005 1189.23 225.891 1333.68 469.016 421.338 2134.08 2075.38 11108.9 155.77 963.339 881.356 605.317 10965 276.039 45.5661 28.4072 10949.3 323.061 430.964 353.931
internal_count=199410 152465 42714 36101 109751 15028 5336 59429 50322 326 4395 1159 46945 2990 2715 9692 9527 49996 748 3236 2661 1977 49520 684 138 107 49317 5719 2346 2037
is_linear=0
shrinkage=0.05


Tree=44
num_leaves=31
num_cat=0
split_feature=7 11 5 2 11 10 11 10 8 10 1 3 10 3 5 7 7 11 9 7 10 10 5 5 7 7 2 7 1 5
split_gain=86.1602 46.1856 43.0125 29.7579 21.4887 26.6091 20.2148 27.5672 29.144 23.9634 19.8023 19.1524 26.71 21.8377 23.8704 30.7005 21.0304 20.7015 23.9722 19.8906 19.009 18.462 34.7212 21.4552 17.8361 34.1751 17.771 17.6626 17.0785 17.0157
threshold=0.72762697935104381 0.99999967217445385 0.41967740654945379 1.0000000180025095e-35 0.90104866027832042 0.92244148254394542 0.94664680957794201 0.84857487678527843 189.16999816894534 0.83271554112434398 44.821935653686531 1.0000000180025095e-35 0.92044469714164745 33.500000000000007 0.087595909833908095 0.84126132726669323 0.89888471364974987 0.85150092840194713 54.084218978881843 0.76101854443550121 0.84068387746810924 0.83442839980125438 0.30116279423236852 0.30116279423236852 0.72377496957778942 0.72169220447540294 3.5000000000000004 0.83158648014068615 44.628904342651374 0.39791667461395269
decision_type=2 2 2 2 2 2 2 2 2 2 2 2 2 2 2 2 2 2 2 2 2 2 2 2 2 2 2 2 2 2
left_child=24 2 4 -3 5 11 7 8 20 -8 -7 12 -2 14 15 -13 27 18 -16 29 -4 23 -23 -20 25 26 -1 -15 -25 -19
right_child=1 3 6 -5 -6 10 9 -9 -10 -11 -12 13 -14 16 17 -17 -18 19 21 -21 -22 22 -24 28 -26 -27 -28 -29 -30 -31
leaf_value=-0.010725968398385405 0.0046486706054939724 0.01231066192594462 0.01199959666740332 -0.013431909369212486 0.00062729178375683047 -0.034418014275259479 -0.053417213542238065 0.0014814486717065339 -0.093140908876917686 0.011076770423921099 0.015925911544053994 -0.027037918169919919 -0.097009599168679503 0.0083578378930366844 0.0086524053408749569 -0.0065914307072159548 0.017738578883326261 -0.026024449619391356 -0.022324305233540998 -0.00040227858024753627 0.041274607221957305 -0.019567480582075514 -0.085125153233620424 -0.0022595160236420402 -0.042819228940842814 0.023120938000335919 -0.031722455390580009 -0.020070545946783702 0.055111171100577609 0.040518535659646582
leaf_weight=201.89710604920401 1025.0741552550753 128.32663291197969 194.70347412209958 896.86503953259671 19933.815633969556 105.66309970722068 14.565195748582481 2841.3272560795303 5.7781509347259989 1292.8162735537626 23.962245700182393 231.41182848840253 6.5024214044678947 127.32669069652911 99.20342585677281 888.39613302328507 228.63963566545863 116.8534351210692 147.6672822724795 3204.1322485521669 77.530728720477782 77.040436789393425 27.373256708146073 58.168776662205346 74.568521974200848 48.739152726368047 201.21048337355023 95.706088161095977 16.695237629581243 10.467549488414077
leaf_count=9630 7104 982 944 18552 98637 717 84 11772 41 4325 102 4223 56 905 514 6251 809 1343 1307 17705 271 690 313 369 1724 779 8685 586 61 48
internal_value=-0.000100446 0.000230889 0.000577834 -0.0102096 -0.00018631 -0.00268515 0.00513918 0.00295175 0.0179785 0.0103583 -0.0251116 -0.00222812 0.00400788 -0.00343525 -0.00440926 -0.0108168 0.00708267 -0.00249975 -0.0128763 -0.00117242 0.020337 -0.0194086 -0.0367542 -0.0112699 -0.0201637 -0.0164249 -0.0212063 -0.00384113 0.0105346 -0.0205537
internal_weight=32402.4 31876 30850.8 1025.19 26424.1 6490.28 4426.72 3119.34 278.012 1307.38 129.625 6360.66 1031.58 5329.08 4877.41 1119.81 451.672 3757.6 426.148 3331.45 272.234 326.945 104.414 222.531 526.415 451.847 403.108 223.033 74.864 127.321
internal_count=199529 178711 159177 19534 141740 43103 17437 13028 1256 4409 819 42284 7160 35124 32824 10474 2300 22350 3254 19096 1215 2740 1003 1737 20818 19094 18315 1491 430 1391
is_linear=0
shrinkage=0.05


Tree=45
num_leaves=31
num_cat=0
split_feature=7 11 10 5 7 2 11 11 11 1 1 10 11 7 10 9 7 3 7 7 11 7 11 2 11 11 10 10 9 8
split_gain=65.5047 36.6201 33.4638 30.0641 25.2009 22.973 22.1808 19.488 22.6754 21.7957 20.871 24.3528 23.6538 28.9652 18.4331 18.0269 17.1219 18.1393 17.5812 16.935 16.4988 15.3817 16.3766 15.5664 17.4654 14.9015 23.1332 23.549 14.6351 14.6344
threshold=0.71595898270607006 0.99999967217445385 0.83442839980125438 0.41967740654945379 0.93901729583740245 4.5000000000000009 0.87505811452865612 0.91924443840980541 0.92268827557563793 25.911833763122562 39.89642524719239 0.82433328032493602 0.94483250379562389 0.75461345911026012 0.89094427227973949 89.384670257568374 0.99789482355117809 35.500000000000007 0.78388425707817089 0.73497268557548534 0.84294995665550243 0.88652244210243236 0.95431819558143627 2.5000000000000004 0.94664680957794201 0.87410458922386181 0.89584225416183483 0.89215770363807689 85.295280456542983 15.989999771118166
decision_type=2 2 2 2 2 2 2 2 2 2 2 2 2 2 2 2 2 2 2 2 2 2 2 2 2 2 2 2 2 2
left_child=-1 3 4 6 -3 -4 16 9 14 15 11 -10 13 -13 -9 -5 17 18 20 -12 -2 22 -14 24 -23 26 27 -20 -19 -22
right_child=1 2 5 7 -6 -7 -8 8 10 -11 19 12 21 -15 -16 -17 -18 28 25 -21 29 23 -24 -25 -26 -27 -28 -29 -30 -31
leaf_value=-0.02147724480601073 0.00093449211036904668 0.029169878046982917 -0.0056270163813285264 -0.016379349216699726 -0.027768757629633718 -0.021829407333454145 0.00034682351622282535 0.04995745650262523 -0.098202783075320918 0.0029518317266073128 -0.05079591636814873 -0.050907532525501342 0.0080919482259492331 0.005071514681812557 0.01463928678336077 0.015201357212120402 0.035727928225868351 0.016860600614861703 -0.0042625230819716888 0.0015683847348396771 0.02872284422442898 0.053555596554725894 0.02955031965549651 -0.0098801200243486785 0.010287876116543818 -0.027619626815205984 -0.046766320475783517 0.039064419272058934 -0.065448978600133989 -0.037458852094763802
leaf_weight=350.79920477047563 54.376740445673931 87.881370573770255 531.08479605082539 282.44077382638352 24.950362288975157 372.03184678134858 24371.677646951415 47.850866777589545 5.1923850690945974 1302.8985458792886 15.637807544961104 24.084906855307054 130.53850349766435 569.79869128740393 162.07927291211672 53.793678445043042 25.591729104751721 118.75219423160888 1714.4740842891624 1222.464022364351 9.0488597970106621 25.808404637500644 278.84521795657929 87.068400786956772 242.22636013349984 70.839037747704424 31.406151262926869 31.945894176140428 5.657825536793097 108.60719408543082
leaf_count=16389 679 615 9891 1610 431 8789 128358 120 44 5822 299 362 478 2260 606 293 144 586 12564 4187 95 58 944 335 853 486 280 182 66 1871
internal_value=1.14473e-05 0.00024695 -0.00909398 0.000553144 0.0165791 -0.0123015 -8.45428e-05 0.00435605 0.00688226 2.28646e-05 0.00560676 0.00987409 0.0102872 0.00280129 0.0226896 -0.0113268 -0.00492774 -0.00541277 -0.00655363 0.000906999 -0.0218422 0.0161026 0.022708 0.00848749 0.014454 -0.00513091 -0.00423483 -0.00346998 0.0131174 -0.0323689
internal_weight=32359.9 32009.1 1015.95 30993.1 112.832 903.117 26542.4 4450.73 2811.59 1639.13 2601.66 1363.56 1358.37 593.884 209.93 336.234 2170.7 2145.11 2020.7 1238.1 172.033 764.487 409.384 355.103 268.035 1848.67 1777.83 1746.42 124.41 117.656
internal_count=199697 183308 19726 163582 1046 18680 145311 18271 10546 7725 9820 5334 5290 2622 726 1903 16953 16809 16157 4486 2645 2668 1422 1246 911 13512 13026 12746 652 1966
is_linear=0
shrinkage=0.05


Tree=46
num_leaves=31
num_cat=0
split_feature=6 6 7 5 6 7 6 11 6 7 5 7 6 7 10 11 10 5 7 1 10 7 7 10 9 1 11 8 11 5
split_gain=102.641 82.4701 34.2958 33.6078 30.1334 27.6723 23.0558 22.8054 22.0234 21.6394 21.3812 20.0213 18.3006 21.1522 18.3939 27.1659 25.4202 24.1766 21.3375 26.2116 26.2111 18.2354 22.5153 19.2565 20.009 18.2211 18.0528 17.5763 33.4667 18.3405
threshold=0.61779513955116283 0.036822916939854629 0.77275371551513683 0.46076923608779913 149.96476745605472 0.95339515805244457 0.14409143477678302 0.99999967217445385 17.137824058532718 0.80739945173263561 0.56594201922416698 0.99711099267005932 0.23475115746259692 0.80739945173263561 0.92778021097183239 0.92641392350196849 0.87955108284950267 0.29679679870605474 0.77644896507263195 43.232152938842781 0.93573144078254711 0.99789482355117809 0.99673026800155651 0.8784659504890443 68.04040908813478 18.45241737365723 0.92362296581268322 68.72363662719728 0.94535544514656078 0.43826219439506536
decision_type=2 2 2 2 2 2 2 2 2 2 2 2 2 2 2 2 2 2 2 2 2 2 2 2 2 2 2 2 2 2
left_child=1 5 -2 7 8 10 -5 12 -4 -10 -1 -9 21 14 15 26 17 -17 20 25 -16 22 -3 -24 -25 -20 -14 28 -18 -30
right_child=2 3 4 6 -6 -7 -8 11 9 -11 -12 -13 13 -15 18 16 27 -19 19 -21 -22 -23 23 24 -26 -27 -28 -29 29 -31
leaf_value=-0.005453852498896402 -0.021784756862209764 0.00050904830974458123 -0.0070983969206261585 0.0023278662610809009 0.027823480528063955 -0.019122626567154768 0.012893135514936441 -0.0065451657463739031 0.043671529090991923 -0.047948199179074238 0.020328230128333791 -0.069835374341707016 -0.0078467276203347223 0.0044956648762954432 -0.038578144705495789 0.0091696082776313963 0.016542765534281904 0.06824845211546611 0.015220621692613807 -0.0050861470499863407 0.016365106873780479 0.038131153937635748 -0.074030770902992357 0.038320856666338998 -0.082121470680447339 -0.071866901165774419 -0.079215239187194753 0.029884278397361019 -0.045191872022787571 0.049601605932888801
leaf_weight=3329.5139007134712 563.13910131555167 16794.350233319565 1156.9214437211631 1004.531402764027 59.319394427235238 376.04398838058114 1062.5646507979836 703.85038267116761 7.2834566493984303 55.967545606821659 82.405203159083612 12.721517652738838 278.38958170666592 6177.4631425652769 32.555100800469518 35.206005830550566 66.989301152294502 34.080191571265459 6.9791297856718293 39.081805567722768 65.14142183214426 32.127479582559317 18.816177925677039 10.997916708700361 5.0233606630936256 43.085842772619799 9.1520559131167811 42.569730166345835 50.894854079466313 5.6712255328893653
leaf_count=24509 27407 70509 21052 4091 439 4522 3759 11760 153 4157 395 255 2756 20983 240 159 366 60 32 182 324 104 131 26 41 312 100 227 294 9
internal_value=-4.48532e-05 0.000651464 -0.0115026 0.00163676 -0.00697721 -0.00624992 0.00775881 0.0011195 -0.00866906 -0.037398 -0.00483116 -0.00766878 0.00138467 0.0035564 -0.00461812 0.000193016 0.0127877 0.0382291 -0.0180839 -0.0357724 -0.00194346 0.000497597 0.000425753 -0.0397289 0.000556998 -0.0597268 -0.0101183 0.00217681 -0.00736952 -0.035688
internal_weight=32162.8 30320.2 1842.63 26532.2 1279.49 3787.96 2067.1 24465.1 1220.17 63.251 3411.92 716.572 23748.6 6887.26 709.796 522.953 235.411 69.2862 186.843 89.1468 97.6965 16861.3 16829.2 34.8375 16.0213 50.065 287.542 166.125 123.555 56.5661
internal_count=199354 146146 53208 116720 25801 29426 7850 108870 25362 4310 24904 12015 96855 26044 5061 3971 1115 219 1090 526 564 70811 70707 198 67 344 2856 896 669 303
is_linear=0
shrinkage=0.05


Tree=47
num_leaves=31
num_cat=0
split_feature=6 6 6 7 5 7 7 9 9 5 11 7 7 11 3 11 7 7 10 7 6 1 7 8 7 7 7 11 10 1
split_gain=87.9246 71.4849 27.6679 26.4898 20.2449 23.6438 22.1901 22.7075 20.0563 19.5319 19.3513 26.7265 20.5681 19.237 19.1218 18.9283 18.4494 21.2182 22.6901 31.4949 21.8133 20.7792 18.2979 20.3562 18.4982 36.887 24.547 23.1902 21.9523 18.6663
threshold=3.3199421167373662 0.098072916269302382 0.61779513955116283 0.96940788626670849 0.19782608747482303 0.80587655305862438 0.96564543247222911 96.129989624023452 53.855655670166023 0.40212766826152807 0.94399797916412365 0.97283437848091137 0.97771656513214122 0.95758420228958141 7.5000000000000009 0.97062435746192943 0.77866613864898693 0.79449969530105602 0.89094427227973949 0.84397113323211681 0.019681712612509731 24.628932952880863 0.80739945173263561 148.48999786376956 0.94754996895790111 0.94179430603981029 0.94943115115165722 0.92153099179267894 0.90506184101104747 43.067647933959968
decision_type=2 2 2 2 2 2 2 2 2 2 2 2 2 2 2 2 2 2 2 2 2 2 2 2 2 2 2 2 2 2
left_child=1 3 9 4 8 15 22 -8 -1 -3 11 -5 -12 -2 -4 -6 -10 21 19 20 -19 -18 23 -7 25 27 -26 29 -27 -24
right_child=13 2 14 10 5 6 7 -9 16 -11 12 -13 -14 -15 -16 -17 17 18 -20 -21 -22 -23 24 -25 26 28 -28 -29 -30 -31
leaf_value=-0.013285756206737399 -0.020582273344380037 0.0019390369626636407 0.0034115833941890427 -0.036614952081332322 0.0025167194188041603 -0.039128614300114412 0.020685385962935295 -0.099691622679694822 -0.014153131278013093 0.0065803055932158183 -0.0058736380748162995 -0.0041931131729164581 -0.037667262782513117 -0.0009790066666852254 -0.010692061969038951 0.019300544202882918 -0.043904363505430123 -0.053199352163346397 0.00041068241013986098 -0.004205167988659368 -0.016696160277947458 0.019998074354513964 -0.010195899090543123 0.06753529310235834 -0.036000404257206027 0.037786456091164801 -0.0066705911972993765 0.00069665490236202625 0.0049817694321662382 0.00088915099737873473
leaf_weight=597.59160610492108 632.28509239378036 14929.324716877018 371.77458514017053 69.440615417668596 1990.0834175862838 54.550453113624826 137.66177204437554 4.0323723538313052 358.03783934639068 2672.5747338542715 89.10812960533076 751.02115892851725 118.53949847334297 156.02986027195584 679.73820401570993 183.47188050829573 13.830493373796342 50.609248415275943 1806.1052967522119 964.78139258531155 213.89811613981146 158.63198762427783 1225.7236496659461 4.8725804500281802 83.173209225409664 89.958237270242535 501.33067751384806 2523.1019405298284 117.75019414065173 550.26231325243134
leaf_count=4422 31745 61995 6086 389 8206 242 704 28 4558 9295 998 4133 2389 3565 12021 1094 223 536 11241 7373 1985 1207 6743 12 583 354 2820 11974 633 2230
internal_value=-0.000210137 0.000205084 0.00217308 -0.00269515 -0.00201505 -0.00045717 -0.00226037 0.0172597 -0.00480864 0.00264374 -0.0103881 -0.00693717 -0.0240236 -0.0167022 -0.00570555 0.00393346 -0.00338799 -0.00218647 -0.00315576 -0.00839569 -0.0236805 0.0148735 -0.00279736 -0.0303824 -0.0024754 -0.00139002 -0.0108441 -0.00238431 0.0191894 -0.00676136
internal_weight=32099.3 31311 18653.4 12657.6 11629.5 7465.97 5292.42 141.694 4163.49 17601.9 1028.11 820.462 207.648 788.315 1051.51 2173.56 3565.89 3207.86 3035.39 1229.29 264.507 172.462 5150.72 59.423 5091.3 4506.8 584.504 4299.09 207.708 1775.99
internal_count=199784 164474 89397 75077 67168 35623 26323 732 31545 71290 7909 4522 3387 35310 18107 9300 27123 22565 21135 9894 2521 1430 25591 254 25337 21934 3403 20947 987 8973
is_linear=0
shrinkage=0.05


Tree=48
num_leaves=31
num_cat=0
split_feature=6 6 7 11 11 2 7 10 5 5 7 7 7 6 2 9 5 5 1 11 10 10 11 11 2 6 9 11 11 7
split_gain=84.8218 63.6808 35.2145 23.4464 23.3929 26.4404 23.1838 42.4678 23.1596 21.0483 37.6709 16.713 40.5786 16.2574 32.8674 18.6023 22.7918 16.0629 15.6213 16.6452 15.6137 15.5526 17.0139 28.3053 15.6076 14.9972 14.9871 15.6108 18.5387 15.0337
threshold=0.68967592716217052 0.076024305075407042 0.96940788626670849 0.99999967217445385 0.95085230469703685 6.5000000000000009 0.96745947003364574 0.93533605337142955 0.46076923608779913 0.1123737394809723 0.76251903176307689 0.95995700359344494 0.96564543247222911 0.0099247684702277201 3.5000000000000004 58.17028999328614 0.37638889253139501 0.056349206715822227 38.36291694641114 0.93413126468658458 0.84609219431877147 0.95703804492950451 0.93371513485908519 0.94399797916412365 3.5000000000000004 0.072748843580484404 60.160942077636726 0.98521563410758983 0.93741416931152355 0.86186507344245922
decision_type=2 2 2 2 2 2 2 2 2 2 2 2 2 2 2 2 2 2 2 2 2 2 2 2 2 2 2 2 2 2
left_child=1 2 3 6 -2 -6 9 -8 -3 10 -1 13 -13 14 15 -11 -17 -12 -16 -20 -5 22 24 -24 -4 -14 -10 28 29 -28
right_child=4 8 21 20 5 -7 7 -9 26 11 17 12 25 -15 18 16 -18 -19 19 -21 -22 -23 23 -25 -26 -27 27 -29 -30 -31
leaf_value=-0.041434311945058984 -0.015287423119569606 0.0015528469109928143 -0.016973697617666463 0.016072816927426306 0.0047920327064926022 -0.020439598339261192 -0.00093394546058715743 0.081542699319176654 0.015407376130363909 -0.039033578039053052 -0.00060544234358331575 -0.034844138629829609 0.016653562017038881 0.00027789935019991471 -0.031455930059974144 -0.0033558975766398991 -0.03779361113290397 -0.010694266774522483 0.0038749081728458252 0.050077958315305794 -0.027125024125762811 -0.077409209526184852 0.016388615466441332 -0.018846043166646217 -0.056435727339935328 -0.067954821926744027 -0.01233128472804612 -0.017562302743263522 0.013967009632601222 0.0052547346460035628
leaf_weight=75.92875808046665 1116.9409545057424 19133.743790376524 362.91208794398699 24.559807053214172 365.78216294571757 144.98218325071502 46.095491333631799 23.597741539822891 460.25973083195277 72.265662853373215 833.48934342421126 112.25172976043541 78.854599083308131 6444.8692237854702 14.040379901649429 226.62572304642526 60.971370943821967 749.13260857563 41.031984876375645 37.135942932218313 141.07151701464318 9.619758927728979 106.14052084903233 123.11180175305344 26.914577163173817 5.6101237311959258 163.29738729679957 73.440441547776572 454.72294976050034 475.09212064533494
leaf_count=1600 41748 80866 2533 581 7133 2850 251 72 1429 560 5854 731 380 29905 94 1583 419 6158 226 135 6386 133 513 2535 235 22 932 697 1297 1677
internal_value=-0.000114118 0.00048173 -0.00288199 -0.00208174 -0.011234 -0.00237005 -0.00173181 0.0269922 0.0020398 -0.00196054 -0.00703151 -0.000774908 -0.0151454 -0.00036503 -0.00953083 -0.0163553 -0.0106568 -0.00538098 0.017103 0.025825 -0.0207196 -0.014322 -0.0133417 -0.0025329 -0.0196983 0.0110339 0.00776706 0.00475259 0.00625181 0.000756304
internal_weight=32004.5 30376.8 9616.23 8987.53 1627.71 510.764 8821.9 69.6932 20760.6 8752.21 1658.55 7093.66 196.716 6896.94 452.071 359.863 287.597 1582.62 92.2083 78.1679 165.631 628.699 619.079 229.252 389.827 84.4647 1626.81 1166.55 1093.11 638.39
internal_count=199535 147804 60906 54957 51731 9983 47990 323 86898 47667 13612 34055 1133 32922 3017 2562 2002 12012 455 361 6967 5949 5816 3048 2768 402 6032 4603 3906 2609
is_linear=0
shrinkage=0.05


Tree=49
num_leaves=31
num_cat=0
split_feature=6 6 11 5 7 10 7 9 7 6 7 6 7 5 7 10 7 10 7 7 7 7 10 7 9 10 1 11 7 2
split_gain=80.3203 74.6986 32.2971 25.1492 24.9239 22.6472 25.7458 23.6208 21.984 37.8289 20.3011 19.5511 19.6149 41.0129 34.0334 46.8256 32.5293 26.0929 25.1258 25.593 23.6515 35.427 30.3504 24.2074 28.0143 22.8377 23.9597 22.6833 22.4118 21.9735
threshold=0.65008100867271434 0.052413193508982665 0.99999967217445385 0.46076923608779913 0.85315325856208812 0.89174905419349682 0.88020694255828869 89.384670257568374 0.77275371551513683 149.96476745605472 0.78388425707817089 0.1710474565625191 0.85315325856208812 0.13423423469066623 0.88296157121658336 0.95575201511383068 0.8508017659187318 0.93741092085838329 0.8485398292541505 0.84244826436042797 0.91420316696167003 0.92188477516174328 0.9396713674068452 0.91053032875061046 93.336879730224624 0.83772408962249767 33.442687988281257 0.90280726552009594 0.92262384295463573 4.5000000000000009
decision_type=2 2 2 2 2 2 2 2 2 2 2 2 2 2 2 2 2 2 2 2 2 2 2 2 2 2 2 2 2 2
left_child=1 2 4 11 -1 6 7 -6 -2 10 -10 12 13 17 15 25 18 -3 19 -15 23 22 -22 24 -16 26 -14 -20 -23 -25
right_child=8 3 -4 -5 5 -7 -8 -9 9 -11 -12 -13 14 16 20 -17 -18 -19 27 -21 21 28 -24 29 -26 -27 -28 -29 -30 -31
leaf_value=-0.00081012312791009901 -0.019022169039381854 -0.013036649076811797 -0.031492841330263005 0.0073415280411220476 -0.038259577501408085 -0.0038569654331412117 -0.0095846217257192588 0.009805114225354402 0.022030160477720877 0.031301943480535381 -0.010405056830822133 0.0029715066124402353 0.0013571244671560744 0.003827586859950648 0.0007988202282543256 0.054793041772076723 0.032358088598265083 0.015340196681911139 -0.067411008957809423 0.021850409018345337 -0.016027027861880955 0.029347617135925763 0.016919777664322275 0.025601109665448898 0.033239588553942247 -0.0090733914881661794 -0.073346864886247073 -0.0024360769666053632 -0.00049347563216804724 -0.0047371098753472632
leaf_weight=2968.6460926547879 534.69288376859913 520.25282867980422 108.83617359644268 1872.9415546135278 152.31868157477584 1727.3699974924093 880.75012557662558 30.715788113186136 50.573497557663359 61.780771571793593 1046.4350859718688 9910.7853623181581 17.251112225814722 2598.7385668928036 1382.1318381861201 28.154771562665701 109.04234214394819 95.949628286296502 22.543006823398173 213.13145350012928 605.43561157945078 63.686924872919917 79.023853508988395 230.22312830388546 69.914760323474184 1162.9076616991078 28.408662784378976 33.23706973483786 5224.3663542644936 80.571810121182352
leaf_count=17215 27271 5628 6613 7093 1384 10689 6675 187 915 445 23841 40552 164 11724 5831 65 287 513 169 743 2490 244 285 799 277 5795 289 162 21007 283
internal_value=-3.939e-05 0.000554459 -0.00450924 0.00177493 -0.00399936 -0.0073914 -0.0131306 -0.0301936 -0.0106356 -0.00676587 -0.00890975 0.00131106 1.3624e-06 0.00312317 -0.00124878 -0.00895036 0.00555371 -0.00861806 0.00453448 0.00519366 -1.74527e-05 -0.00151951 -0.0122232 0.00507153 0.00236081 -0.0104353 -0.0451223 -0.0286951 -0.000134083 0.0177361
internal_weight=31910.8 30217.3 5868.64 24348.7 5759.8 2791.15 1063.78 183.034 1693.48 1158.79 1097.01 22475.8 12565 3592.89 8972.08 1236.72 2976.69 616.202 2867.65 2811.87 7735.35 5972.51 684.459 1762.84 1452.05 1208.57 45.6598 55.7801 5288.05 310.795
internal_count=199635 147163 42763 104400 36150 18935 8246 1571 52472 25201 24756 97307 56755 19226 37529 6313 13085 6141 12798 12467 31216 24026 2775 7190 6108 6248 453 331 21251 1082
is_linear=0
shrinkage=0.05


Tree=50
num_leaves=31
num_cat=0
split_feature=6 6 11 11 2 11 6 6 7 10 7 7 2 3 6 10 10 11 10 7 7 7 1 7 10 10 8 10 10 7
split_gain=72.1061 74.068 27.6642 25.8729 29.1043 20.1943 20.116 19.4021 20.3353 26.9399 22.2563 100.162 34.6184 31.8086 25.3648 28.6312 32.7705 20.0004 23.197 19.7081 63.2014 40.6719 32.4517 26.8365 45.9548 27.8291 32.818 23.6768 22.8516 22.5086
threshold=3.3199421167373662 0.068420138210058226 0.99999991059303295 0.98521563410758983 8.5000000000000018 0.93986612558364879 0.61779513955116283 0.23475115746259692 0.80739945173263561 0.93377912044525158 0.89422646164894115 0.90302786231040966 6.5000000000000009 26.500000000000004 0.2831192165613175 0.87734562158584606 0.88063162565231334 0.9099009931087495 0.9396713674068452 0.85467615723609935 0.85570633411407482 0.84126132726669323 47.102643966674812 0.88296157121658336 0.95110255479812633 0.89958903193473827 94.81000137329103 0.88779687881469738 0.88599044084548961 0.86186507344245922
decision_type=2 2 2 2 2 2 2 2 2 2 2 2 2 2 2 2 2 2 2 2 2 2 2 2 2 2 2 2 2 2
left_child=1 2 -1 6 -5 -2 7 19 -9 10 -10 12 -12 14 -13 -16 -17 18 -11 21 22 -3 -21 24 27 26 28 29 -25 -22
right_child=5 3 -4 4 -6 -7 -8 8 9 17 11 13 -14 -15 15 16 -18 -19 -20 20 23 -23 -24 25 -26 -27 -28 -29 -30 -31
leaf_value=-0.0031036554644901337 -0.021717004411883865 0.0023213326853681287 -0.026536507890939889 -0.0026317745575749375 -0.028589847975518924 -0.0053834423899211817 -0.0048002657979800785 -0.0030253559659281478 0.0093223184720454006 -0.064005047998736811 -0.043205363260845307 0.014490008253709186 0.0030850894270819003 -0.0073346445804458264 -0.0054618451359468587 0.034360636626495349 0.0051315137168193563 0.013228471297513837 0.024375486315289248 -0.062230409822711233 0.006571802598017081 0.01642345326346431 0.063470500927589366 0.0044018782824287025 0.041613067222297628 -0.00079644170585478353 -0.0059806131582997597 -0.0036017136687911061 0.01409288759846649 -0.025616591646661094
leaf_weight=8165.5376107732591 449.9338500687445 3030.5463680905523 127.92618879166548 757.94116820534691 125.92207825992955 326.60347184733837 929.64403160446091 758.79579338611802 1496.3968197364593 18.052122218534354 157.16647400602233 676.15970253734849 54.358233583159745 530.71259588655084 651.35375956795178 101.02776316134259 1887.0654772624839 1221.9772438146174 12.610887536779044 54.988701655995101 67.556720583699644 615.05400495335925 5.6633395738899699 2208.5356364160543 47.93382345372811 4804.1951142750913 572.02265803958289 791.07895543356426 839.53369655623101 277.00806667108554
leaf_count=48756 24573 16212 6562 8996 2324 10572 16617 5406 6384 87 850 1941 201 1391 2459 238 5615 3442 32 263 412 2434 9 7986 116 14993 2529 3178 2540 1989
internal_value=0.00020146 0.000578586 -0.00346511 0.00205639 -0.00632996 -0.0148473 0.00239626 0.00271667 0.00473859 0.00560408 0.00411027 0.00218824 -0.0313095 0.00403041 0.00584956 0.0036361 0.00661683 0.0122277 -0.0276565 0.00156773 0.000386485 0.00470052 -0.0504932 0.000707676 -0.0063423 0.00169817 0.00500874 -0.00836642 0.00707109 -0.0193056
internal_weight=31763.3 30986.8 8293.46 22693.3 883.863 776.537 21809.4 20879.8 7565.68 6806.88 5554.24 4057.84 211.525 3846.32 3315.61 2639.45 1988.09 1252.64 30.663 13314.1 9668.52 3645.6 60.652 9607.86 1183.58 8424.29 3620.09 1135.64 3048.07 344.565
internal_count=199107 163962 55318 108644 11320 35145 97324 80707 28046 22640 19079 12695 1051 11644 10253 8312 5853 3561 119 52661 34015 18646 272 33743 5695 28048 13055 5579 10526 2401
is_linear=0
shrinkage=0.05


Tree=51
num_leaves=31
num_cat=0
split_feature=6 6 6 7 6 7 3 2 7 9 3 10 10 8 11 7 11 10 7 11 10 1 1 9 6 7 11 10 9 11
split_gain=68.0354 74.549 25.9669 23.9636 21.2904 20.3793 18.4423 17.2226 17.0646 16.7336 16.731 16.455 16.036 15.8964 18.8303 17.3995 15.8701 15.9013 22.6573 19.1183 15.5421 26.9685 17.0422 21.9679 17.2268 19.589 17.187 18.8088 15.3117 15.2578
threshold=3.3199421167373662 0.10696180537343027 0.024149306118488315 0.91312816739082348 0.61779513955116283 0.82318821549415599 7.5000000000000009 8.5000000000000018 0.8265027403831483 90.845787048339858 18.500000000000004 0.8913368582725526 0.79847291111946117 111.81892013549806 0.95501309633255016 0.89919823408126842 0.87684577703475963 0.90544316172599804 0.80739945173263561 0.9721476435661317 0.92674639821052562 8.8348002433776873 43.410333633422859 52.277832031250007 0.10235532373189928 0.90181851387023937 0.89812839031219494 0.85085508227348339 63.211032867431648 0.99999991059303295
decision_type=2 2 2 2 2 2 2 2 2 2 2 2 2 2 2 2 2 2 2 2 2 2 2 2 2 2 2 2 2 2
left_child=1 2 5 13 29 16 11 9 -7 12 -11 -6 -5 20 -15 -16 -1 -18 19 -19 22 -22 26 -24 25 -25 27 -4 -26 -3
right_child=-2 4 3 7 6 8 -8 -9 -10 10 -12 -13 -14 14 15 -17 17 18 -20 -21 21 -23 23 24 28 -27 -28 -29 -30 -31
leaf_value=-0.023911867718107941 -0.014864108053603504 0.0031325597184197599 0.0021671950814286657 0.022349340935667501 -0.016521072267200891 -0.053215177455293007 -0.0096176377055952264 -0.035174463371121616 -0.011107037301292123 -0.0098060114355766267 -0.039492899400402917 0.0098309402268307658 -0.003647358835578741 0.0029402553497217404 0.02650513127065662 -0.028095955958678288 0.0056145052986985473 -0.018861889697644713 0.020724998957635507 0.027012434540573345 -0.058039440810942117 -0.004560975603953658 -0.0082727665895205287 0.0064518503696458299 0.0016011922237919301 0.027168262725498944 0.00079658968395199573 -0.012788578223360101 -0.056760771893620311 -0.0061238549024043949
leaf_weight=75.597885666415095 760.88020722041256 15906.252421066572 331.31997353484621 60.21503034979105 74.49614880309673 24.57368619623594 652.12617140286602 45.180498678178992 1152.1809031927551 274.43725869071204 57.38456449151272 289.25664662296185 3990.3945617754944 738.48942580877338 154.78191505128052 16.109165500034578 499.9014070139965 243.62295623985119 54.675652584061027 25.04664630338084 24.020985620561987 1267.7641769209877 268.15685135417152 1179.5323825534433 27.131752078421414 126.33147667127196 2320.3711131993914 575.17847348068608 19.185151676647365 458.0095827326295
leaf_count=873 35242 60944 2554 367 1981 228 12025 677 11903 1465 434 4039 20711 4121 806 136 3194 1462 387 201 139 5754 1324 5945 111 519 11987 4495 126 5591
internal_value=-9.3366e-05 0.000269975 -0.00250987 -0.00157906 0.00243747 -0.00765633 -0.00458618 -0.00446183 -0.0119864 -0.0041452 -0.01494 0.00443408 -0.0032609 0.000231828 0.00640135 0.0213581 -0.0019875 2.57924e-05 -0.00861452 -0.0145853 -0.000682074 -0.00555542 0.000616676 0.00480051 0.00739313 0.00845599 -0.00148419 -0.00732233 -0.0225732 0.00287349
internal_weight=31692.6 30931.7 13551.6 11476 17380.1 2075.6 1015.88 4427.61 1176.75 4382.43 331.822 363.753 4050.61 7048.37 909.381 170.891 898.845 823.247 323.345 268.67 6138.99 1291.79 4847.21 1620.34 1352.18 1305.86 3226.87 906.498 46.3169 16364.3
internal_count=199741 164499 79919 61671 84580 18248 18045 23654 12131 22977 1899 6020 21078 38017 5063 942 6117 5244 2050 1663 32954 5893 27061 8025 6701 6464 19036 7049 237 66535
is_linear=0
shrinkage=0.05


Tree=52
num_leaves=31
num_cat=0
split_feature=6 6 11 7 6 5 5 7 7 10 7 6 7 11 7 8 7 7 11 8 1 8 9 9 6 7 7 11 1 1
split_gain=75.3908 68.4853 28.367 24.2918 29.8513 21.3129 20.41 28.985 22.6435 19.2403 25.604 20.1622 18.5311 20.7016 18.3439 18.0728 18.0298 37.3562 19.4734 18.3862 18.0004 18.5797 18.3077 17.7522 17.3362 20.6417 36.9727 18.4057 17.4024 24.9026
threshold=0.61779513955116283 0.098072916269302382 0.99999967217445385 0.77275371551513683 149.96476745605472 0.46076923608779913 0.18677325546741488 0.96940788626670849 0.99498343467712413 0.85501202940940868 0.97975456714630138 0.039542824029922492 0.80350261926651012 0.98521563410758983 0.78388425707817089 42.750000000000007 0.80005374550819408 0.79913553595542919 0.93956413865089428 61.707143783569343 35.825649261474616 165.98000335693362 66.712699890136733 75.471538543701186 0.053431713953614242 0.96564543247222911 0.95597061514854442 0.88319924473762523 43.68480300903321 36.621856689453132
decision_type=2 2 2 2 2 2 2 2 2 2 2 2 2 2 2 2 2 2 2 2 2 2 2 2 2 2 2 2 2 2
left_child=1 2 6 -2 14 -3 8 12 9 10 -1 15 13 16 -5 -11 17 19 -18 -8 -21 -22 -23 -9 25 26 -14 28 29 -26
right_child=3 5 -4 4 -6 -7 7 23 -10 11 -12 -13 24 -15 -16 -17 18 -19 -20 20 21 22 -24 -25 27 -27 -28 -29 -30 -31
leaf_value=-0.010031570680418558 -0.019077910535934335 0.0021035020644922168 -0.017652767393263807 0.019607146902248369 0.028124711417975512 0.0086011409150735674 -6.5253609674513924e-05 -0.0054573215843171513 -0.051776681628567779 -0.017451984339318966 -0.063060154061983259 -0.00028701894209983076 -0.0040148418006391781 0.072253610971170903 -0.0094210842553960235 -0.0041627431148128042 0.034589941034511053 -0.034140019023318674 -0.0048631697465511374 -0.0019148734862459193 0.017465955845479515 -0.099080695561818768 -0.0034552824504824244 -0.02608715619698701 -0.0034894510088870085 0.027296227972583187 -0.044607690298777446 0.0029010344461647278 0.0081398312050218868 -0.037204767567220624
leaf_weight=696.37447223404888 525.08356357572484 16096.522537256649 291.53297653657501 57.231017607264221 60.142827014322393 1369.4034266264644 1052.2521653238218 312.18534282944165 25.232145468005911 363.50532545847818 23.532093110843562 2526.0654995046207 2187.5778299141093 11.223395471461115 1109.6607916308567 863.7507575614145 93.720242343842983 65.8118791799061 46.942301545292139 219.38420032477006 504.14478769269772 6.143671039491891 27.012301244772971 156.58431912539527 133.32429828401655 50.411278334446251 57.571066616801545 2553.8275164006045 95.21552198776044 92.952238332480192
leaf_count=6626 27377 66318 10624 981 447 5088 4470 1822 230 3130 174 14149 11553 26 24352 6928 244 258 134 1112 1822 34 111 1088 741 279 480 8300 349 490
internal_value=2.57404e-06 0.000592857 -0.00223967 -0.0100781 -0.00622686 0.00261294 -0.00187028 -0.000301442 -0.00454391 -0.00427748 -0.011765 -0.00284135 0.000483166 0.00453568 -0.00799737 -0.00809893 0.00415857 0.00286318 0.0214235 0.00420941 0.0101538 0.0150815 -0.0211743 -0.0123484 -0.00110514 -0.00434528 -0.00505574 0.00148167 -0.00979326 -0.0173394
internal_weight=31674.3 29922.2 12456.3 1752.12 1227.03 17465.9 12164.7 7666.28 4498.46 4473.23 719.907 3753.32 7197.51 2026.63 1166.89 1227.26 2015.41 1874.75 140.663 1808.94 756.685 537.301 33.156 468.77 5170.88 2295.56 2245.15 2875.32 321.492 226.277
internal_count=199737 146580 75174 53157 25780 71406 64550 33313 31237 31007 6800 24207 30403 8211 25333 10058 8185 7807 378 7549 3079 1967 145 2910 22192 12312 12033 9880 1580 1231
is_linear=0
shrinkage=0.05


Tree=53
num_leaves=31
num_cat=0
split_feature=6 6 7 6 6 7 5 8 1 5 11 7 7 10 10 7 7 7 10 5 6 10 7 7 6 7 11 11 8 11
split_gain=71.2575 67.56 24.4521 25.0545 41.6214 47.0704 25.793 24.6217 25.4379 24.3012 27.5381 35.091 36.1246 26.5322 37.8597 25.6279 26.7851 24.8161 23.406 20.9912 22.6664 30.5304 20.7473 31.8866 43.6541 32.2712 28.5299 26.8667 28.5626 20.4163
threshold=4.7103183269500741 0.036822916939854629 0.99050432443618786 0.45432291924953466 0.15381365269422534 0.99135538935661327 0.039230769500136382 49.429998397827156 27.542574882507328 0.28730159997940069 0.93843400478363048 0.86921077966690075 0.84244826436042797 0.80278772115707409 0.77909994125366222 0.9875929355621339 0.98694348335266124 0.85467615723609935 0.81654486060142528 0.3366666734218598 0.19640625268220904 0.88265082240104686 0.97975456714630138 0.96705636382102977 0.32276619970798498 0.95339515805244457 0.88394406437873851 0.92058297991752636 41.30999946594239 0.98521563410758983
decision_type=2 2 2 2 2 2 2 2 2 2 2 2 2 2 2 2 2 2 2 2 2 2 2 2 2 2 2 2 2 2
left_child=1 -1 9 4 5 18 -7 -5 -9 15 13 12 -12 14 -11 16 29 -14 -4 20 -13 -22 23 25 -25 -15 -24 28 -26 -3
right_child=-2 2 3 7 -6 6 -8 8 -10 10 11 19 17 22 -16 -17 -18 -19 -20 -21 21 -23 26 24 27 -27 -28 -29 -30 -31
leaf_value=-0.0060536545861624626 -0.01601669524179011 0.00038203118555524967 -0.014252900332264571 -0.03491837577556129 0.0062747436383380033 -0.057636868239721986 -0.0044659404409505736 -0.054123460262099445 0.0054121334332929445 -0.067548597670625959 0.0079462490889088602 0.0025100371734202856 0.038382332529409487 -0.00025335295988603674 0.027436058778686961 0.013855124282215478 -0.048263355270208363 0.013787580892082119 -0.086997605356028365 -0.00012715337850081602 -0.028262281288659374 0.030443367249157097 0.03281725505680877 -0.024160338643347684 0.018546314775531657 0.013792634492969148 0.0034248627720035903 0.035365178567364201 -0.046427456654933891 -0.010748214478429843
leaf_weight=3667.9149677427486 682.67922183116025 15013.969870349334 17.230350472964346 129.25518451398239 602.36040485650301 24.52508756518364 325.83794564430718 21.408854205161333 110.79288549616467 11.253911574603988 1362.418465772178 304.66731254366459 185.70693690725602 4563.6784737076377 154.71953666652553 340.45987789751962 28.709626257186756 229.07903020421509 30.866557184257545 1748.6675629768288 25.039292072528042 191.72599034232553 113.9029105969239 288.87486248556525 37.827374740038067 449.18132979981601 300.03303757787216 59.831630132626742 30.595338344457559 423.63575368752936
leaf_count=29363 33746 76733 110 2122 2104 169 1802 492 1444 83 5457 1348 569 19301 502 1872 208 866 234 8007 144 785 390 1135 109 1311 1141 163 175 7526
internal_value=-3.89472e-05 0.000315265 0.00117645 -0.00561877 -0.00201831 -0.0145551 -0.00818786 -0.0194008 -0.00422911 0.00150808 0.00342949 0.00661772 0.0118796 0.00128241 0.0209956 0.000285572 -1.31347e-05 0.0247991 -0.0609374 0.00249835 0.0113032 0.0236621 0.000722539 -0.000100017 -0.0133826 0.00100525 0.0115128 0.0108928 -0.0105068 7.65972e-05
internal_weight=31476.8 30794.2 27126.3 1262.28 1000.82 398.46 350.363 261.457 132.202 25864 10057.2 4047.3 1777.2 6009.9 165.973 15806.8 15466.3 414.786 48.0969 2270.1 521.433 216.765 5843.92 5429.99 417.129 5012.86 413.936 128.254 68.4227 15437.6
internal_count=199411 165665 136302 8477 4419 2315 1971 4058 1936 127825 41486 17176 6892 24310 585 86339 84467 1435 344 10284 2277 929 23725 22194 1582 20612 1531 447 284 84259
is_linear=0
shrinkage=0.05


Tree=54
num_leaves=31
num_cat=0
split_feature=6 6 11 7 6 7 5 7 7 7 7 11 7 7 7 8 11 10 8 6 7 10 5 7 6 7 11 8 1 2
split_gain=85.2157 69.4178 31.3403 23.9628 32.5953 22.7613 45.4315 22.596 22.3809 60.3788 37.3367 23.5031 22.4469 48.8934 43.5557 40.0681 34.8496 29.089 26.916 25.2541 24.5802 24.725 21.8022 21.2261 20.5623 21.1795 20.3765 20.3238 20.2974 20.1991
threshold=0.61779513955116283 0.13119792193174365 0.99999967217445385 0.77275371551513683 149.96476745605472 0.80350261926651012 0.091966174542903914 0.98212847113609325 0.90302786231040966 0.89422646164894115 0.91312816739082348 0.90860298275947582 0.93901729583740245 0.93431425094604503 0.93498611450195324 39.80999946594239 0.95616528391838085 0.95370307564735424 49.090000152587898 0.14409143477678302 0.94273492693901073 0.84358814358711254 0.21975609660148623 0.94504165649414074 0.025989582762122158 0.80386096239089977 0.9753938913345338 87.569999694824233 47.394918441772468 2.5000000000000004
decision_type=2 2 2 2 2 2 2 2 2 2 2 2 2 2 2 2 2 2 2 2 2 2 2 2 2 2 2 2 2 2
left_child=1 2 5 27 -5 6 -1 -4 9 29 28 -11 13 16 17 22 -12 -15 -17 -18 21 -14 -16 -22 -7 -26 -8 -2 -10 -3
right_child=3 8 7 4 -6 24 26 -9 10 11 12 -13 20 14 15 18 19 -19 -20 -21 23 -23 -24 -25 25 -27 -28 -29 -30 -31
leaf_value=-0.016672710699269639 -0.026309997780059748 0.0065195608336135928 -0.011815528791750711 -0.0090938310385777609 0.027524096883435125 -0.0079345592684455773 0.0033952524648350416 -0.052905815025163352 0.013671727854695673 -0.039415267167821261 -9.653711516960458e-05 -0.011232426614484002 -0.020482981346003515 -0.055227522587089128 0.041717965349490738 -0.078420371648816517 -0.059121004277673465 -0.0028934389070004278 -0.013498751416264627 0.02411992331652478 -0.032278132181007259 0.023898316113464987 -0.0044850532062531787 0.004776130849083556 -0.071040841848361777 -0.0015520564887013168 0.025157036862806143 -0.0039280620495253183 0.056827743397209779 -0.00030858800131922819
leaf_weight=285.39590549218701 365.96105307065591 1679.2749285441241 358.72696394418017 1144.9909515806503 64.179041979659814 1463.6668408410624 2797.3687824555673 36.898981570921023 729.37138684210368 96.347568120341748 1536.7075821214821 318.60520538600395 35.363650487270206 94.740325835067779 51.134313668124378 19.256172223947942 9.5013340951409173 36.891360448207706 93.411553419195116 222.17678403714672 38.936070055002347 278.69996840122622 50.997135405894369 5235.9239585635369 10.976520347408949 10868.199430839333 111.86905248695984 140.31412430896307 28.302922677248716 3050.7608349510701
leaf_count=4147 21501 9642 10497 25305 445 11757 14228 1820 2186 712 5101 1452 203 709 165 97 76 147 397 1005 184 821 166 17304 73 47841 312 5880 57 15110
internal_value=-0.00014024 0.000488914 -0.00175097 -0.0109741 -0.00715026 -0.00139712 0.00236451 -0.0156479 0.00311182 0.000511261 0.00469309 -0.0177762 0.00365148 -0.000736105 -0.0179128 -0.0040341 0.00262884 -0.0405603 -0.0245946 0.0207061 0.00531172 0.018901 0.0186475 0.00450262 -0.00237072 -0.00162217 0.00423206 -0.0201068 0.0152838 0.00211557
internal_weight=31255 29539.5 15933.1 1715.45 1209.17 15537.5 3194.63 395.626 13606.4 5144.99 8461.41 414.953 7703.74 2114.82 346.431 214.799 1768.39 131.632 112.668 231.678 5588.92 314.064 102.131 5274.86 12342.8 10879.2 2909.24 506.275 757.674 4730.04
internal_count=199340 146209 90675 53131 25750 78358 18687 12317 55534 26916 28618 2164 26375 7863 1681 825 6182 856 494 1081 18512 1024 331 17488 59671 47914 14540 27381 2243 24752
is_linear=0
shrinkage=0.05


Tree=55
num_leaves=31
num_cat=0
split_feature=6 6 11 6 7 6 7 2 6 7 6 2 11 1 8 6 11 10 7 10 7 10 1 3 8 7 1 2 1 3
split_gain=84.4402 62.2677 25.8558 24.9305 24.0411 20.2638 19.0023 21.9386 30.9746 17.9199 17.4397 21.5805 17.6705 17.0003 16.8685 16.767 16.7331 24.5321 23.5955 18.8797 18.2672 17.078 25.7825 17.0216 16.4319 16.4174 16.0945 18.1049 17.8199 15.4833
threshold=0.61779513955116283 0.043975694105029113 0.9999997913837434 0.13119792193174365 0.77275371551513683 149.96476745605472 0.80350261926651012 2.5000000000000004 0.044878473505377776 0.88652244210243236 0.013547453563660385 1.0000000180025095e-35 0.91100722551345836 35.825649261474616 10.730000019073488 9.9115796089172381 0.92861780524253856 0.8831353783607484 0.78005465865135204 0.87371507287025463 0.8021141290664674 0.91818761825561535 47.160827636718757 17.500000000000004 124.06999969482423 0.77382871508598339 36.102809906005866 1.0000000180025095e-35 2.0233701467514043 11.500000000000002
decision_type=2 2 2 2 2 2 2 2 2 2 2 2 2 2 2 2 2 2 2 2 2 2 2 2 2 2 2 2 2 2
left_child=1 2 9 6 -2 15 7 8 -3 10 -1 12 -12 29 -9 25 17 18 19 -13 -20 -18 -23 -19 -22 -6 27 28 -27 -11
right_child=4 3 -4 -5 5 -7 -8 14 -10 13 11 16 -14 -15 -16 -17 21 23 20 -21 24 22 -24 -25 -26 26 -28 -29 -30 -31
leaf_value=-0.0091751195146692471 -0.019996832499138598 -0.078000508649792244 -0.033019033494297766 0.0031410397210221274 0.068357552172854316 0.021614471216834383 -0.00093473808505480668 -0.066587794158943767 0.011857246438204039 -0.016867333263784496 -0.0035704866347972988 -0.030538017020623882 0.012061194140934921 -0.0042979290629001875 0.00037768431902097005 -0.028835061380890661 0.0087121359651536334 -0.0263513650581296 0.025230876340634281 0.018463939347117288 0.0030810242054037989 -0.003818944390907754 -0.07514387849405528 -0.0053860299640556787 -0.052046104319536726 0.070293976196889277 -0.011898332678101448 0.0094026461784091839 -0.016819370766382399 0.018521807165733768
leaf_weight=637.22804646217264 498.71655212297628 9.7068377758841944 78.932903277789592 13527.975410142564 7.2529419902712098 59.109646031982265 9513.7100648319611 9.4922978961840254 799.27646129764616 579.32204613997601 273.49788484873716 84.970471658511087 533.35875618434511 952.02025694600889 1011.1859567537322 92.336011593157309 415.73852187034208 222.31458160793409 99.990046257153153 25.572414492839016 170.3987175298389 279.58822432009038 13.271618939936159 171.49692126724403 14.6822105681058 6.1338298527989528 653.72692463675048 239.92192147026071 136.74287086160621 32.649243247346021
leaf_count=4465 27415 90 5369 55489 62 434 44392 56 4731 5039 2226 828 2510 6815 5740 5455 1835 1853 530 204 1205 1344 49 1007 160 63 12751 4207 2814 200
internal_value=8.0157e-05 0.000704427 -0.00464972 0.00169146 -0.0107754 -0.00692775 -3.72825e-05 0.00462923 0.0107791 -0.00415278 -0.00185385 0.000170258 0.00676257 -0.00847742 -0.000245094 -0.00841274 -0.00338045 -0.00838706 0.000407026 -0.0192022 0.00801094 0.00219724 -0.0070512 -0.0172214 -0.00129213 -0.00660612 -0.00713067 0.00101135 -0.0130795 -0.0149793
internal_weight=31150.3 29456.4 4585.03 24871.3 1693.94 1195.22 11343.4 1829.66 808.983 4506.1 2942.11 2304.88 806.857 1563.99 1020.68 1136.11 1498.02 789.425 395.614 110.543 285.071 708.598 292.86 393.812 185.081 1043.78 1036.53 382.799 142.877 611.971
internal_count=199338 146137 35639 110498 53201 25786 55009 10617 4821 30270 18216 13751 4736 12054 5796 25352 9015 5787 2927 1032 1895 3228 1393 2860 1365 19897 19835 7084 2877 5239
is_linear=0
shrinkage=0.05


Tree=56
num_leaves=31
num_cat=0
split_feature=6 6 5 5 10 7 7 7 9 6 1 1 7 10 9 7 9 10 6 10 7 7 7 7 10 7 10 7 7 8
split_gain=59.3801 74.7843 24.8142 20.3549 27.4242 20.0108 17.0426 26.5994 23.1425 19.6355 19.0937 18.7442 18.5678 16.0407 15.6288 15.5874 15.4276 20.65 14.837 20.159 19.5696 23.102 48.699 47.2899 44.8256 30.4936 32.5401 38.7068 57.8702 28.824
threshold=0.065364584326744093 0.61779513955116283 0.41421362757682806 0.15075758099555972 0.91589081287384044 0.71595898270607006 0.81604409217834484 0.81969451904296886 58.336879730224616 0.021440971642732624 46.086725234985359 41.871330261230476 0.81071397662162792 0.79314282536506664 43.777307510375984 0.80739945173263561 60.791183471679695 0.90237504243850719 0.17747106403112414 0.95855194330215465 0.99540892243385326 0.97484993934631359 0.97283437848091137 0.97771656513214122 0.95277851819992077 0.97975456714630138 0.9069482982158662 0.98456954956054699 0.9875929355621339 80.590000152587905
decision_type=2 2 2 2 2 2 2 2 2 2 2 2 2 2 2 2 2 2 2 2 2 2 2 2 2 2 2 2 2 2
left_child=3 2 18 4 13 -3 12 8 -8 10 16 -10 -5 -1 -11 -6 17 -9 19 -2 21 22 -20 29 25 -25 -27 -28 -29 -23
right_child=1 5 -4 6 15 -7 7 9 11 14 -12 -13 -14 -15 -16 -17 -18 -19 20 -21 -22 23 -24 24 -26 26 27 28 -30 -31
leaf_value=-0.052915142062900891 -0.00018490081889927022 -0.021502811781928536 0.0061209082232264803 0.00030471263787471063 -0.021314025289708577 -0.0064887635465968041 0.01354394570490952 -0.012204606000931583 -0.02994159499874452 -0.027030352394987658 0.014466152785658999 -0.096917244149326287 0.020090487389476108 -0.011414741231191006 -0.0012909579636852704 0.0020497272885946992 -0.0097396789291438416 -0.051100586177432933 0.0027356040551760885 0.0208837982377728 -0.01041355762800005 0.032928394633264232 -0.030465045745284448 -0.021359913382498413 0.05628633510882252 0.015859738965451124 0.029217380043125359 -0.03564112761258633 0.0058446664334326917 -0.010513828454308852
leaf_weight=23.690586198237725 9821.577932902379 262.33027681100066 3231.9961811611429 1813.0067724938272 79.59576978161931 1440.913904434623 16.390398763818666 80.573479571961798 26.765389441745356 60.255671137478203 64.715507683577016 17.134010861627758 126.87336408603005 1357.0524106741796 2774.9957327544689 692.33070056888391 466.50155181386799 59.19113418267807 6877.485134853574 114.86362320603803 267.32195206079632 262.55926881078631 112.2531375491526 122.52829892514274 39.468112524133176 387.33943791454658 71.669491388835013 142.31932617467828 205.35426537902094 44.680837457301095
leaf_count=576 45160 15494 11746 8857 813 37764 84 795 176 380 548 112 556 14042 16243 4478 4695 753 30386 372 1009 642 493 489 90 1234 194 591 666 178
internal_value=3.6826e-05 0.00128737 0.00207918 -0.00378461 -0.00790712 -0.0088012 -0.00217296 -0.00422445 -0.0371537 -0.00365823 -0.0113497 -0.0560823 0.00159876 -0.0121268 -0.00183798 -0.000359383 -0.0141054 -0.0286773 0.00137191 5.86499e-05 0.00290117 0.00333178 0.00220241 0.00951872 0.00409756 0.00188085 0.00541093 -0.00424044 -0.0111374 0.0266107
internal_weight=31063.7 23404.7 21701.4 7659.07 2152.67 1703.24 5506.4 3566.52 60.2898 3506.23 670.982 43.8994 1939.88 1380.74 2835.25 771.926 606.266 139.765 18469.4 9936.44 8532.98 8265.66 6989.74 1275.92 968.679 929.211 806.683 419.343 347.674 307.24
internal_count=199616 146508 93250 53108 19909 53258 33199 23786 372 23414 6791 288 9413 14618 16623 5291 6243 1548 81504 45532 35972 34963 30879 4084 3264 3174 2685 1451 1257 820
is_linear=0
shrinkage=0.05


end of trees

feature_importances:
article_popularity=480
freshness_days=309
emb_max_sim=257
emb_score=221
cat_affinity=168
session_clicks_1h=72
user_hist_recency_sum=60
hist_mean_read_time=51
hist_mean_scroll=44
session_clicks_24h=35
user_click_count=10
category_match=3

parameters:
[boosting: gbdt]
[objective: lambdarank]
[metric: ndcg]
[tree_learner: serial]
[device_type: cpu]
[data_sample_strategy: bagging]
[data: ]
[valid: ]
[num_iterations: 500]
[learning_rate: 0.05]
[num_leaves: 31]
[num_threads: 0]
[seed: 42]
[deterministic: 0]
[force_col_wise: 0]
[force_row_wise: 0]
[histogram_pool_size: -1]
[max_depth: -1]
[min_data_in_leaf: 20]
[min_sum_hessian_in_leaf: 0.001]
[bagging_fraction: 0.9]
[pos_bagging_fraction: 1]
[neg_bagging_fraction: 1]
[bagging_freq: 1]
[bagging_seed: 400]
[bagging_by_query: 0]
[feature_fraction: 0.9]
[feature_fraction_bynode: 1]
[feature_fraction_seed: 30056]
[extra_trees: 0]
[extra_seed: 12879]
[early_stopping_round: 0]
[early_stopping_min_delta: 0]
[first_metric_only: 0]
[max_delta_step: 0]
[lambda_l1: 0]
[lambda_l2: 0]
[linear_lambda: 0]
[min_gain_to_split: 0]
[drop_rate: 0.1]
[max_drop: 50]
[skip_drop: 0.5]
[xgboost_dart_mode: 0]
[uniform_drop: 0]
[drop_seed: 17869]
[top_rate: 0.2]
[other_rate: 0.1]
[min_data_per_group: 100]
[max_cat_threshold: 32]
[cat_l2: 10]
[cat_smooth: 10]
[max_cat_to_onehot: 4]
[top_k: 20]
[monotone_constraints: ]
[monotone_constraints_method: basic]
[monotone_penalty: 0]
[feature_contri: ]
[forcedsplits_filename: ]
[refit_decay_rate: 0.9]
[cegb_tradeoff: 1]
[cegb_penalty_split: 0]
[cegb_penalty_feature_lazy: ]
[cegb_penalty_feature_coupled: ]
[path_smooth: 0]
[interaction_constraints: ]
[verbosity: -1]
[saved_feature_importance_type: 0]
[use_quantized_grad: 0]
[num_grad_quant_bins: 4]
[quant_train_renew_leaf: 0]
[stochastic_rounding: 1]
[linear_tree: 0]
[max_bin: 255]
[max_bin_by_feature: ]
[min_data_in_bin: 3]
[bin_construct_sample_cnt: 200000]
[data_random_seed: 175]
[is_enable_sparse: 1]
[enable_bundle: 1]
[use_missing: 1]
[zero_as_missing: 0]
[feature_pre_filter: 1]
[pre_partition: 0]
[two_round: 0]
[header: 0]
[label_column: ]
[weight_column: ]
[group_column: ]
[ignore_column: ]
[categorical_feature: ]
[forcedbins_filename: ]
[precise_float_parser: 0]
[parser_config_file: ]
[objective_seed: 16083]
[num_class: 1]
[is_unbalance: 0]
[scale_pos_weight: 1]
[sigmoid: 1]
[boost_from_average: 1]
[reg_sqrt: 0]
[alpha: 0.9]
[fair_c: 1]
[poisson_max_delta_step: 0.7]
[tweedie_variance_power: 1.5]
[lambdarank_truncation_level: 30]
[lambdarank_norm: 1]
[label_gain: ]
[lambdarank_position_bias_regularization: 0]
[eval_at: 5,10]
[multi_error_top_k: 1]
[auc_mu_weights: ]
[num_machines: 1]
[local_listen_port: 12400]
[time_out: 120]
[machine_list_filename: ]
[machines: ]
[gpu_platform_id: -1]
[gpu_device_id: -1]
[gpu_device_id_list: ]
[gpu_use_dp: 0]
[num_gpu: 1]

end of parameters

pandas_categorical:[]
