tree
version=v4
num_class=1
num_tree_per_iteration=1
label_index=0
max_feature_idx=5
objective=lambdarank
feature_names=user_click_count category_match cat_affinity article_popularity emb_score emb_max_sim
feature_infos=[0:50] [0:1] [0:1] [0:0.99963849782943726] [-0.20369707047939301:0.91104674339294434] [-0.17712563276290894:1.0000003576278687]
tree_sizes=3542 3545 3534 3544 3538 3549 3531 3539 3540 3553 3503 3543 3532 3521 3572 3539 3510 3523 3502 3549 3535 3529 3530 3564 3511 3522 3512 3524 3519 3521 3525 3514 3537 3523 3527 3539 3535 3508 3518 3510 3536 3527 3519 3493 3510 3491 3513

Tree=0
num_leaves=31
num_cat=0
split_feature=4 4 4 0 5 5 2 5 0 2 2 5 2 0 4 2 0 4 5 2 4 0 4 0 5 0 2 3 0 5
split_gain=2769.01 513.366 321.769 171.728 136.321 125.204 116.716 77.4012 110.328 73.9266 67.2721 48.7883 42.8847 36.506 34.3122 33.8664 32.5202 28.8541 25.9455 25.5086 24.2664 23.8213 19.9308 19.3728 18.9611 18.323 17.1935 16.5373 16.2356 16.2223
threshold=0.19773352891206744 0.31942288577556616 0.13166315108537677 5.5000000000000009 0.3284102082252503 0.25310683250427252 0.12372449040412904 0.27261693775653845 15.500000000000002 0.037749288603663451 0.069366481155157103 0.40493243932724005 0.079473681747913374 10.500000000000002 0.24178999662399295 0.10471491143107416 10.500000000000002 0.035629669204354293 0.34058488905429846 0.044949496164917953 0.078136775642633452 3.5000000000000004 0.042142089456319816 12.500000000000002 0.41465441882610327 11.500000000000002 0.089898992329835906 0.9312095344066621 8.5000000000000018 0.5145511031150819
decision_type=2 2 2 2 2 2 2 2 2 2 2 2 2 2 2 2 2 2 2 2 2 2 2 2 2 2 2 2 2 2
left_child=2 4 3 21 10 9 18 8 -4 16 13 -8 -9 -2 25 29 20 23 -3 -10 -5 -1 -23 -11 -17 -12 -7 -19 -14 -6
right_child=1 6 7 5 15 26 11 12 19 17 14 -13 28 -15 -16 24 -18 27 -20 -21 -22 22 -24 -25 -26 -27 -28 -29 -30 -31
leaf_value=-0.0053923388156018465 0.013968282689425404 0.0081191506479716402 0.00083542319240624942 -0.037715037915477756 0.012634574452062048 -0.017800062626636897 0.040358518736839495 -0.0074798169484344692 -0.029476005310831305 -0.022152125848509521 0.017338891557174396 0.056601837374238829 0.034609241975200253 -0.0066033032945424759 0.019443274178630874 0.025975054569152802 -0.044379990290511123 -0.023430336320537443 0.030497870128926408 -0.014733993079966487 -0.016737445829328703 -0.027933837408597464 -0.010475777966484441 -0.041018215793052482 0.039271357968450167 0.0030211741958686964 -0.0037048752011057656 -0.00022238292843105502 0.010524332414099511 0.042937104723074181
leaf_weight=1132.0235362770181 289.80008606957563 202.9881392907846 1310.3392960530036 369.34605192924937 478.76002194947796 422.59811572302715 929.39188067046052 385.32113658297749 439.71003940231094 201.08349963081127 314.16020360752009 919.78104345977772 77.940398450940847 842.96586078923428 1188.6700702548733 756.60526717052562 1126.9710184745272 1612.2811794606096 357.84265327677713 882.0892432194305 219.95821375132073 265.1756038205931 426.30015970995737 420.87867702619405 415.30554584967467 773.93683922952914 443.31105087086326 80.596544915766572 684.30358887543116 48.655087924998952
leaf_count=42147 9193 6969 45650 18607 16752 18541 21935 15543 21018 8905 9174 17776 1960 32718 35854 21976 60798 72865 10407 36608 9302 11771 16088 22117 10650 27351 17371 3410 23393 1154
internal_value=0.000193366 0.023356 -0.0163927 -0.0229567 0.0143827 -0.0278339 0.0423782 -0.00472147 -0.00944589 -0.0315393 0.00861663 0.048438 0.00611483 -0.00134039 0.0135706 0.0259518 -0.039403 -0.025709 0.0223981 -0.0196381 -0.0298851 -0.00985877 -0.0171708 -0.0349187 0.030687 0.00715505 -0.0105839 -0.0223254 0.012987 0.01543
internal_weight=18019.1 7518.86 10500.2 6720.52 5108.86 4897.02 2410 3779.7 2632.14 4031.12 3409.53 1849.17 1147.57 1132.77 2276.77 1699.33 1716.28 2314.84 560.831 1321.8 589.304 1823.5 691.476 621.962 1171.91 1088.1 865.909 1692.88 762.244 527.415
internal_count=668003 221909 446094 301922 164822 231916 57087 144172 103276 196004 114290 39711 40896 41911 72379 50532 88707 107297 17376 57626 27909 70006 27859 31022 32626 36525 35912 76275 25353 17906
is_linear=0
shrinkage=0.05


Tree=1
num_leaves=31
num_cat=0
split_feature=5 4 4 0 3 3 3 3 5 0 3 3 5 3 5 5 5 0 0 3 0 3 2 5 4 4 4 0 0 4
split_gain=1347.25 335.945 215.726 303.918 175.894 252.18 150.817 147.762 99.7171 93.2012 85.2192 84.0062 81.275 73.8037 71.9887 71.9832 68.2587 66.0726 64.1478 56.8145 54.3467 47.1202 54.3467 44.1025 43.9288 61.2347 39.0381 38.6451 37.7118 65.6605
threshold=0.27376052737236029 0.39413306117057806 0.11391146108508111 16.500000000000004 0.49660341441631323 0.81820303201675426 0.99212232232093822 0.63698601722717296 0.56210488080978405 5.5000000000000009 0.99212232232093822 0.83804789185523998 0.60599055886268627 0.99881005287170421 0.20186370611190799 0.20186370611190799 0.1229846552014351 12.500000000000002 33.500000000000007 0.92951497435569774 16.500000000000004 0.93687301874160778 0.2806250005960465 0.60599055886268627 0.27194514870643621 0.31612667441368109 0.0025986132677644496 22.500000000000004 19.500000000000004 0.29044732451438909
decision_type=2 2 2 2 2 2 2 2 2 2 2 2 2 2 2 2 2 2 2 2 2 2 2 2 2 2 2 2 2 2
left_child=2 4 3 9 12 27 7 8 -3 19 17 -9 24 -12 26 20 -11 -7 -13 -1 21 22 -4 -19 -2 -26 -5 -6 -17 -30
right_child=1 6 15 14 5 10 -8 11 -10 16 13 18 -14 -15 -16 28 -18 23 -20 -21 -22 -23 -24 -25 25 -27 -28 -29 29 -31
leaf_value=-0.003483548646383425 0.0043360300987737048 0.018766391681990902 -0.010479057318216306 -0.042958131501841079 -0.014807796885837521 0.015334764380234468 0.068588155645993076 -0.02827306741589394 0.040601876917954999 -0.021169912197088879 0.040843691952336253 0.020647123257471409 0.029083590815620959 -0.019530320923450931 -0.015561284681027229 0.0011292203734555226 -0.007391179390821 -0.0028193562501479938 -0.016680489108436378 0.020924573060903593 -0.016769558600755512 0.013481351441315537 0.0017678429375496353 -0.037023037834536997 0.014139037821444404 0.0059440019537268015 -0.026559079733887554 -0.034496257014469893 -0.0069389832317153042 0.010028393267682442
leaf_weight=3843.0455204673053 10031.459510020679 3076.6433071696665 3225.517712829751 444.5140855438076 437.8788885390386 534.26772269210778 154.84268430713564 215.11528255511075 629.90764572680928 1493.5030384658603 242.62901600962505 361.71319091576152 412.34778550104238 63.964326269226149 1476.294968403643 5843.0377095543663 2257.4124454898993 1526.2172485878109 168.81172615615651 254.18226389348274 1463.8770080002723 298.34578204376157 1259.6091114149312 100.44749417365529 3676.6296160107013 5998.4996226863004 1976.6587896826677 578.53023136861157 4435.6351730838651 654.29008044814691
leaf_count=60084 100059 12382 36894 14616 4230 3759 274 1414 1638 33664 1208 1509 1485 608 34188 53156 44208 19962 1186 4090 28671 3362 10589 831 25732 28783 51522 8783 74144 5032
internal_value=-4.61084e-05 0.00772859 -0.00762835 -0.0128506 0.00531795 -0.00505448 0.0200788 0.0183917 0.0224772 -0.00718272 0.00357916 -0.00191714 0.00711411 0.0282479 -0.0242636 -0.00405809 -0.0128775 7.91548e-05 0.00876957 -0.00196933 -0.00833955 -0.00575973 -0.00703962 -0.00493145 0.00665441 0.00905818 -0.0295699 -0.0260143 -0.00161157 -0.00475789
internal_weight=57135.8 28209.9 28925.9 11745.6 23602.9 3483.93 4607.03 4452.19 3706.55 7848.14 2467.53 745.64 20118.9 306.593 3897.47 17180.3 3750.92 2160.93 530.525 4097.23 6247.35 4783.47 4485.13 1626.66 19706.6 9675.13 2421.17 1016.41 10933 5089.93
internal_count=668063 213843 454220 242372 195440 39381 18403 18129 14020 142046 26368 4109 156059 1816 100326 211848 77872 24552 2695 64174 79516 50845 47483 20793 154574 54515 66138 13013 132332 79176
is_linear=0
shrinkage=0.05


Tree=2
num_leaves=31
num_cat=0
split_feature=5 5 2 5 0 2 3 3 2 5 2 3 0 5 0 3 0 0 5 0 5 0 3 3 5 0 3 2 3 3
split_gain=969.209 287.603 146.828 140.621 251.131 91.865 71.0586 146.883 65.6434 64.9469 63.8216 58.3498 57.4667 71.1067 55.1805 46.9807 39.0333 33.4265 38.8275 32.4586 40.7191 30.1297 27.7002 24.1608 24.1089 23.9037 23.315 24.8726 22.5099 34.9959
threshold=0.29085536301136022 0.56210488080978405 0.22111111134290698 0.20871283859014514 16.500000000000004 0.19399641454219821 1.0000000180025095e-35 0.83804789185523998 0.032795699313282974 0.34268015623092657 0.15075758099555972 0.99862930178642284 3.5000000000000004 0.17030265927314761 16.500000000000004 0.56711855530738842 18.500000000000004 6.5000000000000009 0.29687938094139105 7.5000000000000009 0.073706794530153288 22.500000000000004 0.73962944746017467 0.86971682310104381 0.17876747250556949 26.500000000000004 0.9777602255344392 0.42705167829990393 0.94993221759796154 0.98700857162475597
decision_type=2 2 2 2 2 2 2 2 2 2 2 2 2 2 2 2 2 2 2 2 2 2 2 2 2 2 2 2 2 2
left_child=3 2 17 4 12 -3 10 15 -6 -4 -5 22 28 19 -12 -8 26 18 -2 -14 23 -9 25 -21 -10 -7 27 -11 -1 -30
right_child=1 5 9 6 8 11 7 21 24 16 14 -13 13 -15 -16 -17 -18 -19 -20 20 -22 -23 -24 -25 -26 -27 -28 -29 29 -31
leaf_value=0.00030371745192814606 -0.044860546766181439 0.009423832246103157 0.0044846093176935048 -0.0044631380554610604 -0.029349909515625296 0.0413677669511512 -0.008500672061873122 0.0067252346718869351 -0.020500518372213054 0.011614651958361463 0.0077258332396871231 0.06015687719861576 -0.0078282789166769038 -0.0015799097989882258 -0.0016687080730787671 -0.036646854754492787 0.01002574309267603 0.0010979286318215293 0.015422865926243222 -0.046617356792690884 -0.01378091094211957 -0.0092775303417228488 0.010653258127912762 0.019207731601066785 -0.010853852507052515 0.025831593074988776 0.046175512009948044 0.021775755456308873 -0.029655395547775007 0.0093113717571878443
leaf_weight=3773.222630172444 27.917186139151454 598.73381172213703 3745.2387025465723 6225.2934881914407 1289.216115089017 416.70722201419994 205.93922024220228 665.28910765587352 1260.6854414725676 1168.3728371886536 2909.5034287711605 171.70192898157984 3207.0429229928413 2942.6021455019945 3377.5724702695152 529.33518541941885 5081.0130526447902 10478.337461194023 618.0217702917289 141.16716979397461 2329.8757258248515 527.22897894575726 175.71399464155547 15.467603552620856 1332.0122067343909 610.01096815452911 69.748715614899993 1242.943516635336 156.02678831364028 91.35640404955484
leaf_count=45595 309 3441 26622 91345 41090 1010 3449 8921 35061 5467 21556 290 49722 38349 43194 12247 28739 103134 3226 4347 48298 12067 1076 392 29809 1888 196 5127 1551 575
internal_value=1.42846e-05 0.00746653 0.00585681 -0.00585644 -0.00900418 0.0257692 -0.00225125 -0.011187 -0.0201294 0.00986917 -0.00087451 0.0328911 -0.005592 -0.00789081 0.00267885 -0.0287635 0.012536 0.00177843 0.0128174 -0.0111525 -0.0154399 -0.000349812 0.0289977 -0.0401172 -0.0155445 0.0321372 0.0176767 0.0168523 -0.000654227 -0.0152653
internal_weight=55383.3 24404.5 22431.6 30978.8 16538.7 1972.87 14440.2 1927.79 3881.91 11307.3 12512.4 1374.13 12656.8 8636.16 6287.08 735.274 7562.08 11124.3 645.939 5693.55 2486.51 1192.52 1202.43 156.635 2592.7 1026.72 2481.07 2411.32 4020.61 247.383
internal_count=668093 180525 172820 487568 294789 7705 192779 36684 105960 66151 156095 4264 188829 141108 64750 15696 39529 106669 3535 102759 53037 20988 3974 4739 64870 2898 10790 10594 47721 2126
is_linear=0
shrinkage=0.05


Tree=3
num_leaves=31
num_cat=0
split_feature=4 4 4 4 3 4 5 2 5 2 3 3 3 3 5 4 3 2 2 4 3 3 5 3 3 3 3 3 3 5
split_gain=1054.6 327.469 208.601 140.463 85.9539 54.0962 61.5287 45.4701 44.7483 44.0162 43.7062 41.8876 77.952 85.8141 40.9701 39.4085 39.362 36.0355 34.2887 34.096 31.6274 29.5639 29.3932 26.0226 25.9376 31.5167 27.6867 39.353 36.0374 23.8404
threshold=0.21121312677860263 0.3671001940965653 0.11284141987562181 0.49836425483226782 0.99212232232093822 -0.015190601814538239 0.040657179430127151 0.28730159997940069 0.38638600707054144 0.38956639170646673 0.93210574984550487 0.60793796181678783 0.76519805192947399 0.7489004135131837 0.19489932060241702 0.035629669204354293 0.91455036401748668 0.10300619155168535 0.27386364340782171 0.17629654705524447 0.99698749184608471 0.99862930178642284 0.30875314772129064 0.99933725595474254 0.93687301874160778 0.94516494870185863 0.60793796181678783 0.79807955026626598 0.32196867465972906 0.60599055886268627
decision_type=2 2 2 2 2 2 2 2 2 2 2 2 2 2 2 2 2 2 2 2 2 2 2 2 2 2 2 2 2 2
left_child=2 9 5 4 7 20 -7 -3 17 14 11 15 13 18 -2 -8 -14 24 -13 23 -1 -5 -17 -19 26 -26 28 -28 -4 -16
right_child=1 3 8 21 -6 6 10 -9 -10 -11 -12 12 16 -15 29 22 -18 19 -20 -21 -22 -23 -24 -25 25 -27 27 -29 -30 -31
leaf_value=-0.022143764667654161 -0.013969800043946752 0.007860996755693123 -0.0069410598016161201 0.035114933497248271 0.051304808241694345 -0.00021194831433573038 -0.018270961994860124 0.017274937153973151 0.0070586137580127386 0.0082406213009627791 0.0014707534639018284 -0.034114622389916548 -0.0036679996297969246 -0.08395283928127617 0.0027586314795056662 -0.010922924842931529 -0.044100091162393273 -0.0039721859849668117 0.023067378310219176 0.0027642562257565086 0.051018560168030296 0.082247829044402657 0.0021647598158460908 -0.090446877703517559 0.022655964140528794 -0.0038966474741530589 -0.038756165110417018 -0.0082373095473271003 0.02650958188785444 0.015145171810066083
leaf_weight=1317.3619774534018 360.55015823920257 2250.5245432911906 5438.8496109422995 724.0912819163641 152.51998993009329 1250.0194706321345 1846.6185222583008 2982.6816662541823 1024.6351533820853 4631.5599966032314 567.36284502618946 196.64773733366746 362.88382274983451 91.047328415093943 14814.409224715433 6101.2700367997168 72.16662588424515 4491.8869483068702 30.249065491370857 2967.501024770434 14.939141399692742 34.872402850538492 461.45093133929186 8.7167478865012509 159.98259529331699 370.71791483054403 165.14472145750187 293.09602973063011 81.726323852315545 398.92638511944097
leaf_count=32242 4858 13248 86951 2438 370 17605 45165 12563 9994 30574 12205 5769 11523 1637 130074 122172 2782 61062 555 32247 93 41 6451 188 1852 7214 5291 7730 1484 1837
internal_value=-0.000101205 0.00703511 -0.00698562 0.0171427 0.0143049 -0.011809 -0.0106545 0.0132265 -0.00302722 0.00396128 -0.011996 -0.01283 -0.0241278 -0.0429462 0.00268863 -0.0118183 -0.0103749 -0.00376657 -0.0264913 -0.00139635 -0.0213234 0.0372806 -0.0100027 -0.00413967 -0.00648582 0.00410778 -0.00742614 -0.019236 -0.00644586 0.00308343
internal_weight=53664.4 26350.1 27314.3 6144.69 5385.73 12312 10979.7 5233.21 15002.3 20205.4 9729.7 9162.33 752.995 317.944 15573.9 8409.34 435.05 13977.6 226.897 7468.1 1332.3 758.964 6562.72 4500.6 6509.52 530.701 5978.82 458.241 5520.58 15213.3
internal_count=668215 196003 472212 28660 26181 258199 225864 25811 214013 167343 208259 196054 22266 7961 136769 173788 14305 204019 6324 93497 32335 2479 128623 61250 110522 9066 101456 13021 88435 131911
is_linear=0
shrinkage=0.05


Tree=4
num_leaves=31
num_cat=0
split_feature=4 4 4 0 3 2 3 4 3 3 3 2 3 2 3 4 2 0 2 0 3 4 4 2 0 3 0 4 0 2
split_gain=871.065 239.16 174.467 123.116 90.7316 82.5119 69.4821 57.2794 48.0646 59.4374 47.8079 47.6266 42.9501 40.6116 40.4252 37.1126 50.332 35.6395 74.9856 34.6052 45.436 38.0782 32.7616 30.3059 27.5797 27.1971 26.7607 26.014 25.8062 33.0174
threshold=0.22742015123367312 0.44195082783699041 0.11284141987562181 4.5000000000000009 0.99313899874687206 0.36055555939674383 0.99039766192436229 0.034039428457617767 0.56711855530738842 0.88453078269958507 0.94219008088111889 0.037749288603663451 0.94158759713172924 0.20638945698738101 0.94279256463050853 0.31942288577556616 0.021980676800012592 11.500000000000002 0.028991596773266796 13.500000000000002 0.63698601722717296 0.32630288600921636 -0.054125083610415452 0.20204082131385806 19.500000000000004 0.94158759713172924 19.500000000000004 0.27194514870643621 3.5000000000000004 0.040408162400126464
decision_type=2 2 2 2 2 2 2 2 2 2 2 2 2 2 2 2 2 2 2 2 2 2 2 2 2 2 2 2 2 2
left_child=2 4 3 -1 5 8 13 22 15 -10 12 26 -11 -3 -12 -2 24 25 -19 21 27 -7 -5 -6 -17 -4 -9 -21 -16 -30
right_child=1 6 17 7 23 19 -8 11 9 10 14 -13 -14 -15 28 16 -18 18 -20 20 -22 -23 -24 -25 -26 -27 -28 -29 29 -31
leaf_value=-0.0030380339517014168 0.0023123450252879557 0.0081095082421505302 -0.00042543458544721602 -0.040613731152848401 0.016443129171430027 0.0099571242137470248 0.067682551217605233 -0.013135387077637268 -0.016660792881112593 0.0053966876442657075 -0.082154287412028945 -0.0077682275017439588 0.037982361586264245 0.025609604963722072 0.042492581824558617 0.0034431981893298588 0.0095697011691070755 -0.012742261634230293 -0.0022204153786312443 0.00060431826306164068 -0.016920756403245009 0.02384693589187499 -0.018901877335894272 0.046439148101878491 -0.022670242912333174 0.012767952109385262 -0.024876516301436363 0.010580980128342458 -0.026066500422151667 -0.00047069331789240744
leaf_weight=3806.4970302890288 8126.7190837846138 425.30591747129802 5948.638376575429 189.78179319121409 168.49630361027084 1273.5501929807942 86.006124762119725 1402.4355879507493 634.15691451937892 464.93839071155526 17.295544083230197 3564.1117505080183 129.23044836497866 1503.3872026880272 27.733606811612844 214.34174334816635 4180.5821994040161 2105.0794582931558 8656.4191276035272 819.17162354360335 182.82343660620973 805.52146977256052 2056.0936385663808 168.32572433445603 191.40256393374875 418.06879210181069 742.11491369327996 3228.714437732473 166.58084363304079 517.09385863831267
leaf_count=52351 69993 2197 62294 7461 947 7025 168 31322 11550 5010 281 78968 814 5479 128 1462 21766 44306 131516 7204 2292 3325 62369 507 2060 4098 25540 17328 2826 5357
internal_value=5.92141e-05 0.00724497 -0.00574411 -0.0104332 0.00568868 0.00527536 0.0237114 -0.0139721 0.00321891 -0.00407554 0.00195756 -0.0113108 0.012484 0.0217506 -0.00662547 0.00434181 0.0079379 -0.00252433 -0.00427862 0.0100565 0.0074608 0.0153386 -0.0207366 0.0314335 -0.00887535 0.000440907 -0.0171984 0.008562 -0.00478923 -0.00670724
internal_weight=52220.6 23331.4 28889.2 11761 21316.7 20979.9 2014.7 7954.54 14670.1 1957.03 1322.87 5708.66 594.169 1928.69 728.704 12713 4586.33 17128.2 10761.5 6309.78 4230.71 2079.07 2245.88 336.822 405.744 6366.71 2144.55 4047.89 711.408 683.675
internal_count=667944 167719 500225 258011 159875 158421 7844 205660 121247 25966 14416 135830 5824 7676 8592 95281 25288 242214 175822 37174 26824 10350 69830 1454 3522 66392 56862 24532 8311 8183
is_linear=0
shrinkage=0.05


Tree=5
num_leaves=31
num_cat=0
split_feature=4 4 5 0 5 2 2 4 2 5 2 4 4 5 0 5 0 5 0 0 0 4 5 5 5 2 5 5 0 5
split_gain=811.027 227.931 166.878 108.038 115.768 60.0247 58.0428 55.0505 52.8684 51.7988 40.9505 40.0634 36.4509 34.9323 30.2671 33.2062 29.4349 29.8061 26.6289 26.3626 23.8997 22.7531 22.5192 20.9463 20.779 20.2603 20.1184 18.6224 17.9782 17.4632
threshold=0.28544640541076666 0.15996962040662768 0.49770340323448187 6.5000000000000009 0.24368909746408465 0.3366666734218598 0.03637566231191159 0.413582593202591 0.19399641454219821 0.46480491757392889 0.059411764144897468 0.33384557068347936 0.078136775642633452 0.36422277987003332 29.500000000000004 0.1180674582719803 15.500000000000002 0.25427812337875372 12.500000000000002 43.500000000000007 26.500000000000004 0.32276587188243872 0.41934216022491461 0.20279538631439212 0.22551655024290088 0.15849281847476962 0.17876747250556949 0.18288533389568332 11.500000000000002 0.12138582766056062
decision_type=2 2 2 2 2 2 2 2 2 2 2 2 2 2 2 2 2 2 2 2 2 2 2 2 2 2 2 2 2 2
left_child=1 3 5 -1 6 13 12 -4 -9 10 16 21 20 24 15 25 26 -18 -13 -15 -5 -7 -6 -22 -2 -8 -3 -16 29 -14
right_child=2 9 7 4 22 11 14 8 -10 -11 -12 18 28 19 27 -17 17 -19 -20 -21 23 -23 -24 -25 -26 -27 -28 -29 -30 -31
leaf_value=-0.0026266601484003496 -0.020126869829949812 -0.010675931695243819 0.014827544444313041 -0.021658721058170721 -0.0043889184589124041 0.0088960291531309695 -0.011626494322866707 0.0038820957158689886 0.034167319561494089 0.011512973151300955 0.00098050696870844128 0.023899754069504193 -0.031097276340932612 0.012056392953408884 -0.025471866555758695 -0.0063593973716968054 -0.015369771574074893 -0.0040632707700681576 0.012972536803778405 0.0027730325674795065 -0.043747383513449124 -0.0055431101691197854 0.010448377690343286 -0.016434757620436283 0.0024271145733376371 -0.032605882184267201 0.001928802015518992 -0.01307170727513815 -0.018883888578192093 -0.004954075292563696
leaf_weight=6496.4030996660003 104.87007837998681 382.54220894654281 1242.4989764711354 1006.134559200611 3280.6441558176884 1295.8348146106582 267.4226624382427 167.83680162695237 1019.0658370146994 949.06209075730294 12931.477444351302 724.8970096684061 72.116275681531988 2154.9580189917469 442.21770916949026 3017.6589446077123 911.10265236010309 1618.0953618513886 2414.8937528091483 1185.4281159276143 268.74707755714189 345.59797214809805 277.3506023674272 95.015417568385601 3896.6986599541269 202.01168034027796 1835.5525718935532 960.21180227596778 925.7388744604541 559.13300974084996
leaf_count=91837 1162 5328 6018 32914 60237 8270 7918 903 3299 6376 136675 2917 1793 12118 16948 62519 20532 25408 11914 8551 14269 2106 3445 3516 31251 5941 18784 26990 28579 9639
internal_value=0.000242625 -0.00373676 0.0102231 -0.00777083 -0.0107089 0.00782629 -0.0141122 0.0221839 0.0298848 0.000133357 -0.000477543 0.0121861 -0.0196811 0.00498713 -0.0107786 -0.00828382 -0.00444923 -0.00813625 0.0154954 0.00876194 -0.0256298 0.00585592 -0.00323233 -0.0366133 0.00183604 -0.0206546 -0.000245065 -0.0169818 -0.0144472 -0.00794077
internal_weight=51051.2 36498.6 14552.6 17870.8 11374.4 12123.2 7816.41 2429.4 1186.9 18627.8 17678.8 4781.22 2926.89 7341.95 4889.52 3487.09 4747.29 2529.2 3139.79 3340.39 1369.9 1641.43 3557.99 363.762 4001.57 469.434 2218.09 1402.43 1556.99 631.249
internal_count=668157 579648 88509 366545 274708 78289 211026 10220 4202 213103 206727 25207 90710 53082 120316 76378 70052 45940 14831 20669 50699 10376 63682 17785 32413 13859 24112 43938 40011 11432
is_linear=0
shrinkage=0.05


Tree=6
num_leaves=31
num_cat=0
split_feature=4 4 4 3 0 2 4 2 4 2 4 3 2 0 0 4 0 2 0 2 0 4 4 3 4 4 3 4 3 3
split_gain=733.121 264.274 134.065 86.7154 80.0255 65.6277 53.1942 43.9765 36.2688 29.842 28.7191 26.5086 26.5021 25.1983 22.7701 21.4851 35.1231 21.062 22.9117 20.4335 38.6342 20.8934 20.1156 20.3654 19.3512 19.2165 18.6059 24.5333 20.2823 41.3298
threshold=0.31612667441368109 0.14060389995574954 0.49836425483226782 0.99313899874687206 4.5000000000000009 0.077935222536325469 0.046698683872818954 0.37354651093482977 0.16915708780288699 0.18561584502458575 0.39413306117057806 0.988243728876114 0.21132376790046695 26.500000000000004 6.5000000000000009 0.20990283787250522 37.500000000000007 0.680425524711609 14.500000000000002 0.020204081200063232 19.500000000000004 0.098172504454851164 0.13842663168907168 0.85151377320289623 -0.054125083610415452 0.4259308129549027 0.99822261929512035 0.052743867039680488 0.93369480967521679 1.0000000180025095e-35
decision_type=2 2 2 2 2 2 2 2 2 2 2 2 2 2 2 2 2 2 2 2 2 2 2 2 2 2 2 2 2 2
left_child=1 4 3 5 -1 -2 13 15 -9 25 -7 -4 14 24 -12 16 -3 -14 -19 20 21 -8 23 -23 -6 -5 28 -28 29 -21
right_child=2 7 11 9 6 10 19 8 -10 -11 12 -13 17 -15 -16 -17 -18 18 -20 26 -22 22 -24 -25 -26 -27 27 -29 -30 -31
leaf_value=-0.0028693184955620706 -0.0014373831140285021 -0.0011559058823300817 0.029529071640690505 0.00020008926845777741 -0.033255647832547239 0.0087816275135502771 -0.014193664159838497 -0.007506855163947149 0.0056171554521693848 0.057359999138209876 0.053450006145836275 0.0692479634416239 0.019218939092772849 -0.025149648013082879 0.0041126209997853318 0.00028007521437786861 -0.0084858225035414261 0.021140872646376579 -0.0075513496932165429 -0.006038501572139008 -0.022389201254663534 -0.0044843431691391263 -0.037940137009922555 0.018829538925548939 -0.012806949020239529 0.06255767005644218 0.074336321094542843 -0.051734232264619741 0.0083584899332208393 -0.021702240724941955
leaf_weight=4318.1977342987666 1228.6881489396328 6291.8169886058895 711.13427609112114 49.202499574050307 123.71365460811649 5438.9038529264508 837.08815701457206 597.03297668648884 4451.5967788238777 127.1257560197264 24.298892680555582 44.64540017908439 2017.0178140467033 712.77895127097145 622.37150080408901 11107.414373136533 2207.7907938509015 121.32018985645846 163.13730169460177 4534.5389729032759 719.77672252443153 714.48713121132459 39.535583299584687 107.80398187623359 1785.1067795144627 16.497273799963295 4.2738560680299988 39.75030966848135 210.2818894792581 464.24120711931027
leaf_count=58426 12097 84783 2422 251 5134 31209 20831 7729 36677 316 66 82 8368 30683 3487 113296 43073 513 1000 93971 25894 13465 802 2059 51176 34 25 776 4649 14678
internal_value=-0.00010831 -0.00325397 0.011584 0.0100205 -0.00858231 0.00935472 -0.010979 -9.62573e-05 0.00406516 0.0432194 0.0109357 0.0318753 0.0149098 -0.0171277 0.00596649 -0.00116778 -0.00305987 0.0174227 0.00468579 -0.00887782 -0.0126807 -0.00856749 -0.00310282 -0.00142785 -0.0141323 0.0158581 -0.00712686 -0.0394953 -0.0068533 -0.00749321
internal_weight=49831.6 39267.2 10564.3 9808.56 14611.6 9615.74 10293.4 24655.7 5048.63 192.826 8387.05 755.78 2948.15 2621.6 646.67 19607 8499.61 2301.48 284.457 7671.78 2418.69 1698.91 861.827 822.291 1908.82 65.6998 5253.09 44.0242 5209.06 4998.78
internal_count=667972 608127 59845 57341 322569 56740 264143 285558 44406 601 44643 2504 13434 86993 3553 241152 127856 9881 1513 177150 63051 37157 16326 15524 56310 285 114099 801 113298 108649
is_linear=0
shrinkage=0.05


Tree=7
num_leaves=31
num_cat=0
split_feature=5 5 5 0 3 2 2 3 2 0 3 5 0 3 5 2 5 2 5 0 2 3 3 0 3 3 0 2 5 2
split_gain=724.369 144.284 113.328 114.209 100.888 83.2288 80.8358 48.5804 41.0741 40.8822 37.5266 36.8573 33.3283 27.3087 25.8219 24.2665 23.7651 22.798 21.908 21.1733 21.1007 20.3561 19.8286 19.7135 19.3499 21.9463 18.8933 26.3924 18.5794 18.5209
threshold=0.33024857938289648 0.42927937209606176 0.24260822683572772 7.5000000000000009 0.99212232232093822 0.032795699313282974 0.15849281847476962 0.6593613624572755 0.16064515709877017 44.500000000000007 0.92874678969383251 0.17672950774431231 21.500000000000004 0.82683387398719799 0.06166470795869828 0.43826219439506536 0.41465441882610327 0.28730159997940069 0.60599055886268627 16.500000000000004 0.85857143998146068 0.98761862516403209 0.32196867465972906 30.500000000000004 0.56711855530738842 0.6775643825531007 20.500000000000004 0.47140522301197058 0.1180674582719803 0.19782608747482303
decision_type=2 2 2 2 2 2 2 2 2 2 2 2 2 2 2 2 2 2 2 2 2 2 2 2 2 2 2 2 2 2
left_child=2 8 3 10 6 19 7 22 16 -8 29 12 14 18 -7 -4 -2 -6 -9 -5 -10 -15 -3 -13 -11 -26 27 -17 -21 -1
right_child=1 4 15 5 17 11 9 13 20 24 -12 23 -14 21 -16 26 -18 -19 -20 28 -22 -23 -24 -25 25 -27 -28 -29 -30 -31
leaf_value=-0.0048434213246121814 0.0021503321502043446 0.0075986944484404753 -0.0014569417268966204 -0.012795345890023202 0.031025698374492091 -0.064225295816813341 0.020489816857430534 -0.069662149512115315 0.0071575434057287854 0.012141723499914436 0.0091040171776278749 -0.0026732676237331628 -0.022015424220349179 -0.003419797331541765 -0.0078088560591914984 0.029079874167647277 -0.012009542144364156 0.060410314657128407 -0.010458553015735405 -0.043615443029573049 0.027195286741762088 -0.073666308316313725 0.044383894524498847 -0.0091019592708264842 -0.086849780747690633 -0.0025037654379278938 -0.00074528746725536219 0.005935706138508942 -0.019494682344082914 0.00030058619204932559
leaf_weight=5472.1770704785013 3396.388987509883 1198.5212176215136 11354.873827954754 1761.5694019772345 139.08188975509256 20.549409397412091 2859.2035712287761 33.196150660282001 5830.2498345016502 1414.1302895746194 671.60360433370806 3594.0921807436971 646.8270990132587 312.29264875303488 1560.1541474282276 141.25202709808946 324.64315535407513 125.63338827667758 29.522749062627554 84.439269394031726 134.41204819083214 10.665207486599682 37.789166084490716 1784.6312759998837 8.2057435703463835 128.18963595968671 941.11448731133714 962.70656010741368 1463.8502988141845 2572.4202804605011
leaf_count=83087 37770 8491 149252 43217 535 1048 12939 865 39714 7095 7861 55279 25059 3434 36219 814 3431 283 306 4690 723 161 328 43774 156 1319 10815 6979 53226 29283
internal_value=0.000129171 0.00886774 -0.00409884 -0.00651839 0.01476 -0.00992612 0.0134341 0.00388998 0.00503735 0.0169446 -0.00225058 -0.00704612 -0.0124546 -0.0116028 -0.00854228 -0.000553947 0.000914947 0.0449716 -0.0417941 -0.0165445 0.00760909 -0.00573958 0.00872307 -0.00480627 0.010407 -0.00757814 0.00445976 0.00889701 -0.0208102 -0.00319852
internal_weight=49014.4 15982.1 33032.3 19632.3 6296.43 10916.1 6031.72 1621.99 9685.69 4409.73 8716.2 7606.25 2227.53 385.677 1580.7 13399.9 3721.03 264.715 62.7189 3309.86 5964.66 322.958 1236.31 5378.72 1550.53 136.395 2045.07 1103.96 1548.29 8044.6
internal_count=668153 117550 550603 382743 35912 262512 35094 13585 81638 21509 120231 161379 62326 4766 37267 167860 41201 818 1171 101133 40437 3595 8819 99053 8570 1475 18608 7793 57916 112370
is_linear=0
shrinkage=0.05


Tree=8
num_leaves=31
num_cat=0
split_feature=4 4 4 3 2 5 5 2 3 5 5 3 3 4 5 3 4 3 5 3 3 3 3 3 3 3 3 2 3 5
split_gain=669.871 160.497 139.958 82.7234 54.8866 54.8503 45.0138 39.236 47.7622 25.8282 24.8929 40.0447 36.8243 39.131 34.2423 35.1636 24.2081 23.3097 22.6607 29.2885 22.4197 21.0307 21.0286 20.2688 20.0244 23.328 21.0553 17.5501 17.6772 21.6907
threshold=0.28544640541076666 0.13062155991792682 0.39413306117057806 0.99212232232093822 0.21132376790046695 0.56210488080978405 0.29085536301136022 0.16247642785310748 0.99862930178642284 0.29225471615791326 1.0000000180025095e-35 0.95573881268501293 0.98083293437957775 0.051267115399241454 0.088596768677234664 0.89575240015983593 -0.0027521429583430286 0.99862930178642284 0.46480491757392889 0.99698749184608471 0.49660341441631323 1.0000000180025095e-35 0.988243728876114 0.98083293437957775 0.76519805192947399 0.7489004135131837 0.70668020844459545 0.15301003307104113 0.94386202096939098 0.14308745414018634
decision_type=2 2 2 2 2 2 2 2 2 2 2 2 2 2 2 2 2 2 2 2 2 2 2 2 2 2 2 2 2 2
left_child=1 9 7 4 -4 -6 -3 -2 -9 10 11 -1 13 21 15 -15 23 -14 19 22 -7 -12 -8 -13 25 26 -23 28 -16 -30
right_child=2 6 3 -5 5 20 18 8 -10 -11 12 16 17 14 27 -17 -18 -19 -20 -21 -22 24 -24 -25 -26 -27 -28 -29 29 -31
leaf_value=0.00060317920105561879 0.0016506161454946868 -0.0030398429561513968 0.0059955221726924832 0.059109535521869941 0.016037571661139182 0.038116095018187024 0.00052497926146927696 0.0079634492356286252 0.053650656844107462 -0.00045675888505931038 -0.012542301323997999 -0.078684223040032808 0.025794407136402693 0.00013403994679399571 -0.010099697852650106 0.042213661051645431 -0.059330172841839939 -0.0082749621175147604 0.0085509419885860718 -0.065570327418206689 0.013601902455621061 -0.034894600439743344 0.024801155263287664 0.051452422230747044 -0.0153933791623525 -0.068816261131194767 0.010892129646467037 -0.0051281392513745465 -0.062491248453566454 -0.016638011751389303
leaf_weight=1033.9003351685824 3271.65110448224 13026.032871275209 993.47019159165211 115.08587503805757 2173.8904937999323 470.85179057251662 7577.7789621340344 6397.8920106572332 57.721298498101532 983.81712605350185 3290.6150450679124 4.1806093570776275 118.30248088447843 454.8416440654546 3840.95809324109 55.729517664061859 45.558430964592844 87.219084226060659 1034.0554679638008 16.652899415232241 116.30701476661488 145.52848899620585 90.267956079682335 10.524120462127028 332.0504612037912 41.144902678322978 30.34401174436789 2166.0352054388495 34.874894924461842 99.022211269941181
leaf_count=16279 30864 190292 6500 275 9893 1275 81702 38688 162 17911 88516 147 2155 6955 98332 521 397 1177 7112 263 583 5337 682 50 12695 914 1359 42112 1097 3103
internal_value=-8.92424e-05 -0.00379184 0.00931084 0.0173537 0.0160738 0.0197001 -0.00117867 0.00611131 0.00837195 -0.00823994 -0.00888937 -0.00170616 -0.00962414 -0.0100347 -0.00771464 0.00472709 -0.0413262 0.0113361 0.00160196 0.000666908 0.0332602 -0.0140539 0.000810757 0.0144541 -0.0231127 -0.0349239 -0.0269948 -0.00874908 -0.0107223 -0.028581
internal_weight=48116.3 34519.4 13596.9 3869.61 3754.52 2761.05 21744.8 9727.26 6455.61 12774.6 11790.8 1094.16 10696.7 10491.1 6651.46 510.571 60.2632 205.522 8718.76 7684.7 587.159 3839.68 7668.05 14.7047 549.068 217.017 175.873 6140.89 3974.86 133.897
internal_count=667348 579108 88240 18526 18251 11751 280051 69714 38850 299057 281146 16873 264273 260941 152120 7476 594 3332 89759 82647 1858 108821 82384 197 20305 7610 6696 144644 102532 4200
is_linear=0
shrinkage=0.05


Tree=9
num_leaves=31
num_cat=0
split_feature=4 4 4 0 5 2 3 3 5 0 0 5 3 2 3 4 4 5 0 4 2 3 3 2 2 2 0 2 5 2
split_gain=604.089 148.622 134.216 65.615 94.6006 56.5827 72.9973 50.6921 35.0081 34.3691 33.9226 32.2219 39.3813 31.5299 29.3854 24.694 24.265 22.0134 30.2469 27.1342 21.7759 22.7251 26.2218 20.9907 20.4189 20.0843 40.1675 19.893 18.9229 18.8422
threshold=0.28544640541076666 0.17992749810218814 0.44195082783699041 9.5000000000000018 0.20871283859014514 0.22335600852966311 0.99313899874687206 0.99212232232093822 0.29833327233791357 19.500000000000004 26.500000000000004 0.5145511031150819 0.6930561661720277 0.033908046782016761 0.99424612522125255 0.34222623705863958 -1.0000000180025095e-35 0.31555375456810003 31.500000000000004 0.17265806347131732 0.051956815645098693 0.77256363630294811 0.49660341441631323 0.46737588942050939 0.15849281847476962 0.021054964512586597 27.500000000000004 0.23861283808946612 0.22551655024290088 0.2299679517745972
decision_type=2 2 2 2 2 2 2 2 2 2 2 2 2 2 2 2 2 2 2 2 2 2 2 2 2 2 2 2 2 2
left_child=1 3 5 14 10 25 15 11 9 -3 20 -4 29 -11 16 -7 -1 18 -6 -19 -5 22 -22 -23 -14 26 -2 -15 -27 -13
right_child=2 8 7 4 17 6 -8 -9 -10 13 -12 12 24 27 -16 -17 -18 19 -20 -21 21 23 -24 -25 -26 28 -28 -29 -30 -31
leaf_value=-0.010715807582448656 0.0035453029533237717 0.00080414787869889702 0.014517643972959741 -0.016741943207480219 -0.0028100578929116595 0.0062057308597498863 0.052387910991485181 0.064855175340596372 0.0030066894986278368 -0.016235327992669506 -0.021065516263253203 0.0095312885878540993 -0.05116165285022875 -0.0001020500543297201 0.020068212708751528 0.012380057287734074 -0.0025852726236225733 0.0021086480962448913 -0.011103623463845814 -0.019626915386282615 -0.0088733043029104609 0.011907741982311391 -0.044725653902947707 -0.095890251675814303 0.011227427030327367 -0.030671157635544267 -0.019848387019185856 -0.0087676344193401232 0.0047673337065649067 0.037755596483782898
leaf_weight=1043.5650863237679 566.61302338843234 4811.9618144728011 1059.0026951299515 1255.9714593358804 2281.1181828557746 3109.9649278190918 100.37860348355025 65.368849836289883 6520.2090581561206 594.20141677197535 1382.5666177904932 67.268326550722122 14.635132339200934 1668.8306802866282 133.54750672623049 3378.7444210085087 7606.029861194198 1473.5020617458504 2122.0523007311858 159.08967710414436 1634.3384553950746 168.65715893032029 52.642360148020089 4.6401670612394801 126.22613951656967 38.012121377978474 271.37369558669161 1098.0540311986115 4164.8539923821809 488.90565507579595
leaf_count=21449 5227 48969 5189 41963 43615 19669 297 146 62299 14059 60106 313 168 28483 975 17493 114487 22669 57283 2348 38725 4159 2126 186 646 602 4273 15709 33096 1408
internal_value=3.18439e-05 -0.00351563 0.00900143 -0.00639822 -0.00905901 0.0070249 0.0100753 0.0216219 0.000274213 -0.00190567 -0.0145471 0.0200125 0.0283609 -0.00578524 -0.00320685 0.00942077 -0.00356621 -0.00496837 -0.00680704 -9.39752e-06 -0.0116552 -0.00822085 -0.00999208 0.00902137 0.00474536 0.00303755 -0.00403051 -0.00354104 0.00444682 0.0343419
internal_weight=47462.3 34011 13451.3 19317.7 10534.6 11629.9 6589.09 1821.41 14693.3 8173.05 4498.82 1756.04 697.035 3361.09 8783.14 6488.71 8649.59 6035.76 4403.17 1632.59 3116.25 1860.28 1686.98 173.297 140.861 5040.85 837.987 2766.88 4202.87 556.174
internal_count=668137 579610 88527 410091 273180 80657 37459 7870 169519 107220 147265 7724 2535 58251 136911 37162 135936 125915 100898 25017 87159 45196 40851 4345 814 43198 9500 44192 33698 1721
is_linear=0
shrinkage=0.05


Tree=10
num_leaves=31
num_cat=0
split_feature=4 4 5 2 2 5 5 3 4 2 3 3 5 4 3 3 3 3 3 5 2 4 5 2 3 3 2 4 4 3
split_gain=573.086 210.408 109.219 55.9218 50.12 44.779 44.3889 33.5078 34.1322 30.3186 29.085 27.087 26.1238 40.2564 25.5424 24.4311 24.2632 22.4061 21.0232 20.1877 19.4072 18.3568 18.2795 18.087 17.7821 35.2549 17.5983 17.362 16.9829 16.4322
threshold=0.33384557068347936 0.19382126629352572 0.56210488080978405 0.19399641454219821 0.29217478632926946 0.60599055886268627 0.32074369490146643 0.99862930178642284 0.36118936538696295 0.15849281847476962 0.49660341441631323 0.49660341441631323 0.014201549813151361 0.046698683872818954 0.97382888197898876 0.49660341441631323 0.95863837003707897 0.6775643825531007 0.988243728876114 0.24048697948455813 0.037749288603663451 0.49836425483226782 0.2374779284000397 0.098780486732721343 0.95450368523597728 0.94958576560020458 0.53410854935646068 -0.0057271264959126702 0.034039428457617767 0.99212232232093822
decision_type=2 2 2 2 2 2 2 2 2 2 2 2 2 2 2 2 2 2 2 2 2 2 2 2 2 2 2 2 2 2
left_child=1 6 4 20 22 9 12 8 17 -3 19 26 -1 14 -14 -10 -13 -5 21 -11 -4 -6 -2 -15 25 -12 -7 -16 -29 -24
right_child=2 5 3 7 18 11 -8 -9 15 10 24 16 13 23 27 -17 -18 -19 -20 -21 -22 -23 29 -25 -26 -27 -28 28 -30 -31
leaf_value=0.00012674304139821503 -0.047368225801857011 -0.0013964487411223529 0.056711526623373754 0.002185341734500492 0.012454953046495307 0.03017775365625466 0.00082199525109060204 0.06400597930434869 0.037308054523048716 -0.0015943439148223141 -0.0087554677889810709 -0.026778966449487941 -0.013015833658153723 -0.0079126035766810057 -0.031597153108738139 0.014558900016465967 0.018829588503290539 -0.10405243957551716 0.05694040473339014 0.004711054884440324 -0.0022187792200633479 0.026239531631153942 0.0050010671140818252 -0.0043529751416159397 0.0055735934906729215 -0.080690721347548636 -0.044462224540023042 0.040891746555076561 -0.021806032841317324 0.028680278374353635
leaf_weight=1265.5608464384568 16.404385940637439 7477.2069431267446 15.203225997742264 48.878556123934686 3457.2542443783022 245.0966580985114 2119.2172792537604 77.822542425477877 558.00547369848937 1528.5931051318767 559.59226759173907 51.991766506340355 3187.3546506486018 7272.9299666621373 15.570307120215146 149.67607861105353 66.405033214017749 5.5239326609298578 27.955364405177534 7486.602815356222 172.36291525745764 259.6580377612263 3192.3982007198501 7006.4164752460201 226.99861912894994 17.56709447549656 8.1600262075662595 49.849408271024004 13.787944172741843 74.986600743141025
leaf_count=19489 225 96105 79 233 17997 808 29297 162 1639 15333 8207 609 99593 165846 390 787 338 87 85 58723 1130 1036 23011 123136 2187 305 53 685 304 319
internal_value=-0.000114869 -0.00264654 0.012015 0.0272417 0.00978907 0.00137145 -0.00603824 0.0327541 0.0295627 0.00100247 0.0028292 0.0185435 -0.00681108 -0.0073115 -0.0123188 0.0324966 -0.00119857 -0.00860186 0.0137428 0.00364193 0.00255783 0.0134179 0.00528018 -0.00616601 -0.00628209 -0.010945 0.0277728 0.0157282 0.0273074 0.00554451
internal_weight=46655 38598.9 8056.13 1027.47 7028.66 17668.2 20930.7 839.907 762.084 17296.6 9819.35 371.653 18811.5 17545.9 3266.56 707.682 118.397 54.4025 3744.87 9015.2 187.566 3716.91 3283.79 14279.3 804.158 577.159 253.257 79.2077 63.6374 3267.38
internal_count=668198 621408 46790 4117 42673 182668 438740 2908 2746 180860 84755 1808 409443 389954 100972 2426 947 320 19118 74056 1209 19033 23555 288982 10699 8512 861 1379 989 23330
is_linear=0
shrinkage=0.05


Tree=11
num_leaves=31
num_cat=0
split_feature=5 5 0 5 2 2 2 0 3 3 3 2 5 0 0 1 5 5 2 2 3 3 3 0 5 3 2 3 3 2
split_gain=523.716 154.284 99.9621 97.5986 62.038 50.1836 45.4861 39.173 37.2192 36.7038 36.868 34.7338 26.2707 28.3768 23.089 29.1597 25.5308 22.0304 25.7538 19.8309 19.2629 35.6039 25.3247 25.2032 38.8127 19.3426 19.1405 21.0051 31.882 18.8421
threshold=0.37581518292427069 0.2127259895205498 16.500000000000004 0.56210488080978405 0.19399641454219821 0.27055180072784429 0.077935222536325469 6.5000000000000009 0.99039766192436229 0.99862930178642284 0.6930561661720277 0.032795699313282974 0.28676545619964605 18.500000000000004 29.500000000000004 1.0000000180025095e-35 0.21380735933780673 0.20574853569269183 0.20638945698738101 0.4301948100328446 0.89575240015983593 0.60793796181678783 0.90195810794830333 1.5000000000000002 0.14970340579748156 0.89732640981674205 0.79289215803146373 0.6593613624572755 0.76519805192947399 0.059411764144897468
decision_type=2 2 2 2 2 2 2 2 2 2 2 2 2 2 2 2 2 2 2 2 2 2 2 2 2 2 2 2 2 2
left_child=1 2 20 5 29 7 14 -2 -9 10 -6 -4 13 19 16 -16 -3 18 -13 -8 21 23 25 -1 -25 -22 27 -14 -29 -5
right_child=3 6 11 4 9 -7 12 8 -10 -11 -12 17 26 -15 15 -17 -18 -19 -20 -21 22 -23 -24 24 -26 -27 -28 28 -30 -31
leaf_value=0.0019082451672488782 0.024318121042963312 0.030685463230568408 -0.022966961844772329 0.024921807018142034 0.0291091472867539 0.012010410296208288 -0.00015677821407290924 0.0022805238496669002 0.030099994549673631 0.054330356361474902 0.0028209244909211404 -0.0095747609138329953 0.0034045098287634537 -0.0041664036364203582 -0.01599910904854852 -0.0042636438014024367 -0.0017841742340421356 -8.4209264007697302e-05 -0.022171618534782306 0.0084144799045075252 0.0026296624257717734 -0.017968928961307119 -0.00018432282123984349 -0.0089741798989878829 -0.0020665053966254661 0.056523240715733315 0.017573364076809619 -0.030943169553577055 -0.0011750007400802766 0.0018115531636229256
leaf_weight=1257.9926753247855 229.70883883209899 61.557102537946776 930.72351010609418 113.32456762786023 822.66568664601073 3898.8165633971803 2473.581415744964 4040.0872380802175 123.91665955493227 118.27739723166451 159.17944949772209 1256.2309161709854 7626.1592904983554 3649.0233262006077 711.57094195578247 2066.7344662413234 3668.0873403204605 357.24212733318564 599.32456957461545 927.99954393878579 30.863450799370185 532.46745445823763 880.24304568290245 4283.952649146202 3871.066914717434 36.148271331097931 220.03303450555541 105.33589391503483 615.63193002273329 397.78619328630157
leaf_count=16771 1123 735 43206 729 2903 22292 26371 37404 626 289 1112 42957 66298 63848 18299 44820 52947 7847 18388 7628 597 15742 14795 86370 58103 530 1680 2108 8893 2701
internal_value=-0.000118006 -0.002908 -0.00700841 0.0100692 0.0213297 0.0078813 -0.000306753 0.00421727 0.0031084 0.028017 0.0248472 -0.014863 0.00115668 -0.0011038 -0.0038187 -0.00726929 -0.00124827 -0.0114544 -0.0136434 0.00218158 -0.00474167 -0.00539057 0.00207138 -0.00467905 -0.00569521 0.0317016 0.00301702 0.00263331 -0.00552423 0.00693561
internal_weight=46065.7 36162 14036.3 9903.76 1611.23 8292.53 22125.7 4393.71 4164 1100.12 981.845 3143.52 15617.8 7050.6 6507.95 2778.31 3729.64 2212.8 1855.56 3401.58 10892.7 9945.48 947.255 9413.01 8155.02 67.0117 8567.16 8347.13 720.968 511.111
internal_count=668112 598933 305306 69179 7734 61445 293627 39153 38030 4304 4015 112398 176826 97847 116801 63119 53682 69192 61345 33999 192908 176986 15922 161244 144473 1127 78979 77299 11001 3430
is_linear=0
shrinkage=0.05


Tree=12
num_leaves=31
num_cat=0
split_feature=4 4 4 0 3 4 0 5 5 4 5 5 5 0 5 4 0 0 3 4 3 3 3 3 4 5 3 5 4 0
split_gain=559.1 153.006 80.4515 82.9709 73.6242 49.0437 35.3229 29.9095 29.5041 27.1834 25.357 23.7956 23.3708 24.98 26.8116 21.981 21.0925 20.9182 24.7558 25.6652 19.057 68.8787 60.7015 39.6422 26.6348 23.0599 21.4041 20.1441 20.8518 20.013
threshold=0.25602841377258306 0.39413306117057806 0.11391146108508111 5.5000000000000009 0.99212232232093822 0.49836425483226782 10.500000000000002 0.42927937209606176 0.60599055886268627 -0.030810607597231861 0.28019356727600103 0.2374779284000397 0.29225471615791326 26.500000000000004 0.17990683019161227 0.40289413928985601 8.5000000000000018 28.500000000000004 0.63698601722717296 0.28795976936817175 0.94158759713172924 0.94516494870185863 0.60793796181678783 0.76519805192947399 0.13842663168907168 0.37581518292427069 0.7489004135131837 0.11976744607090951 0.15302510559558871 34.500000000000007
decision_type=2 2 2 2 2 2 2 2 2 2 2 2 2 2 2 2 2 2 2 2 2 2 2 2 2 2 2 2 2 2
left_child=2 8 3 -1 5 6 -3 20 11 -5 15 -2 13 -11 -15 -8 -9 -13 19 -19 22 24 -4 26 -22 27 -24 -25 -29 -23
right_child=1 4 7 9 -6 -7 10 16 -10 12 -12 17 -14 14 -16 -17 -18 18 -20 -21 21 29 23 25 -26 -27 -28 28 -30 -31
leaf_value=-0.0024488611821980324 -0.0047488377500820118 0.026066337785956541 -0.0023054089689116281 -0.026689262634981989 0.056784696466058174 0.027673099082426728 0.0084962866075353524 0.030231507720895303 0.018171494864958612 -0.009547294812537398 0.010624742853697817 0.006954954178845763 -0.0019776644755624732 -0.027174875603356925 -0.012881237861822737 -0.093999559696416046 0.0038456891108697802 -0.002109023570146445 -0.0075578226211569901 0.0058737248487260585 -0.020363152350378087 0.00077406619281713488 -0.022580873979695715 -0.089379794469130067 0.033127024827291345 0.018606531919588359 -0.053966007188076662 0.002654780928340008 -0.016197038193524228 -0.01930367099314614
leaf_weight=4417.6626290155109 678.28432542446535 405.763485588599 15616.407843968889 279.32108056003926 109.41656488645822 639.90624498669058 10.094933076761665 81.846844985615462 398.90423626848496 3548.0002644815249 2479.2065897644497 5970.3084302656353 675.41896750591695 466.213894804765 1107.279521146731 10.856228682678191 1015.1587066483917 1365.7647169824922 531.00865007517859 3831.8464045106666 26.104954811977223 594.98587073828094 224.39487674250267 8.1847624403890205 214.48204121470917 70.462735126726329 71.675359240034595 210.55770042794757 483.51735502830707 156.82973566383589
leaf_count=64451 7997 1757 228513 14131 286 2409 62 356 2059 102680 13935 42769 12838 25769 40876 111 8931 14925 9170 28693 346 9218 7052 296 1870 1088 1626 6256 13099 4581
internal_value=-1.29459e-05 0.00736815 -0.0041567 -0.00766304 0.0163886 0.0151421 0.0123826 -0.00219686 0.0047874 -0.0114539 0.0101618 0.00435604 -0.0107198 -0.0118728 -0.0171163 -0.0446138 0.00581432 0.00488393 0.00272553 0.00377612 -0.00269401 0.00403742 -0.00309438 -0.0146222 0.0273231 -0.00866165 -0.0301789 -0.0113977 -0.0104781 -0.00341418
internal_weight=45699.9 16431.4 29268.5 10493.9 3655.24 3545.83 2905.92 18774.6 12776.1 6076.23 2500.16 12377.2 5796.91 5121.49 1573.49 20.9512 1097.01 11698.9 5728.62 5197.61 17677.6 992.403 16685.2 1068.79 240.587 772.723 296.07 702.26 694.075 751.816
internal_count=668150 124173 543977 260745 18560 18274 15865 283232 105613 196294 14108 103554 182163 169325 66645 173 9287 95557 52788 43618 273945 16015 257930 29417 2216 20739 8678 19651 19355 13799
is_linear=0
shrinkage=0.05


Tree=13
num_leaves=31
num_cat=0
split_feature=4 2 5 4 2 3 4 4 3 3 2 4 5 3 3 2 4 2 3 3 3 3 5 5 3 5 5 3 5 5
split_gain=465.84 132.845 126.547 114.83 35.7772 34.9484 31.8985 31.0916 23.6683 20.8241 19.5767 17.8376 21.044 26.7752 20.616 36.8719 22.7701 20.7724 17.7994 34.5628 19.9008 16.945 21.6492 24.2914 15.9856 15.7848 14.9336 14.3051 14.7125 13.9252
threshold=0.27194514870643621 0.21132376790046695 0.56210488080978405 0.15996962040662768 0.059411764144897468 0.99862930178642284 0.39413306117057806 0.3671001940965653 0.49660341441631323 0.98775419592857372 0.22111111134290698 -1.0000000180025095e-35 0.033635096624493606 0.99962344765663158 0.93210574984550487 0.46076923608779913 0.099348664283752455 0.36515152454376226 0.91455036401748668 0.89575240015983593 0.56711855530738842 0.98083293437957775 0.024887278676033023 0.098387118428945555 0.76519805192947399 0.29085536301136022 0.30589148402214056 0.87643468379974376 0.71603280305862438 0.34058488905429846
decision_type=2 2 2 2 2 2 2 2 2 2 2 2 2 2 2 2 2 2 2 2 2 2 2 2 2 2 2 2 2 2
left_child=3 29 6 11 -5 7 9 10 -9 -3 -4 21 13 -13 16 17 -14 25 19 20 -18 -1 -23 -24 -22 -16 -8 28 -12 -2
right_child=1 2 5 4 -6 -7 26 8 -10 -11 27 12 14 -15 15 -17 18 -19 -20 -21 24 22 23 -25 -26 -27 -28 -29 -30 -31
leaf_value=-0.012398590682621136 -0.0013601944659911685 0.0071511965604046102 -0.10776583457066956 -0.0043100830430197979 0.0012125842701693169 0.058273439823801634 -0.010939376545068453 0.036039946703200619 0.011877506757157109 0.03938180947006728 0.0037831237273994456 0.00091373163061938059 -0.0092145037801790054 -0.10085019241174553 0.0018629436039529924 0.04161982217346729 -0.0043614375726732874 -0.071017479120876637 -0.034442017549038542 0.032694044603475192 -0.028225568597418951 0.055297263065303165 -0.0998713192490263 0.041201932011346365 -0.0067967399056909836 -0.020946747887465644 0.015428079463129466 -0.074860954788427664 0.039213860080658441 0.0036600777088139982
leaf_weight=1451.9697653367184 2393.7893329372164 5684.7172105350764 3.6327279005199662 4009.4712721150136 10918.427055141656 93.029879320645705 55.192359565757215 494.4095644033514 127.48377076163888 50.56088913185522 125.3529161051847 1235.4341999316821 5826.6927678693319 6.4977536313235751 696.21864401927451 52.715325088705868 6025.4996242779307 10.621881629340349 50.618054280639626 61.283835655427538 160.64068207680248 20.548485778504983 6.0546833947300893 6.1518225613981485 189.92915905301925 85.120627739233896 1985.0766633073799 4.8739930798765263 38.23752105049789 3265.7478435718222
leaf_count=45650 26703 37683 52 67078 130494 229 338 1511 706 235 620 14421 157101 39 15783 433 115171 222 1831 1236 5440 80 136 111 6468 2058 9647 94 136 25994
internal_value=4.35882e-05 0.00749428 0.0113866 -0.00341945 -0.000270744 0.0292791 0.00934543 0.0258819 0.0310868 0.00743533 0.00707339 -0.00637825 -0.00584028 0.000381306 -0.00642746 0.00112905 -0.00694577 -0.00156614 -0.00490827 -0.00467604 -0.00503522 -0.0115963 0.0239674 -0.0287734 -0.016616 -0.000621989 0.0147148 0.00954976 0.0120647 0.00153668
internal_weight=45136 14322.1 8662.57 30813.9 14927.9 887.02 7775.55 793.99 621.893 5735.28 172.097 15886 14401.3 1241.93 13159.3 844.676 12314.7 791.961 6487.97 6437.35 6376.07 1484.72 32.755 12.2065 350.57 781.339 2040.27 168.464 163.59 5659.54
internal_count=667700 103948 51251 563752 197572 3348 47903 3119 2217 37918 902 366180 320203 14460 305743 18496 287247 18063 130146 128315 127079 45977 327 247 11908 17841 9985 850 756 52697
is_linear=0
shrinkage=0.05


Tree=14
num_leaves=31
num_cat=0
split_feature=4 5 5 0 2 5 4 2 2 4 0 4 5 0 1 5 4 0 4 2 2 2 2 4 2 5 4 5 2 5
split_gain=467.437 143.077 83.8907 78.9479 52.8846 54.1597 52.5528 42.4064 34.8741 25.184 43.2064 23.2752 22.4275 24.0641 19.7459 19.1953 17.9881 17.6501 17.5417 17.3286 21.7806 19.7806 16.989 16.1804 14.815 14.0173 19.3108 13.7207 14.8274 21.9166
threshold=0.25602841377258306 0.44139803946018225 0.27376052737236029 17.500000000000004 0.27055180072784429 0.60599055886268627 0.33772528171539312 0.03637566231191159 0.0745370388031006 0.10378639027476312 4.5000000000000009 0.49836425483226782 0.42927937209606176 8.5000000000000018 1.0000000180025095e-35 0.18689918518066409 0.25973078608512884 4.5000000000000009 0.099348664283752455 0.10300619155168535 0.10102041065692903 0.11483516544103624 0.44058823585510259 -0.022603355348110196 0.20204082131385806 0.34058488905429846 0.2525582909584046 0.1714025288820267 0.14142857491970065 0.26903411746025091
decision_type=2 2 2 2 2 2 2 2 2 2 2 2 2 2 2 2 2 2 2 2 2 2 2 2 2 2 2 2 2 2
left_child=2 6 3 9 16 -6 22 18 -8 10 -1 -10 19 -14 -12 23 -3 -18 -5 20 25 -21 -2 -9 -25 -4 -27 -11 29 -29
right_child=1 4 12 7 5 -7 8 15 11 27 14 -13 13 -15 -16 -17 17 -19 -20 21 -22 -23 -24 24 -26 26 -28 28 -30 -31
leaf_value=-0.0017608607619101523 0.00062841572829019498 0.04121603635198056 -0.00095115638294561346 -0.023508246149153783 0.016091318278717019 0.034663319207012579 -0.0027817016224330059 -0.040905401202318718 0.0095809056248601573 -0.0044693273991727629 -0.014089761317312564 0.032524547851594796 0.032020339880852476 0.004994623658674177 -0.0059518181121735146 -0.0058778469339175613 0.042207554749047034 0.0072156529964847579 -0.012856928311732782 0.017645260647392313 -0.087438841300349956 0.00079877932516925199 0.0068344262194876175 -0.008098399014721416 -0.021713838669162416 -0.0075613835304015392 -0.057110628417253534 -0.0018474772691792246 0.0028423210324794472 -0.033606042953481789
leaf_weight=3544.2965759965591 6167.7124634791398 41.598785238573328 1872.0364658772014 621.6264504819992 1781.0978776004631 503.53147994633764 590.87786545488052 51.784243346599396 3842.5463311424246 2254.2789635194931 1457.1760199358687 113.81117853987962 89.282908782362938 1063.3979891220806 1526.0068110356806 3676.5031471949187 36.80910714622587 1718.5111377070425 1022.1787760079606 181.58348047314212 7.721921667456626 4311.5270669964375 1342.8633517038543 662.61475145735312 286.03850274474826 805.9521930704359 20.155464235693216 2409.8669599844143 2612.9323139030021 55.576694393996149
leaf_count=50173 60997 219 34324 33568 8770 1814 6636 3541 23120 35379 46181 430 375 10174 38979 88497 144 11211 33929 2143 216 51608 10826 24839 10730 13454 366 35866 28456 880
internal_value=0.000244959 0.00704547 -0.00360173 -0.00534584 0.0151371 0.0201846 0.00430648 -0.00997678 0.00854873 -0.00323395 -0.0054929 0.0102409 0.000612715 0.00708795 -0.00992691 -0.0075488 0.00871956 0.00794943 -0.0168849 -0.000424082 -0.00358517 0.00147961 0.00173803 -0.0136894 -0.0122037 -0.00334519 -0.00877029 -0.00122305 0.000217964 -0.00256339
internal_weight=44671.9 16139.4 28532.5 20180.9 4081.55 2284.63 12057.8 6320.75 4547.24 13860.1 6527.48 3956.36 8351.66 1152.68 2983.18 4676.94 1796.92 1755.32 1643.81 7198.98 2705.87 4493.11 7510.58 1000.44 948.653 2698.14 826.108 7332.65 5078.38 2465.44
internal_count=667845 124167 543678 431018 22158 10584 102009 195104 30186 235914 135333 23550 112660 10549 85160 127607 11574 11355 67497 102111 48360 53751 71823 39110 35569 48144 13820 100581 65202 36746
is_linear=0
shrinkage=0.05


Tree=15
num_leaves=31
num_cat=0
split_feature=4 4 4 5 2 3 2 5 3 4 2 2 3 3 4 3 3 3 5 5 4 2 2 2 2 2 2 3 5 4
split_gain=466.383 140.481 92.7389 54.4448 46.9685 49.4974 33.5772 21.3851 21.9179 19.8907 20.3992 25.2346 18.5003 50.1984 22.2754 19.7837 47.0915 53.3198 19.0663 19.0561 25.196 18.7682 18.7447 17.7057 18.0003 17.2803 16.4575 21.339 18.8049 15.4533
threshold=0.31942288577556616 0.15302510559558871 0.49836425483226782 0.42927937209606176 0.2299679517745972 0.99313899874687206 0.096006143838167204 0.33661040663719183 0.6593613624572755 0.31612667441368109 0.16247642785310748 0.061862245202064521 0.83804789185523998 0.83064469695091259 -0.06286457926034926 0.60793796181678783 0.76519805192947399 0.7489004135131837 0.24689586460590365 0.024887278676033023 0.035629669204354293 0.3299319744110108 0.46076923608779913 0.23606811463832858 0.27386364340782171 0.36515152454376226 0.25760369002819067 1.0000000180025095e-35 0.34058488905429846 0.40289413928985601
decision_type=2 2 2 2 2 2 2 2 2 2 2 2 2 2 2 2 2 2 2 2 2 2 2 2 2 2 2 2 2 2
left_child=1 12 4 6 -2 7 -3 8 -6 10 11 -5 13 15 -14 18 17 21 19 -1 -21 -17 25 -9 26 -16 27 28 -25 -10
right_child=2 3 -4 9 5 -7 -8 23 29 -11 -12 -13 14 -15 22 16 -18 -19 -20 20 -22 -23 -24 24 -26 -27 -28 -29 -30 -31
leaf_value=-0.002052026187063519 0.0040649180159013287 -0.0037862657482328008 0.028467824182289242 0.013442156210298787 0.006896752410101379 0.052707242664984943 0.00069919983890343908 0.040002479191171336 -0.015553513808655939 -0.021451657503818014 0.012842994843021097 -0.0046773869118279729 -0.066078333802583308 -0.074327052087834744 -0.0010812836248435189 -0.020303554556494463 0.0046497918263057195 -0.058712073966310951 -0.0024221849796223728 -0.013390922857307436 -0.0068545921390178446 0.018157512346151539 0.025658167297406661 -0.082141117996150509 0.013778879956022731 -0.067977984314050541 -0.011533434286583011 -0.028707922491962787 0.017166415137076348 -0.10129297035980314
leaf_weight=1446.6025338703766 3272.185910251108 6358.5968111616094 640.77980489330366 317.98525904724374 1110.9075350901112 72.754994492977858 12134.182008417905 59.747899254318327 57.104654365684837 56.547488209558651 1168.1550374375656 485.56537752225995 12.975173874525352 27.609158787177876 1282.0770302804885 241.23689026851207 183.68019843799993 94.582789709442295 2402.7250698405551 1872.3800330932718 6935.7048169707996 36.520906385267153 66.384708180557936 4.8690146356821051 3304.1823152935831 9.726665959460659 136.59023073595017 31.596510634291917 227.56470597255975 5.787997660227119
leaf_count=18530 26830 107807 2467 2989 6594 225 136715 225 694 412 7357 4467 754 1002 33930 9996 8213 2660 45904 64560 163834 754 734 31 17789 358 895 327 1038 101
internal_value=-6.54092e-05 -0.00265812 0.0101419 9.82811e-06 0.00872421 0.0117667 -0.000843092 0.0111635 0.00527108 0.00778641 0.00862494 0.00249297 -0.00640493 -0.00697745 -0.000876304 -0.00683672 -0.0160676 -0.0262877 -0.00643122 -0.00737056 -0.00824405 -0.0152465 -0.00025341 0.0130008 0.0125653 -0.00158498 0.00255628 0.00984529 0.0150861 -0.0234441
internal_weight=44057.3 35133.2 8924.07 20521 8283.29 5011.11 18492.8 4938.35 1173.8 2028.25 1971.71 803.551 14612.2 13241 1371.16 13213.4 556.021 372.341 12657.4 10254.7 8808.08 277.758 1358.19 3764.55 3704.8 1291.8 400.62 264.03 232.434 62.8927
internal_count=668192 610976 57216 259747 54749 27919 244522 27694 7389 15225 14813 7456 351229 315453 35776 314451 21623 13410 292828 246924 228394 10750 35022 20305 20080 34288 2291 1396 1069 795
is_linear=0
shrinkage=0.05


Tree=16
num_leaves=31
num_cat=0
split_feature=5 2 5 5 0 3 3 5 3 3 5 0 2 2 3 3 3 3 5 0 3 0 5 5 0 5 0 3 0 2
split_gain=447.284 98.9224 73.587 64.2188 74.8477 32.9026 32.0867 48.2992 36.1792 29.4855 27.5165 26.3906 46.4415 25.372 25.0536 20.9804 20.2212 20.6372 19.8448 19.7301 17.3866 17.3767 17.0592 17.275 16.8258 16.5238 16.277 15.0867 14.3075 17.49
threshold=0.33441087603569036 0.31180556118488317 0.56210488080978405 0.2127259895205498 16.500000000000004 0.99212232232093822 0.49660341441631323 0.53719589114189159 0.80359241366386425 0.89732640981674205 0.4097800105810166 12.500000000000002 0.021980676800012592 0.032795699313282974 0.99881005287170421 0.32196867465972906 0.99862930178642284 0.49660341441631323 0.21380735933780673 16.500000000000004 0.96815031766891491 49.500000000000007 0.21380735933780673 0.29980179667472845 6.5000000000000009 0.31725105643272405 6.5000000000000009 0.90195810794830333 10.500000000000002 0.27055180072784429
decision_type=2 2 2 2 2 2 2 2 2 2 2 2 2 2 2 2 2 2 2 2 2 2 2 2 2 2 2 2 2 2
left_child=3 5 10 4 9 6 7 24 -8 -1 20 22 18 -6 -7 -9 17 -4 -13 -10 -3 -12 -5 28 -2 -25 -19 -11 -24 -30
right_child=1 2 16 11 13 14 8 15 19 27 21 12 -14 -15 -16 -17 -18 26 -20 -21 -22 -23 23 25 -26 -27 -28 -29 29 -31
leaf_value=-0.0049895676676166133 0.015425072436542581 0.0071182201552914427 0.02893763024704725 0.024933925346046576 -0.020526655936921684 0.031672819866148352 -0.018989208997913926 0.015331985863199483 0.010894322991364107 0.031864499878951805 0.017387256528485464 0.034412192387035377 -0.0014524160821505535 -0.010234637882237911 -0.010269921524389124 0.060721415401593509 0.051389390474650569 0.045406268120411604 -0.01113681337426848 -0.0037207315118003557 -0.05126511469382479 0.0077448039776752105 -0.0018317871117243608 0.012704833298623331 0.0028090401072820561 -0.00019767970787761222 -0.0086438605624710989 0.0029053693445252305 -9.2952953287312628e-05 0.016120414046614028
leaf_weight=9644.4216581521323 277.01047658128664 2441.7953441594727 490.89984835451469 77.59345629112795 849.44518255640287 174.02626652084291 295.93354721006472 708.93141233571805 331.7507755276747 47.437701177084818 1556.0096803344786 24.266409758944064 9977.0794449618552 2029.5446256918367 44.761544021544978 26.407473666593432 82.914903896860778 17.49273459520191 1640.708896002965 759.80922314885538 12.818917768541722 667.7340327994898 2951.0708897837903 569.80201293178834 5752.085652029491 439.56908790394664 68.371165032498538 866.06226862687618 435.6278974195011 269.07601983100176
leaf_count=177642 1526 17762 1796 696 43133 785 5985 3547 2696 542 8274 540 159841 69187 385 56 232 79 41797 11406 185 4192 31173 4426 52923 3631 510 14873 6238 2217
internal_value=-0.000126529 0.00734884 0.0126676 -0.00356288 -0.00612504 0.00395706 0.0034435 0.0048642 -0.00348282 -0.00417636 0.0104631 -0.0014617 -0.00274248 -0.0132713 0.0230918 0.016962 0.0283012 0.0249821 -0.010473 0.000721128 0.00681332 0.0144919 0.00168224 0.00129551 0.00338869 0.00708594 0.00236757 0.00440921 -0.000303249 0.00609777
internal_weight=43530.5 13708.8 5338.04 29821.7 13436.9 8370.72 8151.93 6764.44 1387.49 10557.9 4678.36 16384.8 11642.1 2878.99 218.788 735.339 659.679 576.764 1664.98 1091.56 2454.61 2223.74 4742.74 4665.15 6029.1 1009.37 85.8639 913.5 3655.77 704.704
internal_count=668275 112339 33030 555936 305377 79309 78139 58052 20087 193057 30413 250559 202178 112320 1170 3603 2617 2385 42337 14102 17947 12466 48381 47685 54449 8057 589 15415 39628 8455
is_linear=0
shrinkage=0.05


Tree=17
num_leaves=31
num_cat=0
split_feature=5 2 5 5 0 3 2 2 3 3 0 3 3 5 3 0 2 2 5 5 5 3 2 5 5 0 5 2 5 0
split_gain=376.554 122.064 69.1324 59.7699 74.9886 27.5638 25.9802 24.1865 23.5311 32.0805 23.1009 23.7701 29.7051 27.649 24.9435 22.2981 22.2742 26.4839 23.5979 20.1871 22.2959 18.469 17.9846 17.3296 17.1742 16.2438 45.6716 19.3838 18.354 15.2353
threshold=0.30875314772129064 0.15849281847476962 0.56210488080978405 0.20871283859014514 16.500000000000004 0.98052415251731884 0.19399641454219821 0.38047619163990026 0.99862930178642284 0.49660341441631323 11.500000000000002 0.6593613624572755 0.83804789185523998 0.41934216022491461 0.83443289995193493 6.5000000000000009 0.37354651093482977 0.2806250005960465 0.34058488905429846 0.32441450655460363 0.3284102082252503 0.99212232232093822 0.72111111879348766 0.32273754477500921 0.23138572275638583 4.5000000000000009 0.12620465457439425 0.098780486732721343 0.19688750803470614 6.5000000000000009
decision_type=2 2 2 2 2 2 2 2 2 2 2 2 2 2 2 2 2 2 2 2 2 2 2 2 2 2 2 2 2 2
left_child=3 21 5 4 25 10 -4 -5 9 -8 16 -12 14 23 -13 -11 17 -3 22 -19 -21 29 -18 -14 -9 -1 -27 28 -28 -2
right_child=1 2 6 7 -6 -7 8 24 -10 15 11 12 13 -15 -16 -17 18 19 -20 20 -22 -23 -24 -25 -26 26 27 -29 -30 -31
leaf_value=-0.0023556063534809074 0.012054027085923619 0.012727030484137716 -0.0026454932515337631 -0.0026279442554454999 -0.014034742205115559 0.029172453936793304 0.025417492111370184 -0.0058606856798232541 0.047196956551622399 0.042423851217591457 0.006741203443257235 -0.016494118412210889 0.02305049385292917 0.017749499179870981 -0.10442267137871766 -0.0072487230999123842 -0.0040354456333775574 0.020090327282476093 0.022099905178892737 -0.10512676294128298 -0.0098463566597938416 0.017630687605863279 0.027475156408564596 -0.016886215992923087 0.0046757261717607296 -0.013786919569843598 -0.0051929465616565341 -0.0001069964307149912 -0.019622891558966384 -0.0011354574747339022
leaf_weight=4844.8916096184403 228.10290350834839 568.09753097360954 106.38151073595509 11120.091332843876 2553.2915778462193 144.35867390525527 715.58769338810816 473.60727021167986 93.71390975965187 27.041614023037255 7284.1316156532848 173.11785827518906 33.171488294843584 185.08833276643418 8.4597450639121217 137.33577882219106 178.70639274269342 60.020034579560161 710.91605284623802 6.3104681558907023 227.07785214437172 142.31129008554853 60.650139527395368 149.97076682071202 2108.8721410888247 1490.6358263189904 1594.2327750043478 2024.2918139509857 255.7095858308021 5453.4937423696974
leaf_count=65518 1579 3494 674 194276 105958 834 2757 6825 282 120 54274 3086 438 1411 172 1075 1238 346 3530 84 1512 911 350 2332 22767 46260 37874 34152 5255 68770
internal_value=-0.000199609 0.00568076 0.00881024 -0.00390884 -0.00637088 0.00748583 0.0208152 -0.00161562 0.0233785 0.0208419 0.00716126 0.00598452 -0.00404034 0.0041208 -0.0205907 0.000922879 0.0122494 0.0064268 0.017528 -0.00577171 -0.0124226 -0.000160306 0.00394897 -0.00965271 0.00274343 -0.00445427 -0.00634953 -0.00348795 -0.00718754 -0.00060593
internal_weight=43159.7 16694 10870.1 26465.6 12763.1 9790.08 1080.06 13702.6 973.679 879.965 9645.72 7833.94 549.808 368.231 181.578 164.377 1811.78 861.506 950.273 293.408 233.388 5823.91 239.357 183.142 2582.48 10209.8 5364.87 3874.23 1849.94 5681.6
internal_count=668154 149269 78009 518885 295017 73101 4908 223868 4234 3952 72267 61713 7439 4181 3258 1195 10554 5436 5118 1942 1596 71260 1588 2770 29592 189059 123541 77281 43129 70349
is_linear=0
shrinkage=0.05


Tree=18
num_leaves=31
num_cat=0
split_feature=4 4 5 4 2 4 2 3 5 3 3 3 3 4 4 2 3 5 2 3 3 5 4 2 3 3 3 3 3 2
split_gain=468.377 152.393 51.3403 42.2664 34.4985 31.2966 29.4279 25.9118 24.0041 22.4978 20.8707 20.5853 19.0672 17.2425 16.9762 16.2466 15.6425 14.2752 14.7965 14.6326 16.0687 14.0087 13.7496 13.9744 14.0035 13.8035 13.6233 21.9056 13.51 15.8866
threshold=0.21121312677860263 0.39413306117057806 0.5145511031150819 0.13062155991792682 0.16843971610069278 0.30693420767784124 0.18274582922458651 0.99039766192436229 1.0000000180025095e-35 0.99862930178642284 0.99313899874687206 0.99862930178642284 0.73962944746017467 0.413582593202591 0.40289413928985601 0.29217478632926946 0.99212232232093822 0.56210488080978405 0.58898946642875682 0.6775643825531007 0.97089171409606945 0.38638600707054144 -0.054125083610415452 0.3366666734218598 1.0000000180025095e-35 0.98761862516403209 0.96178638935089122 0.63698601722717296 0.83804789185523998 0.38165266811847692
decision_type=2 2 2 2 2 2 2 2 2 2 2 2 2 2 2 2 2 2 2 2 2 2 2 2 2 2 2 2 2 2
left_child=3 4 15 7 -2 17 -4 8 -1 -9 -7 12 13 -8 -14 16 -3 18 -6 -19 -21 -5 23 24 -10 -24 27 -17 29 -16
right_child=1 2 6 21 5 10 11 9 22 -11 -12 -13 14 -15 28 26 -18 19 -20 20 -22 -23 25 -25 -26 -27 -28 -29 -30 -31
leaf_value=-0.0011240716903968945 0.00094312183905334828 0.0054039454707050351 0.0033014943942470485 -0.0032618024435081753 0.0018072528577915627 0.0082877838485813579 0.0074945832551286812 0.030372657822241075 -0.012373815614872644 -0.0049142909158831861 0.036875092774417466 0.059743619934646289 -0.090367196274083642 0.033092522452713193 0.016166548639883042 0.015698832801205122 0.045050157060302784 0.023824968120009452 0.0096463100043976732 -0.056859075986446211 0.015214036484809399 0.0034571929486237694 -0.0079581065077547579 -0.074489138509326494 -0.055452742787678311 -0.069411203256782114 0.047471114896887594 -0.0095718103233545081 0.019948612198150511 -0.065814341887874009
leaf_weight=1336.8409301470965 7382.1130397814559 984.59410970320459 136.01506396965124 9390.061261265655 5239.1487625100417 4160.9756215129746 74.444876911118627 85.043468705844134 133.7537436078419 96.340933506609872 64.840425547678024 49.241159952711314 4.0947478450834742 565.57278550881892 12.896573103033008 1267.6049488941208 25.524487743619829 145.75695005618036 680.10979228350334 12.814041041303424 19.505164612084627 845.62238406704273 9859.8408104340779 11.980561132775618 21.962170614744537 9.1463080050889385 31.07548095472157 91.97824800061062 116.18523433059454 10.907373206689952
leaf_count=16717 93270 6816 951 163773 49201 27220 375 1096 6019 1332 268 108 45 2024 88 6334 81 624 6778 191 97 8969 271590 549 1768 365 122 882 579 139
internal_value=9.36163e-05 0.00540806 0.0151533 -0.0050464 0.00355309 0.00541948 0.0248653 -0.00711897 -0.00741798 0.0116303 0.00872642 0.0283849 0.0264156 0.030115 0.00998262 0.0112319 0.00640576 0.00312757 0.00270794 0.0170759 -0.0133618 -0.00270671 -0.0082563 -0.0224532 -0.0184497 -0.00801506 0.0147374 0.0139892 0.0129179 -0.0213985
internal_weight=42866 21075.4 3370.14 21790.6 17705.3 10323.2 969.358 11554.9 11373.5 181.384 4225.82 833.343 784.102 640.018 144.084 2400.78 1010.12 6097.33 5919.26 178.076 32.3192 10235.7 10036.7 167.696 155.716 9868.99 1390.66 1359.58 139.989 23.8039
internal_count=668371 196193 18544 472178 177649 84379 4309 299436 297008 2428 27488 3358 3250 2399 851 14235 6897 56891 55979 912 288 172742 280291 8336 7787 271955 7338 7216 806 227
is_linear=0
shrinkage=0.05


Tree=19
num_leaves=31
num_cat=0
split_feature=4 4 4 4 0 3 0 5 3 5 0 4 4 5 5 3 5 5 5 3 5 0 1 0 4 3 3 0 1 4
split_gain=411.871 111.857 71.089 58.513 53.6474 28.5767 23.2876 26.2956 21.1868 20.5471 29.0803 19.8159 19.5692 18.3512 16.362 21.4215 14.8351 14.5542 18.3284 14.5285 14.3211 13.4847 13.1946 17.669 13.2067 19.1147 14.9648 13.1486 12.9506 12.7938
threshold=0.25602841377258306 0.3671001940965653 0.13062155991792682 0.49836425483226782 4.5000000000000009 0.99212232232093822 17.500000000000004 0.35402193665504461 0.63698601722717296 0.29085536301136022 15.500000000000002 0.46450005471706396 0.035629669204354293 0.44139803946018225 0.56210488080978405 0.93483206629753124 0.28945223987102514 0.17876747250556949 0.17990683019161227 0.98738515377044689 0.24689586460590365 5.5000000000000009 1.0000000180025095e-35 8.5000000000000018 0.31612667441368109 0.94958576560020458 0.95156648755073558 26.500000000000004 1.0000000180025095e-35 0.075694292783737196
decision_type=2 2 2 2 2 2 2 2 2 2 2 2 2 2 2 2 2 2 2 2 2 2 2 2 2 2 2 2 2 2
left_child=2 13 4 5 -1 6 -3 8 11 10 16 28 27 22 -9 -16 17 -4 -19 -11 -14 -15 23 -2 25 -24 -27 -6 -8 -22
right_child=1 3 9 -5 12 -7 7 14 -10 19 -12 -13 20 21 15 -17 -18 18 -20 -21 29 -23 24 -25 -26 26 -28 -29 -30 -31
leaf_value=-0.0019888500471609348 0.0060390824159542002 0.01631752558386446 -0.0044344690565770771 0.027391007788676664 -0.011385966235662194 0.03691500582988743 -0.049884202491726648 0.008463497893317495 -0.037916409827545884 0.00049014888274459133 -0.005905393430114458 -0.06060305460616347 -0.0093324692416633537 0.03094462797620269 0.024583274658913294 -0.019157164533571774 -0.046403675148851055 0.029278964427899113 0.00081950032786695139 0.018347612575902141 0.0045164938772719555 0.0075956748941659012 0.0023431259073908649 -0.0084895402120645277 0.0060246083463864741 -0.097495031379190356 -0.013208229268992773 -0.021579072118995082 0.0034500286369382252 -0.0062178833786652983
leaf_weight=3929.9994133433793 336.09171019960195 1105.0186903998256 1581.0142353262054 609.79103359300643 1249.1248593518976 102.14498661644757 11.638346850872038 2011.6270921911346 37.83752159611322 5588.9247907125391 4480.4891891218722 12.834407205693422 4262.9114982424653 64.341671108268201 298.62082122545689 30.886465983232483 17.553794145584106 57.387569952523336 3986.8610702647711 116.26844478584826 361.1052350718528 1588.3294070968404 4763.122262289864 554.57290327339433 3000.8748906994006 5.4850789406336835 131.91904367692769 423.69214685173938 516.71169743407518 1200.0520042481367
leaf_count=56358 2942 6101 23111 2479 46860 371 254 13150 804 68885 103321 106 136338 299 1403 319 283 653 47058 1009 8555 10622 47549 8739 23189 190 2058 24902 3548 26497
internal_value=-3.89208e-05 0.00656104 -0.00371524 0.0129338 -0.00672063 0.0107979 0.0101351 0.00779562 -0.00174495 -0.00154559 -0.00289798 0.000784014 -0.00920112 0.00367071 0.0101552 0.0204833 -0.000510035 -0.000366823 0.00122334 0.000854073 -0.00783204 0.00850469 0.00276205 -0.00300717 0.00341237 0.00181275 -0.0165729 -0.0139677 0.0022752 -0.00373496
internal_weight=42437.2 15181.8 27255.4 4737.11 11426.9 4127.32 4025.18 2920.16 579.022 15828.5 10123.3 541.184 7496.89 10444.7 2341.13 329.507 5642.82 5625.26 4044.25 5705.19 5824.07 1652.67 8792.07 890.665 7901.4 4900.53 137.404 1672.82 528.35 1561.16
internal_count=667953 124123 543830 28535 299510 26056 25685 19584 4712 244320 174426 3908 243152 95588 14872 1722 71105 70822 47711 69894 171390 10921 84667 11681 72986 49797 2248 71762 3802 35052
is_linear=0
shrinkage=0.05


Tree=20
num_leaves=31
num_cat=0
split_feature=4 4 4 5 0 0 5 2 4 2 2 3 5 0 2 0 2 2 5 4 0 5 3 3 3 5 0 5 5 4
split_gain=389.714 112.916 62.2871 47.4766 39.224 26.814 25.9914 24.4521 24.0408 23.9317 23.6303 24.9065 19.1294 22.5517 24.5026 18.6371 19.0205 17.4048 18.6399 21.3309 25.1828 19.8 15.4772 19.805 15.4123 15.3065 20.4305 16.1776 15.992 14.9407
threshold=0.25602841377258306 0.39413306117057806 0.13729409128427508 0.56210488080978405 4.5000000000000009 11.500000000000002 0.36422277987003332 0.13921189308166507 0.052743867039680488 0.19399641454219821 0.20881782472133639 0.98775419592857372 0.33441087603569036 15.500000000000002 0.030776515603065494 44.500000000000007 0.81909090280532848 0.54027026891708385 0.29528182744979864 0.31612667441368109 31.500000000000004 0.26208700239658361 0.99748456478118908 0.94158759713172924 0.95907518267631542 0.24368909746408465 19.500000000000004 0.23948690295219424 0.10276351496577264 0.17506921291351321
decision_type=2 2 2 2 2 2 2 2 2 2 2 2 2 2 2 2 2 2 2 2 2 2 2 2 2 2 2 2 2 2
left_child=2 6 4 5 -1 -3 17 -8 -6 -5 11 -7 13 -4 -15 -9 -17 24 21 -20 -21 -19 23 -16 -2 26 27 28 -10 -25
right_child=1 3 12 9 8 10 7 15 25 -11 -12 -13 -14 14 22 16 -18 18 19 20 -22 -23 -24 29 -26 -27 -28 -29 -30 -31
leaf_value=-0.0021279745686800765 0.0018018058808872074 0.023358825622129174 -7.8234577805156433e-05 0.0047947880360137314 -0.012458840215589169 -0.00031459462387563043 0.00096130995387645334 0.011837362143675109 -0.018673656114507001 0.031245111357549156 0.013032025207486871 0.044365565656411476 0.0021028116651146712 -0.011496795716451137 -0.0034072337612970414 0.0035083211541713671 0.046547949137207292 0.0042957103958056967 -0.011861924801227334 0.020866877628193295 -0.014049394847288448 0.027832242479396047 -0.040855248842774014 -0.013264494069650606 -0.015929763667007612 -0.0025251635849581153 -0.013135134117586182 -0.04539265716075825 -0.0040174862175701353 0.020487089403679427
leaf_weight=4063.8870879610186 6068.2056340220151 422.91268403362483 5931.8906421376159 101.78083238145337 2312.1131862065522 645.6883574121166 1215.5734551355708 2326.1162772015668 201.92256366927177 535.16883189673536 1550.3299403698184 32.773775985464454 3234.1251789636444 1020.9042159966193 4520.8561138471123 1278.962177091511 26.195722948759794 157.66575265745632 164.65986453113146 186.11879422515631 71.47040081419982 206.23808381846175 26.787321217358112 42.068294144351967 125.07584591931663 1752.3226898161229 1348.4300959094544 25.235583574511111 2378.8858264946612 148.64179332519416
leaf_count=57919 60893 2009 71936 648 95798 5193 12252 14268 5649 2062 8484 141 35980 30075 86571 9158 127 1474 1778 1301 746 1698 485 1295 2073 38659 57241 730 58947 2639
internal_value=0.000136807 0.00656556 -0.00346101 0.0147608 -0.00612971 0.0118164 0.00428664 0.00709946 -0.00815775 0.0270185 0.00962622 0.00184372 -0.00130056 -0.00224204 -0.0044707 0.00915421 0.00437217 0.00233329 0.00934141 0.00219401 0.011179 0.0176348 -0.00295689 -0.00274142 0.00144371 -0.00641516 -0.00813891 -0.00555374 -0.00516419 0.0130419
internal_weight=42123 15114.9 27008.1 3288.65 12082.8 2651.7 11826.3 4846.85 8018.91 636.95 2228.79 678.462 14925.3 11691.1 5759.26 3631.27 1305.16 6979.43 786.153 422.249 257.589 363.904 4738.35 4711.57 6193.28 5706.8 3954.47 2606.04 2580.81 190.71
internal_count=668229 124305 543924 18537 314943 15827 105768 35805 257024 2710 13818 5334 228981 193001 121065 23553 9285 69963 6997 3825 2047 3172 90990 90505 62966 161226 122567 65326 64596 3934
is_linear=0
shrinkage=0.05


Tree=21
num_leaves=31
num_cat=0
split_feature=4 4 4 2 3 0 4 2 4 3 3 2 0 0 2 0 2 3 3 3 0 4 2 3 3 3 3 3 3 2
split_gain=349.447 111.961 56.3888 36.4137 38.762 36.3758 35.4248 28.0959 25.824 23.3542 25.2603 21.3256 19.5468 18.5111 17.5543 17.4726 16.2362 16.48 22.2109 14.993 14.6391 14.2953 14.0076 14.108 12.7175 24.766 17.6449 50.6864 37.3947 22.5682
threshold=0.31942288577556616 0.21121312677860263 0.49836425483226782 0.28730159997940069 0.99698749184608471 8.5000000000000018 0.11623716354370119 0.44058823585510259 0.36118936538696295 0.93210574984550487 0.91455036401748668 0.033908046782016761 18.500000000000004 1.0000000180025095e-35 0.067424245178699507 20.500000000000004 0.52086955308914196 0.6775643825531007 0.96391022205352794 0.99748456478118908 4.5000000000000009 -0.06286457926034926 0.044949496164917953 0.99933725595474254 0.99212232232093822 0.99822261929512035 0.49660341441631323 0.90046691894531261 0.94219008088111889 0.039230769500136382
decision_type=2 2 2 2 2 2 2 2 2 2 2 2 2 2 2 2 2 2 2 2 2 2 2 2 2 2 2 2 2 2
left_child=1 5 3 22 8 9 11 24 20 10 -1 -7 -9 -12 -8 -10 -17 -18 -19 -16 -5 -11 -2 -24 26 -26 -3 29 -29 -28
right_child=2 7 -4 4 -6 6 14 12 15 21 13 -13 -14 -15 19 16 17 18 -20 -21 -22 -23 23 -25 25 -27 27 28 -30 -31
leaf_value=-0.0024233815407180771 -0.0021492709477713536 0.001096575749578044 0.024241435197252442 0.026687689745958872 0.054630240646405419 -0.014592734850510897 -0.0074816968446753526 0.011653086793735643 0.019767477242349462 -0.086768753592342554 -0.10056750217522342 -0.0072752104989877555 0.0015626866243406076 -0.023284156975819148 -0.0022849503449831467 0.014441855703866231 0.0055576556212787375 -0.061253637012253531 0.051689124596957264 -0.034002956663495933 0.0043442312367126213 0.0078241918413082239 0.006152272938365155 -0.065679031794457041 0.027416098865705531 -0.018481467676833299 -0.039649114876980057 0.015362841499007266 -0.0077431078910462194 -0.012528303524842575
leaf_weight=7947.1859871820197 629.40599525382277 8936.8920443445677 581.87109182216227 77.582373723387718 51.482502194587141 1485.8227383675403 2645.8219042663695 1066.866389837116 868.85096874088049 4.019141308264806 9.2415620989631844 3018.1861368060345 872.43592954566702 47.948370872298256 5336.2010464555351 1042.7103289915249 471.2707421197556 19.488818911602724 5.6049159541726103 37.519819532055408 1330.7490347432904 640.1936428991612 3240.3277428953443 6.8500509019941083 109.0045079656411 40.241592911537737 96.047365712700412 330.69321703771129 372.18111125135329 380.92043275467586
leaf_count=124981 7777 96716 2453 431 140 68395 69454 7936 4521 243 77 103185 9885 1425 95362 5625 3131 349 35 634 9035 8284 23603 58 768 403 3421 4076 6995 8638
internal_value=6.61961e-05 -0.00221977 0.00923002 0.00810214 0.0115346 -0.00441848 -0.00614076 0.00159426 0.0109532 -0.00192455 -0.00266166 -0.00968918 0.00711371 -0.0357727 -0.00414786 0.0140988 0.0108986 0.00345535 -0.0360268 -0.00250641 0.00557509 0.00723404 0.0046775 0.00600074 0.000551609 0.0150406 0.000337861 -0.00540914 0.00312794 -0.0179896
internal_weight=41703.6 33377.4 8326.19 7744.32 3867.74 21172.1 12523.6 12205.3 3816.26 8648.59 8004.38 4504.01 1939.3 57.1899 8019.54 2407.93 1539.07 496.364 25.0937 5373.72 1408.33 644.213 3876.58 3247.18 10266 149.246 10116.7 1179.84 702.874 476.968
internal_count=668036 610878 57158 54705 23267 472040 337030 138838 23127 135010 126483 171580 17821 1502 165450 13661 9140 3515 384 95996 9466 8527 31438 23661 121017 1171 119846 23130 11071 12059
is_linear=0
shrinkage=0.05


Tree=22
num_leaves=31
num_cat=0
split_feature=4 2 5 5 0 2 4 3 3 5 0 0 3 2 4 5 2 3 5 0 3 3 2 4 0 4 4 0 2 4
split_gain=345.46 81.0972 69.4675 67.7962 49.1748 43.6525 31.2401 26.3206 28.8016 25.3044 24.9175 21.0724 19.6241 18.9041 24.6596 18.0093 16.8819 16.4309 16.4298 17.8042 16.3526 16.0348 23.2272 15.3997 17.6419 14.7992 14.5335 14.6962 14.3468 14.324
threshold=0.28544640541076666 0.28730159997940069 0.56210488080978405 0.27376052737236029 16.500000000000004 0.033908046782016761 0.33772528171539312 0.99424612522125255 0.99862930178642284 0.60599055886268627 3.5000000000000004 11.500000000000002 0.99822261929512035 0.18090909719467166 -0.015190601814538239 0.19489932060241702 0.021054964512586597 0.99862930178642284 0.34058488905429846 35.500000000000007 0.97751167416572582 0.99881005287170421 0.39791667461395269 0.35607822239398962 15.500000000000002 0.28795976936817175 0.30988149344921118 22.500000000000004 0.20638945698738101 0.18114613741636279
decision_type=2 2 2 2 2 2 2 2 2 2 2 2 2 2 2 2 2 2 2 2 2 2 2 2 2 2 2 2 2 2
left_child=3 10 6 4 7 -6 -3 13 -9 11 -2 29 -13 -1 -15 28 18 23 19 25 -8 22 -10 24 -4 -12 -26 -28 -7 -5
right_child=1 2 17 9 5 15 20 8 21 -11 16 12 -14 14 -16 -17 -18 -19 -20 -21 -22 -23 -24 -25 26 -27 27 -29 -30 -31
leaf_value=-0.0046976423985231009 0.031707812615163776 0.0043387728931254506 -0.073776659893012603 -0.003105772971900797 -0.015627428121110801 -0.0077665767584050045 0.012128168036275526 0.036241954870667163 -0.060331192088153712 0.016363175639443953 0.032253605205521764 -0.0011847053802583217 -0.061747104901540763 -0.022401209237951188 -1.1402956165184447e-05 -0.0043250340080030055 0.0036603133079407693 0.05179468359782724 0.0034568502412711207 -0.032687752636654036 0.042407683571598694 0.013456844694094881 0.01226192159102845 0.028358752009204069 0.038064071411690298 -0.0095482167375870695 0.039225814292453705 -0.026183393226251562 -0.019645310183442701 0.0070712385533845089
leaf_weight=8647.509820872976 74.975401485571638 1833.5216842012014 6.6131074503064147 456.55879949394148 1575.3715673325351 837.75275326165138 3060.6435167775489 88.459436016622931 22.895375565392897 237.50385253597051 23.108684740727767 7881.4621399575844 13.398626515176145 126.65251271356829 4237.8711535856128 3688.6019494067878 5261.6283708445262 63.00601032259874 323.25201011658646 81.164129493292421 45.248346593230963 66.684774297522381 21.242796500679106 448.56896556308493 30.109883007593453 252.80503276083618 12.034321608953176 29.98246844438836 364.90533188811969 1424.5951676876284
leaf_count=169835 433 14145 70 5381 70135 34896 18127 650 189 1570 214 117853 403 3627 59049 89508 43709 182 3500 2051 178 813 100 1816 117 3554 37 219 14692 11029
internal_value=-0.000258014 0.00708048 0.0114515 -0.00311187 -0.00481622 -0.00838883 0.00951411 -0.00306752 0.0149661 0.000237425 0.00306342 -0.000154342 -0.00128749 -0.00334371 -0.000661125 -0.00605743 0.00270198 0.0276623 -0.00470968 -0.0121026 0.0125693 -0.00201638 -0.0253936 0.0247788 0.00438438 -0.00604718 0.0115508 -0.00744909 -0.0113708 0.00460126
internal_weight=41238.1 11546.7 5529.73 29691.5 19677.9 6466.63 4939.41 13211.3 199.282 10013.5 6016.93 9776.01 7894.86 13012 4364.52 4891.26 5941.96 590.315 680.33 357.078 3105.89 110.823 44.1382 527.309 78.7398 275.914 72.1267 42.0168 1202.66 1881.15
internal_count=668082 88352 34891 579730 443494 209231 32450 234263 1752 136236 53461 134666 118256 232511 62676 139096 53028 2441 9319 5819 18305 1102 289 2259 443 3768 373 256 49588 16410
is_linear=0
shrinkage=0.05


Tree=23
num_leaves=31
num_cat=0
split_feature=4 4 4 3 5 2 3 5 2 5 2 3 3 4 2 4 3 3 4 5 4 3 2 5 2 4 3 4 3 2
split_gain=306.068 117.706 49.3181 35.5383 30.9583 30.593 22.3009 22.9944 21.7221 26.1743 21.4712 21.9055 17.2922 16.5539 18.6314 15.853 15.1655 22.6595 14.213 14.7303 15.2336 26.8279 12.9548 12.9009 12.4758 12.3861 12.1522 11.9983 11.7552 22.9175
threshold=0.35100923478603369 0.17629654705524447 0.49836425483226782 0.99212232232093822 0.44139803946018225 0.29217478632926946 0.99424612522125255 0.27624325454235082 0.38047619163990026 0.17464578151702884 0.12973351776599887 0.99881005287170421 0.99438166618347179 0.33772528171539312 0.098780486732721343 0.21972719579935077 0.99748456478118908 0.99151229858398449 -0.054125083610415452 1.0000000180025095e-35 0.052743867039680488 0.98083293437957775 0.079473681747913374 0.71603280305862438 0.061862245202064521 -0.074261300265789018 0.89890041947364818 0.17863917350769046 0.9878520965576173 0.043015725910663612
decision_type=2 2 2 2 2 2 2 2 2 2 2 2 2 2 2 2 2 2 2 2 2 2 2 2 2 2 2 2 2 2
left_child=1 6 3 5 8 -2 7 18 9 15 13 23 -8 24 -15 -3 17 28 25 -20 21 22 -21 -12 -6 -1 -9 -10 -11 -30
right_child=2 4 -4 -5 10 -7 12 26 27 16 11 -13 -14 14 -16 -17 -18 -19 19 20 -22 -23 -24 -25 -26 -27 -28 -29 29 -31
leaf_value=-0.0074590769182680859 0.0043248549384067771 -0.010144607040147425 0.024453216994557811 0.036454979710374223 0.0085356414904160984 0.012203991877443778 0.057971424657669912 4.8603330211310019e-05 0.026062031162215445 -0.00039331933643105911 0.0089262025052458914 -0.1156168066269489 0.0066884835748585343 -0.073709276409828148 0.005590138226940107 -0.041819676257702255 -0.038023416814575557 0.01984645029375301 -0.00035540903706279044 -0.012181863095331591 -0.0051539918962280398 0.041594297392157233 -0.0053118092287113726 0.025953556533354682 -0.0071453063556561145 -0.028281354043272179 -0.014755271862001991 0.0033163443344189272 -0.095190924353520875 8.2663160703562617e-05
leaf_weight=158.00327399460366 2301.9440171291353 291.0495592164807 590.45442464458756 116.71629031049088 246.97173371072859 2650.5297229574062 17.838543786550872 2480.9351134453318 58.93666707072407 12735.903983527562 1309.5668728272431 3.4583835937082759 209.33834855840541 16.359162749256942 13.535667811520396 45.704810630530119 26.620875998167321 138.81437949975953 1195.4122459240607 1901.1447056984762 9090.7772852951312 25.709175987518393 1073.7632944355137 121.56806061137468 260.77186168171465 130.33056940615643 146.83031213493086 3563.9972495898837 9.6523866611532885 18.238646812387742
leaf_count=5374 17926 5276 2505 456 2384 15551 190 44082 621 169741 8819 52 2725 266 98 969 538 1157 14331 66638 223903 403 35375 623 2604 5326 4150 35123 338 288
internal_value=-1.67398e-05 -0.00174779 0.0107774 0.00918441 0.000947292 0.00854171 -0.00484164 -0.00505976 0.000255059 -0.000682028 0.00687513 0.0100689 0.0107154 -0.00164681 -0.0378044 -0.0144436 -0.000323595 -0.000245812 -0.00588848 -0.00565015 -0.00617361 -0.00926268 -0.00970219 0.0103726 0.000482069 -0.016871 -0.000778585 0.00368636 -0.000464328 -0.0328891
internal_weight=40950.9 35291.2 5659.64 5069.19 18861.2 4952.47 16430.1 16202.9 16888.9 13266 1972.23 1434.59 227.177 537.638 29.8948 336.754 12929.2 12902.6 13575.1 13286.8 12091.4 3000.62 2974.91 1431.13 507.744 288.334 2627.77 3622.93 12763.8 27.891
internal_count=667832 631394 36438 33933 228897 33477 402497 399582 214051 178307 14846 9494 2915 5352 364 6245 172062 171524 351350 340650 326319 102416 102013 9442 4988 10700 48232 35744 170367 626
is_linear=0
shrinkage=0.05


Tree=24
num_leaves=31
num_cat=0
split_feature=5 2 5 5 0 3 3 3 3 5 3 5 3 3 3 2 3 5 0 0 2 2 3 3 3 2 3 3 3 3
split_gain=286.207 87.2072 52.2971 49.729 37.1682 31.0814 26.9869 28.0294 41.0239 24.2024 23.7111 23.2603 22.377 23.4315 21.9272 20.7902 19.3662 18.9557 18.7393 18.1552 25.2827 31.8556 18.2749 18.0585 18.407 17.3482 17.061 19.7917 16.4357 15.4485
threshold=0.33441087603569036 0.16247642785310748 0.56210488080978405 0.26101143658161169 24.500000000000004 0.89732640981674205 0.60793796181678783 0.76519805192947399 0.7489004135131837 0.17464578151702884 0.90195810794830333 0.19489932060241702 0.99862930178642284 0.73962944746017467 0.93210574984550487 0.19782608747482303 0.97751167416572582 0.3493174016475678 46.500000000000007 11.500000000000002 0.37354651093482977 0.2806250005960465 0.95863837003707897 0.94516494870185863 0.99151229858398449 0.17316342145204547 0.6593613624572755 0.83804789185523998 0.94993221759796154 0.99212232232093822
decision_type=2 2 2 2 2 2 2 2 2 2 2 2 2 2 2 2 2 2 2 2 2 2 2 2 2 2 2 2 2 2
left_child=3 29 16 4 5 6 11 8 -8 -6 -7 -1 13 15 -12 -4 19 -18 -17 20 21 28 -23 -16 -25 -13 -21 -28 -3 -2
right_child=1 2 12 -5 9 10 7 -9 -10 -11 14 25 -14 -15 23 18 17 -19 -20 26 -22 22 -24 24 -26 -27 27 -29 -30 -31
leaf_value=-0.0048054538977438561 0.00011879926978348509 0.01473052165668521 -0.0098298515713766445 0.00027521284565430802 -0.018036834718909926 0.035335120107630062 -0.015503626477348329 -0.0052797404711655421 -0.062520460245566664 -0.0069075268527561094 -0.018601905063802979 -0.0033331036894487681 0.0436821971601895 0.00046650294952296111 0.016324751386314167 0.029256293116105954 -0.057751589292343503 0.03059989194162362 0.011681059923572643 0.0070379508696510043 0.019162723224317332 -0.015518543764240948 0.053688403843711575 -0.00428329839483597 0.012347983244532557 0.0028231127559421869 -0.019228225203098769 0.0041015692917083756 -0.046737738882824849 0.017664052662518675
leaf_weight=8317.6978944062721 4321.7769651680719 397.72022626921535 49.73305079061538 9153.0349173512077 569.19761778606335 59.989188770996407 203.6634250653442 406.07303538324777 60.081670503248461 3445.4590888864477 105.71680659230333 2377.2041974781314 90.835785050177947 162.7721912516281 273.0026255461853 473.90532906260341 6.3676617890596381 130.26539075840265 223.05185913667083 5493.5694901858224 712.95483345072716 178.06051246915013 10.078794454224406 495.92818118236028 250.35491884103976 2206.6202183353016 134.70982545940205 279.58239011454862 11.180624804925172 129.21132967690937
leaf_count=170485 52260 2402 280 129603 34715 837 7665 14347 1901 107687 3967 41042 306 1310 3831 1834 97 698 1076 40405 3802 1374 37 11564 2595 25303 2573 3065 128 786
internal_value=9.19064e-05 0.00628118 0.00929283 -0.00274646 -0.00421987 -0.00305936 -0.00373744 -0.0135228 -0.0262142 -0.00848544 0.00470641 -0.00322941 0.0200192 0.0176558 0.00307318 0.0214029 0.00783391 0.0264823 0.0236316 0.0074809 0.0128062 0.00521564 -0.0118111 0.00532125 0.00129598 -0.000369545 0.00630007 -0.00348427 0.0130498 0.000628135
internal_weight=40729.8 12805.8 8354.79 27924 18771 14756.3 13571.3 669.818 263.745 4014.66 1184.99 12901.5 1000.3 909.462 1125 746.69 7354.49 136.633 696.957 7217.86 1309.99 597.04 188.139 1019.29 746.283 4583.82 5907.86 414.292 408.901 4450.99
internal_count=667975 112433 59387 555542 425939 283537 260743 23913 9566 142402 22794 236830 4806 4500 21957 3190 54581 795 2910 53786 7743 3941 1411 17990 14159 66345 46043 5638 2530 53046
is_linear=0
shrinkage=0.05


Tree=25
num_leaves=31
num_cat=0
split_feature=4 4 5 4 3 3 2 2 2 3 2 4 5 4 5 3 3 3 2 3 3 4 5 5 5 2 5 3 3 3
split_gain=301.738 101.7 40.7913 36.1278 23.5084 21.2315 22.313 18.587 17.0561 18.6853 20.9695 15.0044 14.7969 14.8261 14.4894 19.4633 17.6167 15.9672 17.2284 14.3005 28.9728 13.8289 13.7581 20.4778 13.6713 13.6348 13.6206 12.671 15.1921 13.2417
threshold=0.23532772064208987 0.3671001940965653 0.56210488080978405 0.17629654705524447 0.97805392742156994 0.98052415251731884 0.29217478632926946 0.38956639170646673 0.19399641454219821 0.93687301874160778 0.12060606107115747 -1.0000000180025095e-35 0.024887278676033023 0.11284141987562181 0.44139803946018225 0.49660341441631323 0.32196867465972906 0.99212232232093822 0.16247642785310748 0.99862930178642284 0.49660341441631323 0.36118936538696295 0.36169743537902838 0.35165992379188543 0.21677208691835406 0.18274582922458651 0.21380735933780673 0.99962344765663158 0.92352762818336498 0.94516494870185863
decision_type=2 2 2 2 2 2 2 2 2 2 2 2 2 2 2 2 2 2 2 2 2 2 2 2 2 2 2 2 2 2
left_child=3 7 5 4 11 6 -3 14 9 10 -4 -1 -13 -14 21 16 -16 18 -17 20 -10 24 23 -9 26 -12 -2 28 -5 -30
right_child=1 2 8 27 -6 -7 -8 22 19 -11 25 12 13 -15 15 17 -18 -19 -20 -21 -22 -23 -24 -25 -26 -27 -28 -29 29 -31
leaf_value=-0.010314508633184514 -0.0048918689228246099 0.0044413400476684033 0.034969656762225 -0.001141677053210069 0.0078384063493677127 0.031603796806678089 0.012279153575789748 0.0051298484034266534 0.029818790561188399 -0.031987646138435431 -0.0030909279137562229 0.00077139011502229827 -0.0068508566611217049 -0.0035235998863862774 0.0085919136677186855 -0.023500585595907043 0.05290260914921599 0.02069448329898884 0.0032204762803158117 0.052712919154568806 0.0017484734650081166 -0.013347798714977502 0.011016003844608151 -0.016967323556959426 0.0017383182841057233 -0.11235302346016958 -0.036658472297027296 -0.047430724298472907 0.018669568846378184 0.0015941682966889093
leaf_weight=1289.302847424522 328.4815085278824 1587.9735162849538 58.99771245662123 6831.3465656244662 356.50256399833597 106.136755468091 2120.755697286455 1781.3368237596005 430.45644752122462 25.872350679244846 40.243957671802491 1144.0950545165688 6559.7893669449841 6838.2581367889652 1088.0029802881181 122.50008389144205 22.903178445994854 50.029115332756191 118.84388241684064 46.47622192162089 116.88731638574973 164.90077401511371 1027.421340837609 111.40228795353323 7561.9834652772406 3.0733408518135539 37.607082381844521 14.432814517756922 182.21786144305952 301.23644392448477
leaf_count=45746 5033 12346 304 102593 6007 546 12329 16328 1586 286 255 13323 195803 141466 6868 1947 63 229 1188 138 781 1511 7252 1054 84194 33 673 255 2402 5477
internal_value=0.000125246 0.00521035 0.0116168 -0.00354033 -0.00485899 0.00955424 0.00892322 0.00286928 0.0225147 0.00597441 0.0155739 -0.00514492 -0.00468658 -0.00515265 0.00179642 0.00648865 0.00950545 -0.00501338 -0.0103425 0.0260853 0.0238243 0.000983392 0.00635782 0.00382926 0.00128148 -0.010843 -0.00815515 -0.000627842 -0.000535495 0.00803003
internal_weight=40469.5 16952.3 4536.87 23517.2 16187.9 3814.87 3708.73 12415.4 722.007 128.187 102.315 15831.4 14542.1 13398 9495.25 1402.28 1110.91 291.373 241.344 593.82 547.344 8092.97 2920.16 1892.74 7928.07 43.3173 366.089 7329.23 7314.8 483.454
internal_count=668016 154944 28604 513072 402345 25221 24675 126340 3383 878 592 396338 350592 337269 101706 10295 6931 3364 3135 2505 2367 91411 24634 17382 89900 288 5706 110727 110472 7879
is_linear=0
shrinkage=0.05


Tree=26
num_leaves=31
num_cat=0
split_feature=4 4 2 5 5 0 5 5 4 2 2 5 4 4 4 4 5 0 2 5 5 0 5 5 5 2 5 2 4 2
split_gain=290.147 87.6139 59.5378 32.4507 28.0917 24.3749 30.8471 25.0314 20.4786 18.3533 22.7199 19.6195 17.6825 17.4295 16.0678 17.606 14.1331 14.0618 18.0159 13.8843 13.1636 12.2008 17.3988 12.331 13.4009 15.7794 15.1067 15.0585 15.97 22.0136
threshold=0.33384557068347936 0.19247721135616305 0.15849281847476962 0.5145511031150819 0.60599055886268627 9.5000000000000018 0.20871283859014514 0.34268015623092657 0.011765103787183763 0.44058823585510259 0.44562648236751562 0.21575961261987689 0.18600887060165408 0.413582593202591 0.17629654705524447 0.17033632844686511 0.14970340579748156 12.500000000000002 0.54027026891708385 0.33661040663719183 0.20671134442090991 17.500000000000004 0.20384335517883304 0.24260822683572772 0.20776104927062991 0.84807693958282482 0.23545701801776889 0.52440476417541515 0.24362508207559588 0.61200717091560375
decision_type=2 2 2 2 2 2 2 2 2 2 2 2 2 2 2 2 2 2 2 2 2 2 2 2 2 2 2 2 2 2
left_child=1 5 -2 17 9 7 8 -1 -7 -3 11 -11 20 -5 15 -9 -12 18 -4 -19 -10 23 -23 24 -18 27 -27 -26 -29 -30
right_child=2 4 3 13 -6 6 -8 14 12 10 16 -13 -14 -15 -16 -17 21 19 -20 -21 -22 22 -24 -25 25 26 -28 28 29 -31
leaf_value=-0.0025711791119646041 0.0011934062959144428 -0.00011586770618749895 0.0096736870083494863 0.011485432426412675 0.015954676827835617 -0.019434123689596419 -0.0036645475981639552 0.011413635738727562 -0.0082271985404182412 -0.096803716984004182 -0.098476849390595617 0.034481493879739693 0.012077798934800705 0.024643983420106291 0.039848168448296251 -0.078064176989439127 0.010007173932513588 0.0024529142617706438 0.024538249412175209 0.010317191562940406 -0.028668577068156488 -0.060774642873252217 0.00071790997566788955 0.010807396028224886 4.5671724028798806e-05 -0.0062881045354256301 0.063450745998570507 -0.057001254958430503 -0.060286981068016381 0.013826036842936007
leaf_weight=8198.9221860816469 1650.5704748898279 12646.637018425972 492.0145446928218 398.25652474537492 305.28648985968903 451.00757126847748 5978.998724873527 75.411404299084097 3141.4863825414213 2.9469578433781853 3.3756315410137168 82.860212120227516 105.34137891244609 683.66298326430842 55.163238699547946 5.9298658827319732 162.03515192284249 720.78575911791995 348.02837340021506 2535.5119707980193 80.783154052682221 11.62995625217445 1054.4712660312653 815.77621339284815 71.904850464314222 19.112150566885248 13.079644221579654 34.668055326212198 15.285666084382681 29.081874602939934
leaf_count=141184 16091 160342 2810 2253 1830 27702 142276 684 118918 76 67 442 2105 2990 277 64 1439 5196 1853 15653 3112 352 12487 6274 592 236 52 517 183 271
internal_value=7.26572e-05 -0.00184942 0.00946269 0.0120985 0.000939895 -0.00420324 -0.00589945 -0.00221764 -0.00943578 0.000633549 0.00472537 0.0299726 -0.00808066 0.0198003 0.0190174 0.00489061 0.00375408 0.0100643 0.0158321 0.00857642 -0.00873967 0.00390903 4.70959e-05 0.00745548 -0.000466528 -0.00973365 0.022047 -0.0165117 -0.0315752 -0.0117076
internal_weight=40190 33361.2 6828.83 5178.26 15268.2 18093 9757.62 8335.43 3778.62 14962.9 2316.23 85.8072 3327.61 1081.92 136.505 81.3413 2230.42 4096.34 840.043 3256.3 3222.27 2227.04 1066.1 1160.94 345.167 183.132 32.1918 150.94 79.0356 44.3675
internal_count=668328 621482 46846 30755 185160 436322 294113 142209 151837 183330 22988 518 124135 5243 1025 748 22470 25512 4663 20849 122030 22403 12839 9564 3290 1851 288 1563 971 454
is_linear=0
shrinkage=0.05


Tree=27
num_leaves=31
num_cat=0
split_feature=4 4 4 0 4 5 5 1 3 0 3 3 0 0 3 5 5 0 0 1 4 5 0 5 5 0 0 0 5 3
split_gain=263.905 86.9851 47.62 29.743 44.114 23.8432 23.3081 22.4923 19.1537 19.7547 18.0645 25.3968 20.4439 17.5852 26.3796 26.0293 17.454 20.0901 18.2677 17.268 15.3544 14.9794 14.9273 14.7901 13.4296 13.0905 13.005 12.909 13.4396 16.3869
threshold=0.33006310462951666 0.19509519636631015 0.49836425483226782 4.5000000000000009 0.099348664283752455 0.42927937209606176 0.36422277987003332 1.0000000180025095e-35 0.98718181252479564 1.0000000180025095e-35 0.97834008932113659 0.56711855530738842 16.500000000000004 26.500000000000004 0.84827533364295971 0.38638600707054144 0.38638600707054144 20.500000000000004 24.500000000000004 1.0000000180025095e-35 0.034039428457617767 0.5145511031150819 34.500000000000007 0.2714355885982514 0.27751077711582189 4.5000000000000009 36.500000000000007 33.500000000000007 0.56210488080978405 0.49660341441631323
decision_type=2 2 2 2 2 2 2 2 2 2 2 2 2 2 2 2 2 2 2 2 2 2 2 2 2 2 2 2 2 2
left_child=1 3 6 8 7 -3 19 24 -1 -10 11 25 -13 14 -14 -15 22 -18 21 -2 -9 -19 -6 -24 -5 -8 -12 28 -7 -30
right_child=2 5 -4 4 16 27 10 20 9 -11 26 12 13 15 -16 -17 17 18 -20 -21 -22 -23 23 -25 -26 -27 -28 -29 29 -31
leaf_value=-0.0011722331659650448 -0.013681907449085415 0.0003634676053038998 0.022681772245070307 -0.014845999539713779 -0.002506320034911501 0.0075895487490587991 0.029282772731147391 -0.012429202994612157 -0.050921819820201775 0.026274478716093508 0.035202939479945253 0.011863150187268705 -0.07790097819718593 -0.057559276770178372 -0.012574390591146751 0.0028168324174636071 0.018664618930192344 -0.05791698023611877 0.0020709223440631575 0.0046807847844168651 -0.0043913937561906478 0.00880256875628283 -0.011095260724134271 -0.0029827861401838414 0.006455269494078316 0.010247549312558521 0.0060660389306950507 0.0023651919237871735 0.031756276264729495 -0.00054596219247959432
leaf_weight=4703.1960990786902 136.11130706663243 12843.842574676964 573.21988729201257 1592.7576948145288 5940.83967788273 668.47002739366144 92.780400101095438 820.20842145290226 9.0286006329115462 100.9457109044306 116.70072259288281 203.42447404842824 19.982223143102601 19.256369502050802 68.186923266155645 244.66921231721062 184.31768297078088 24.031225249869749 427.90999776101671 2156.2147670809645 2155.7776052400586 12.943809876218436 1195.8985873849015 1059.6461729115108 77.597886514733545 3405.0147202697117 57.00346446223557 892.91095862037037 138.06110188551247 54.864105430198833
leaf_count=66633 2114 163506 2527 68402 120440 4801 485 38826 124 622 511 1474 405 435 611 3079 1628 447 6155 17054 69228 92 44069 23034 1804 20358 433 8082 549 476
internal_value=0.000117166 -0.00176852 0.00886507 -0.00406433 -0.00526813 0.00111028 0.00765023 -0.00921296 -0.000689919 0.0199369 0.00985185 0.00917519 -0.000756012 -0.0080468 -0.0273797 -0.00158829 -0.00319602 0.00469578 -0.000842593 0.00359046 -0.00660669 -0.0345605 -0.00382109 -0.00728405 -0.0138564 0.0107525 0.0256413 0.0065779 0.0109447 0.0225702
internal_weight=39995.8 32903.2 7092.56 18305.1 13491.9 14598.1 6519.34 4646.34 4813.17 109.974 4227.02 4053.31 555.519 352.095 88.1691 263.926 8845.59 649.203 464.885 2292.33 2975.99 36.975 8196.38 2255.54 1670.36 3497.8 173.704 1754.31 861.395 192.925
internal_count=668404 618918 49486 441504 374125 177414 46959 178260 67379 746 27791 26847 6004 4530 1016 3514 195865 8322 6694 19168 108054 539 187543 67103 70206 20843 944 13908 5826 1025
is_linear=0
shrinkage=0.05


Tree=28
num_leaves=31
num_cat=0
split_feature=4 4 4 0 3 5 5 3 3 3 3 3 0 5 5 0 3 4 0 3 3 3 0 5 3 5 5 3 3 0
split_gain=270.949 57.2693 49.6888 38.8416 35.6509 26.7 26.53 25.0622 36.8189 57.2461 36.5698 15.0281 14.9353 13.9822 13.9315 13.2484 12.8532 14.1772 13.3595 12.7284 12.4345 32.7272 19.9004 18.0423 17.6966 12.8981 12.3426 12.152 14.5449 20.0399
threshold=0.28544640541076666 0.39413306117057806 0.11391146108508111 5.5000000000000009 0.99212232232093822 0.53719589114189159 0.56210488080978405 0.94158759713172924 0.60793796181678783 0.76519805192947399 0.94219008088111889 0.77960535883903515 11.500000000000002 0.1229846552014351 0.37284752726554876 2.5000000000000004 0.99313899874687206 0.052743867039680488 6.5000000000000009 0.97072601318359386 0.49660341441631323 0.88453078269958507 44.500000000000007 0.4097800105810166 0.32196867465972906 0.27751077711582189 0.11976744607090951 0.97751167416572582 0.63698601722717296 46.500000000000007
decision_type=2 2 2 2 2 2 2 2 2 2 2 2 2 2 2 2 2 2 2 2 2 2 2 2 2 2 2 2 2 2
left_child=2 15 3 -1 6 7 12 8 -4 -10 -9 -8 19 16 26 -2 18 -18 -5 -3 24 25 -23 -24 -17 -22 -11 28 -14 -30
right_child=1 4 5 13 -6 -7 11 10 9 14 -12 -13 27 -15 -16 20 17 -19 -20 -21 21 22 23 -25 -26 -27 -28 -29 29 -31
leaf_value=-0.0018508757977132374 0.024859419103636288 0.01931965901418899 -0.0011497052755344995 -0.0025504736007557378 0.044441003788393829 0.011327732708722267 0.025595782868611684 0.025131639081715215 -0.029539245412172 -0.082123309955448739 0.001639861457175014 0.0050509626701897119 0.0084955859479178674 -0.0071034506996377096 0.0094043042434928132 0.0048183874639356871 0.046525569869727529 -0.05420781522857087 -0.017306875946568222 -0.072853097148082344 -0.042676541318231558 0.010523353691023314 -0.027424097726047682 0.0056510730138151707 0.031000442848870727 -0.010258556840076458 -0.0063556469295806359 0.031237927647675828 0.0030644488889836788 -0.034194728980959245
leaf_weight=4055.0808974161628 79.218893968500197 382.46108217118308 16795.580927677394 189.60143484827131 85.016476327553391 427.92860427149571 444.36892870161682 204.71423452114686 291.3362894396414 5.4163445471785954 868.49545758590102 111.30542290490121 1826.2191978213377 4047.2671711723669 159.87509300932288 6867.1427725134417 16.455210240092132 4.434068340342491 802.87634202075424 3.7825422538444391 34.106220355723053 501.09242365090176 75.84143671952188 90.350565214874223 65.151416226522997 305.68363985198084 704.00738904293394 53.475457129767165 153.84655955457129 47.148365964065306
leaf_count=64358 525 1941 262570 6276 283 3055 1776 1605 10043 303 17318 810 11029 151254 2564 54835 194 118 38369 53 995 5063 1671 1033 377 5506 21524 320 1538 862
internal_value=0.000126922 0.00674645 -0.00245069 -0.00549695 0.0125087 -0.00102352 0.0116105 -0.00130128 -0.00174489 -0.0103578 0.00612091 0.0214805 0.00938734 -0.00841855 -0.00392928 0.00451327 -0.0136709 0.0251434 -0.0144878 0.018417 0.00431026 -0.000881306 0.00555066 -0.00944272 0.00506445 -0.0135125 -0.00693412 0.00771114 0.00709053 -0.00567562
internal_weight=39699.3 11126.2 28573.1 9115.72 3107.62 19457.4 3022.61 19029.4 17956.2 1160.64 1073.21 555.674 2466.93 5060.63 869.299 8018.59 1013.37 20.8893 992.478 386.244 7939.37 1007.07 667.284 166.192 6932.29 339.79 709.424 2080.69 2027.21 200.995
internal_count=668168 88617 579551 260569 18612 318982 18329 315927 297004 34434 18923 2586 15743 196211 24391 70005 44957 312 44645 1994 69480 14268 7767 2704 55212 6501 21827 13749 13429 2400
is_linear=0
shrinkage=0.05


Tree=29
num_leaves=31
num_cat=0
split_feature=4 2 4 4 3 0 2 3 0 3 2 3 0 2 4 4 4 3 2 0 4 0 2 3 3 2 4 0 4 0
split_gain=241.334 66.0014 49.5478 37.7763 22.8152 22.4567 31.7361 21.4712 18.1276 27.9397 20.1717 12.6765 11.825 12.751 11.3631 10.7639 10.5199 10.5132 13.5825 13.1543 13.361 12.2278 10.9592 10.4335 24.5991 11.2148 10.2419 18.9732 15.449 12.0341
threshold=0.27194514870643621 0.21132376790046695 0.39413306117057806 0.19635104387998584 0.97875431180000316 4.5000000000000009 0.067424245178699507 0.9878520965576173 12.500000000000002 0.6593613624572755 0.23166368901729587 0.99212232232093822 4.5000000000000009 0.077935222536325469 0.46450005471706396 0.034039428457617767 0.052743867039680488 0.88453078269958507 0.23861283808946612 27.500000000000004 0.3671001940965653 44.500000000000007 0.34248121082782751 0.89890041947364818 0.88071998953819286 0.49489796161651617 0.33772528171539312 5.5000000000000009 0.28544640541076666 14.500000000000002
decision_type=2 2 2 2 2 2 2 2 2 2 2 2 2 2 2 2 2 2 2 2 2 2 2 2 2 2 2 2 2 2
left_child=3 12 7 5 14 23 11 8 -3 -10 -11 16 -2 -14 -4 -8 -7 18 -12 -20 22 -19 -21 24 -1 -25 27 28 -15 -29
right_child=1 2 4 -5 -6 6 15 -9 9 10 17 -13 13 26 -16 -17 -18 21 19 20 -22 -23 -24 25 -26 -27 -28 29 -30 -31
leaf_value=-0.0015285839132075979 0.016291431682206668 0.010997903111199372 0.011346090379796817 -3.6554187265535967e-05 0.042125511117059221 -0.01249704916839188 -0.009413532461050058 0.033552621127261116 0.0049524993378511281 -0.064860446843338443 0.056802865304867771 0.01174004346742466 -0.0023861314422172703 -0.10540766542385537 0.018981458209015544 -0.0024887250369970918 -0.0071264909926519199 0.011287488997070714 -0.055565234849142366 -0.00029217884189862837 0.024623897043124125 -0.033810787269641672 -0.05873785565155 0.0037813506642404753 -0.053689995502572876 0.031195197590466153 0.0059332714901081628 0.0092905723582865363 -0.019562087861185483 -0.0013948310386504544
leaf_weight=4382.8196927388199 127.93912630761042 1208.5931226005778 1391.6360801171977 8810.3254855471896 74.724835100583732 1156.5168045532191 608.54280289559392 69.895565131446347 3689.5732957767323 18.096946575911716 5.0544567871838799 80.370415980694816 1846.7594975602115 6.8852924988605109 749.82570877019316 7208.3412958270055 4309.7860245518968 73.827636142261326 27.363585209008306 15.310280727921052 16.331216044723988 18.872544599929824 16.845949817914516 358.99300645204494 22.719849294982851 41.633852365193889 1444.4260365446098 334.22077304474078 21.944262237753719 1245.1735935432371
leaf_count=61623 940 8086 8035 120460 280 57549 26641 350 27686 387 41 1517 24544 73 3671 159573 130933 745 639 310 185 361 457 4986 503 292 10654 2647 222 13655
internal_value=-6.95468e-05 0.00570311 0.0087143 -0.00272336 0.0149673 -0.00402617 -0.00508033 0.00602858 0.00565061 0.00398551 -0.0146254 -0.00797291 0.0012852 0.000893336 0.0140196 -0.00302782 -0.00826275 -0.00938883 -0.0225595 -0.0278479 -0.0122058 0.00210607 -0.0309106 -0.00109507 -0.00179759 0.00663025 0.00287731 0.000132604 -0.0400644 0.000866342
internal_weight=39383.3 12403.3 7375.95 26980 2216.19 18169.7 13363.6 5159.76 5089.87 3881.28 191.703 5546.67 5027.35 4899.41 2141.46 7816.88 5466.3 173.606 80.9055 75.851 48.4874 92.7002 32.1562 4806.17 4405.54 400.627 3052.65 1608.22 28.8296 1579.39
internal_count=668045 103968 51233 564077 11986 443617 376213 39247 38897 30811 3125 189999 52735 51795 11706 186214 188482 2738 1632 1591 952 1106 767 67404 62126 5278 27251 16597 295 16302
is_linear=0
shrinkage=0.05


Tree=30
num_leaves=31
num_cat=0
split_feature=4 5 2 4 4 2 0 0 5 2 0 5 2 4 2 5 4 4 5 5 2 5 4 0 5 5 5 0 4 5
split_gain=227.886 67.6093 43.7326 35.1413 29.9197 25.3275 23.7356 20.8679 28.3187 19.4741 18.6198 17.4344 16.4164 18.6187 15.4703 15.263 14.9586 14.9159 15.2374 18.1416 15.6612 14.7444 16.1751 13.2754 21.4471 13.1086 12.2059 13.1928 12.0484 12.0284
threshold=0.23532772064208987 0.42927937209606176 0.18561584502458575 0.413582593202591 0.099348664283752455 0.44058823585510259 13.500000000000002 7.5000000000000009 0.32074369490146643 0.079473681747913374 3.5000000000000004 0.33024857938289648 0.71714287996292125 0.49836425483226782 0.033908046782016761 0.71603280305862438 0.27861076593399053 0.092469528317451491 0.085832387208938613 0.12620465457439425 0.66333335638046276 0.2374779284000397 0.29827694594860082 34.500000000000007 0.5145511031150819 0.31555375456810003 0.5145511031150819 17.500000000000004 0.10267082601785661 0.14970340579748156
decision_type=2 2 2 2 2 2 2 2 2 2 2 2 2 2 2 2 2 2 2 2 2 2 2 2 2 2 2 2 2 2
left_child=4 5 -3 15 10 11 -7 8 25 23 17 -2 -5 -14 -12 -4 -8 -1 -19 20 -20 22 -18 24 28 -6 27 -15 -9 -11
right_child=1 2 3 12 7 6 16 9 -10 29 14 -13 13 26 -16 -17 21 18 19 -21 -22 -23 -24 -25 -26 -27 -28 -29 -30 -31
leaf_value=-0.0015321910036553757 -0.00021344833368569434 0.0023338588213042189 0.0076977179610930053 0.022472485191993834 0.00051407813728225019 0.013529898554833102 -0.0059080035267897084 0.017751940354496738 0.017465476098445454 -0.014194068341501168 -0.010494030526308172 0.0040296599706235265 -0.015659763038770324 0.019368370568492808 -0.0049295312466880441 0.025838233123544843 -0.0018587502907220035 -0.090614276085584047 0.010252899618224558 -0.053215676451738338 -0.097257267992546845 0.0067740851587477242 -0.10003745501909925 -0.0095754024191168942 0.035043633346962692 -0.041694304673446848 0.030095904754491816 -0.057147188924503191 -0.0046007616715960107 -0.00096066927479378835
leaf_weight=2601.4143990675802 5405.9961742387386 1237.168948100647 1604.8453201651573 1029.8108853772283 3588.9754628286464 954.06432637944818 332.2592875813134 61.808177071157843 257.34358721948229 175.99196869845036 2189.5260383123532 4384.2915144630242 63.939309887122363 13.847776593640448 2908.0416211395059 124.98303386475891 11.07832793518901 7.7140536722727111 42.083521148655564 22.522655873326585 3.6839150926098219 1174.209777510725 6.7521051149815312 1392.9752619071514 35.580838933587074 18.489753235131502 68.61558963637799 9.4970174962654692 2446.2143782421481 7064.0089069294045
leaf_count=36272 65755 10648 10502 4825 46477 6818 4470 1904 1812 5007 89154 40056 492 57 100935 635 126 145 543 397 62 9933 118 44562 224 225 243 97 58825 126870
internal_value=0.000204708 0.00469625 0.0102107 0.0135531 -0.00302794 0.00282972 0.00734499 -0.00172618 0.00144088 -0.00282133 -0.00554631 0.0016867 0.0201834 0.00506258 -0.00731962 0.0090084 0.00347383 -0.00217009 -0.0240036 -0.0164792 0.00159919 0.00608884 -0.0390375 -0.00565177 -0.00350304 0.000297743 0.0194707 -0.0117593 -0.0040499 -0.00128235
internal_weight=39237.7 16421.4 4152.71 2915.54 22816.4 12268.7 2478.36 15041.4 3864.81 11176.6 7774.99 9790.29 1185.71 155.9 5097.57 1729.83 1524.3 2677.42 76.0041 68.2901 45.7674 1192.04 17.8304 3936.58 2543.6 3607.47 91.9604 23.3448 2508.02 7240
internal_count=668189 154775 27499 16851 513414 127276 21465 285906 48514 237392 227508 105811 5714 889 190089 11137 14647 37419 1147 1002 605 10177 244 105515 60953 46702 397 154 60729 131877
is_linear=0
shrinkage=0.05


Tree=31
num_leaves=31
num_cat=0
split_feature=5 2 5 5 0 0 3 2 2 5 3 2 5 0 3 5 5 2 2 0 5 2 5 5 3 5 0 3 2 5
split_gain=207.101 81.6942 42.2063 37.8932 34.3715 28.5801 23.2729 16.9513 16.3532 16.2731 14.54 14.2388 12.2557 11.2194 21.5293 13.2657 10.9928 10.7386 18.6574 10.6442 10.4244 11.317 10.4078 11.6813 10.2531 19.424 9.98607 9.73163 18.6933 9.17662
threshold=0.33661040663719183 0.15849281847476962 0.20871283859014514 0.44139803946018225 16.500000000000004 47.500000000000007 0.86971682310104381 0.0745370388031006 0.032795699313282974 0.33861552178859716 0.97089171409606945 0.86923077702522289 0.28676545619964605 9.5000000000000018 0.95244765281677257 0.71603280305862438 0.18793148547410968 0.17902930825948718 0.27842378616333013 3.5000000000000004 0.28538088500499731 0.12060606107115747 0.36422277987003332 0.33861552178859716 0.83064469695091259 1.0000000180025095e-35 34.500000000000007 0.99899080395698558 0.4236596822738648 0.33024857938289648
decision_type=2 2 2 2 2 2 2 2 2 2 2 2 2 2 2 2 2 2 2 2 2 2 2 2 2 2 2 2 2 2
left_child=2 19 4 9 6 10 24 26 -6 -3 13 -11 20 14 -5 -16 -8 -7 -19 22 -9 -22 23 -2 -1 -26 29 -12 -29 -4
right_child=1 3 7 5 8 17 16 12 -10 11 27 -13 -14 -15 15 -17 -18 18 -20 -21 21 -23 -24 -25 25 -27 -28 28 -30 -31
leaf_value=-0.0038082740383790351 0.08401931094864408 0.022478671654786616 -0.00091757705060259128 0.024877873778418894 -0.016518568681491919 0.02489254088238825 0.0067106950692842286 -0.00056321432926878339 -0.0072532759561540891 0.0049095666982288573 0.03639934809218514 0.024304793043372023 0.002608020417371763 0.01341259975064886 -0.11922084975157093 0.035774583922422096 -0.011449808715769049 -0.0071120363178411227 0.008800773611516188 -0.00049287563281977308 0.016580431968460981 -0.024232206241442733 0.039503742197244923 -0.042726454475364682 0.048083582069085092 -0.033487545726940536 -0.0061817285084908562 -0.11719911779732728 0.064258386918655125 -0.018314725247252309
leaf_weight=8439.014336823253 2.2863929215818635 142.14233707985841 3033.2495716937119 347.40064728795551 681.07597277569585 69.198255458148196 756.86838856217219 6231.7519309645868 1583.4639735392993 4612.7226395637263 112.54788303840905 96.610757916700095 4385.3151801548665 1661.8631672465708 4.2243470372632137 2.0506245195865631 93.637526417616755 252.93354599014856 677.88309471681714 3894.9558203342604 21.121418592752889 86.746185068041086 31.23590254643932 8.8713220776990038 8.3281885411124659 59.000917165772989 1631.8907192762126 2.9749063896015278 2.7142506502568722 77.742266894550994
leaf_count=168871 9 1168 56524 1686 41157 505 15383 102805 64814 39003 475 626 51577 9877 63 9 2001 2141 4241 49226 342 1257 160 90 213 2532 49684 48 5 1136
internal_value=0.000181212 0.00567251 -0.00223564 0.00857879 -0.00451255 0.0128644 -0.00317483 -0.000524938 -0.0100399 0.00581055 0.0161332 0.00530745 0.000575792 0.0151335 0.0232199 -0.0685692 0.00471129 0.00588946 0.00447674 -0.000221655 -0.000829965 -0.0162407 0.024697 -0.0167542 -0.00396333 -0.0233977 -0.00301398 0.0331743 -0.0306272 -0.00135232
internal_weight=39011.8 11922.6 27089.2 7985.27 11621.4 3133.79 9356.85 15467.8 2264.54 4851.48 2133.78 4709.33 10724.9 2015.54 353.676 6.27497 850.506 1000.01 930.817 3937.35 6339.62 107.868 42.3936 11.1577 8506.34 67.3291 4742.88 118.237 5.68916 3110.99
internal_count=667628 109332 558296 59847 294971 19050 189000 263325 105971 40797 12163 39629 155981 11635 1758 72 17384 6887 6382 49485 104404 1599 259 99 171616 2745 107344 528 53 57660
is_linear=0
shrinkage=0.05


Tree=32
num_leaves=31
num_cat=0
split_feature=4 4 2 4 2 3 0 2 3 4 3 3 4 3 3 3 3 2 2 3 4 3 4 0 0 2 2 4 4 4
split_gain=224.564 64.2553 45.7562 35.2402 31.3246 19.3968 17.024 17.4185 16.8318 14.9992 13.9809 28.5415 27.6578 24.0314 19.3831 14.4963 26.4244 15.0129 14.7916 17.5046 12.9307 12.8467 12.3753 12.3512 12.3063 19.3275 14.1838 12.1184 17.1578 16.1881
threshold=0.31942288577556616 0.16692163050174716 0.15849281847476962 0.46450005471706396 0.37354651093482977 0.99862930178642284 8.5000000000000018 0.028991596773266796 0.86971682310104381 0.16452564299106601 0.93978759646415722 0.94219008088111889 0.29827694594860082 0.6593613624572755 0.94279256463050853 0.89732640981674205 0.90980568528175365 0.028991596773266796 0.23166368901729587 0.92261633276939403 -0.06286457926034926 0.87190842628479015 0.21824302524328235 46.500000000000007 11.500000000000002 0.67006802558898937 0.54027026891708385 0.33772528171539312 0.40289413928985601 0.4259308129549027
decision_type=2 2 2 2 2 2 2 2 2 2 2 2 2 2 2 2 2 2 2 2 2 2 2 2 2 2 2 2 2 2
left_child=1 6 -2 5 10 24 8 -8 9 -1 13 12 -12 -3 -13 17 23 -15 19 22 -10 -22 -18 -17 26 -26 -4 -27 -29 -30
right_child=2 4 3 -5 -6 -7 7 -9 20 -11 11 14 -14 15 -16 16 18 -19 -20 -21 21 -23 -24 -25 25 27 -28 28 29 -31
leaf_value=-0.0030725474715556597 0.0011350733629346037 -0.00075182637528974159 0.0085126251399397848 0.019361725321741963 0.0044048238291677462 0.041546060578144639 -0.009808303240485719 -0.004478409774335705 -0.082900778227659386 -0.028574515921287361 0.026478033940588497 -0.069453297512487119 -0.083482046492045381 -0.030840793695456614 0.0015912725822826411 0.035708339465078259 -0.017836109258116524 -0.010197826726492144 0.021735661528196067 -0.0073090671410506085 0.049099722764050294 0.0046559465972761975 -0.0792809026864498 -0.029272046264408907 0.0077521862532034308 -0.035923855665397672 0.021794991833105279 0.0082677746736031284 -0.049167245441463149 -0.0046501142336112678
leaf_weight=6072.6011909384979 2000.3771116898861 11372.900014894083 547.60033203987405 842.90579377487302 3526.0593530072365 43.445397747680545 2122.1157084860024 5520.9306070714374 4.1321157789789131 58.211029212921858 174.94190070196055 9.7359477491117996 5.9118148821871719 112.14527329988778 690.91661509615369 56.788600984727964 17.023640858475119 410.37852844456211 33.726058785803616 159.0620414626319 16.704436030704528 610.61195549427066 15.800095534883438 8.3936660238541645 3679.2805531275226 30.241701098158956 317.54577271547168 147.3967277277261 30.301484959665686 62.629338233266026
leaf_count=107534 20633 155277 3311 4128 38016 179 92891 169982 334 899 1326 274 99 4903 12319 715 478 11050 364 3056 334 10295 471 294 24664 446 1852 1212 331 452
internal_value=1.81648e-07 -0.00189827 0.00764137 0.00992417 0.000222719 0.00828682 -0.00434149 -0.00595827 -0.00251412 -0.00331468 -0.000905737 0.00517504 0.0228836 -0.0013456 0.00060407 -0.00964851 -0.000700466 -0.0146283 -0.00880192 -0.0141692 0.00525871 0.00583941 -0.0474133 0.0273407 0.00798673 0.00680371 0.0133878 -0.00609393 -0.00234027 -0.0191656
internal_weight=38700.8 30999.1 7701.72 5701.35 16593.8 4858.44 14405.3 7643.05 6762.26 6130.81 13067.7 881.506 180.854 12186.2 700.653 813.318 290.794 522.524 225.612 191.886 631.449 627.316 32.8237 65.1823 4815 3949.85 865.146 270.569 240.328 92.9308
internal_count=668119 610911 57208 36575 228642 32447 382269 262873 119396 108433 190626 14018 1425 176608 12593 21331 5378 15953 4369 4005 10963 10629 949 1009 32268 27105 5163 2441 1995 783
is_linear=0
shrinkage=0.05


Tree=33
num_leaves=31
num_cat=0
split_feature=5 4 4 4 2 0 5 5 0 0 2 2 2 0 4 0 5 4 5 5 5 5 0 2 5 0 1 4 4 0
split_gain=211.021 64.0698 40.8782 27.5407 23.5337 22.2131 21.7419 20.8402 22.3959 15.1342 14.9674 13.9781 13.344 12.2827 12.9495 11.135 14.9624 13.3222 10.9202 10.7244 12.0287 10.494 10.0824 10.4259 18.9849 16.6749 10.0644 9.47702 12.4564 16.1054
threshold=0.33024857938289648 0.34222623705863958 0.19635104387998584 0.49836425483226782 0.44058823585510259 16.500000000000004 0.18489887565374377 0.42927937209606176 8.5000000000000018 49.500000000000007 0.27842378616333013 0.85857143998146068 0.44562648236751562 29.500000000000004 -0.026746811345219609 20.500000000000004 0.21771539747714999 0.25602841377258306 0.53719589114189159 0.30444757640361791 0.28676545619964605 0.14970340579748156 3.5000000000000004 0.10102041065692903 0.41465441882610327 31.500000000000004 1.0000000180025095e-35 0.27642673254013067 0.22287376224994662 25.500000000000004
decision_type=2 2 2 2 2 2 2 2 2 2 2 2 2 2 2 2 2 2 2 2 2 2 2 2 2 2 2 2 2 2
left_child=2 7 5 9 -4 -1 13 11 -9 -3 -11 22 19 14 -7 21 17 -17 -5 20 -6 -14 -2 24 -24 -26 -8 28 29 -18
right_child=1 3 4 18 12 6 26 8 -10 10 -12 -13 15 -15 -16 16 27 -19 -20 -21 -22 -23 23 -25 25 -27 -28 -29 -30 -31
leaf_value=-0.0028548539204346249 0.018692836005198925 0.010278674768537836 -0.0012033785912991127 0.012714061733570675 0.021808111513182724 -0.038672323826639578 -0.010969197113435506 0.023167955220487362 0.0048866337950615735 -0.0023442445272805115 0.008476665230921613 0.030237550235787076 -0.095142202913363602 -0.018626278313330094 -0.0069478966162583563 -0.071656268915450877 -0.055503580336401084 0.023947272804118666 0.026901734969543619 0.055005021493436737 -0.067306585203880956 0.0078477668298852776 -0.0018976182096703911 0.0015952638105464377 -0.050996114345816183 -0.0082725817545644016 -0.004086915377903148 0.0060757115333964886 -0.014981835714123004 0.01597400393003481
leaf_weight=10651.8044013076 74.12617033906281 3105.7503290516324 8214.6625602546846 253.91068390617147 34.27179886167869 33.75747891177889 621.60250196623383 182.10794034460559 2092.7920429661172 556.91957639111206 749.8180951308459 39.514135557692498 2.4794183471240094 504.80599354940932 682.52349860814866 13.320041001308711 8.7883210498839599 5.016164483036845 291.14381580380723 23.175944803282619 4.2570395888760677 1015.934551184997 1422.0079805412097 3568.4317624856485 37.320664145285264 58.855117839761078 3652.6658368238714 320.20734832668677 164.01392234978266 76.318374352762476
leaf_count=215020 508 20856 115092 1330 289 2840 25738 978 19520 5191 4661 359 46 34183 30469 462 220 87 1148 79 49 9129 23609 37517 610 1209 109462 3195 2829 1263
internal_value=-7.72061e-05 0.00528157 -0.00263676 0.00968906 -0.000103974 -0.00418688 -0.00676878 0.00235852 0.00635007 0.00837926 0.00386489 0.000612375 0.00531114 -0.0126529 -0.00844303 0.00443451 -0.0010461 -0.0455024 0.0202925 0.0281286 0.0119619 0.00759703 0.000385545 0.000118757 -0.00335172 -0.0248513 -0.0050878 0.000385691 -0.00692798 0.00859306
internal_weight=38462.3 12432.7 26029.6 4957.54 9882.45 16147.2 5495.36 7475.16 2274.9 4412.49 1306.74 5200.26 1667.78 1221.09 716.281 1606.08 587.664 18.3362 545.054 61.7048 38.5288 1018.41 5160.74 5086.62 1518.18 96.1758 4274.27 569.328 249.121 85.1067
internal_count=667948 117496 550452 33186 132740 417712 202692 84310 20498 30708 9852 63812 17648 67492 33309 17231 8056 549 2478 417 338 9175 63453 62945 25428 1819 135200 7507 4312 1483
is_linear=0
shrinkage=0.05


Tree=34
num_leaves=31
num_cat=0
split_feature=5 4 4 2 3 0 2 5 0 3 3 0 5 0 0 5 0 3 2 5 5 2 2 4 2 3 3 5 5 4
split_gain=187.7 59.4511 38.6271 29.0392 23.8772 24.8437 23.145 18.4629 17.5789 17.1608 28.6656 19.9625 19.8831 17.5751 16.4869 15.7473 14.122 13.8322 13.4533 13.3002 13.2285 15.9168 12.9353 13.6466 12.4519 12.1724 15.7832 17.1049 12.6093 12.0719
threshold=0.33441087603569036 0.413582593202591 0.15996962040662768 0.032795699313282974 0.99212232232093822 8.5000000000000018 0.19782608747482303 0.56210488080978405 6.5000000000000009 0.63698601722717296 0.80359241366386425 41.500000000000007 0.60599055886268627 33.500000000000007 19.500000000000004 0.25310683250427252 36.500000000000007 0.98738515377044689 0.024695121683180336 0.17672950774431231 0.60599055886268627 0.24744898080825808 0.16064515709877017 0.35607822239398962 0.03637566231191159 0.90980568528175365 0.88453078269958507 0.3697775155305863 0.33661040663719183 0.19382126629352572
decision_type=2 2 2 2 2 2 2 2 2 2 2 2 2 2 2 2 2 2 2 2 2 2 2 2 2 2 2 2 2 2
left_child=2 4 8 14 5 -2 17 -8 -1 12 11 29 22 -14 19 24 -15 18 -3 -4 25 -22 23 -7 -10 26 27 -12 -27 -11
right_child=1 6 3 -5 -6 9 7 -9 15 10 20 -13 13 16 -16 -17 -18 -19 -20 -21 21 -23 -24 -25 -26 28 -28 -29 -30 -31
leaf_value=-0.0021708405807702056 0.010938814564484724 0.022561820977667135 -0.012342896779383702 0.00071365636380792965 0.020523941991085627 -0.0015661323505799904 0.01255520028292611 0.024707959756418554 -0.01027294289377707 0.017298782781929433 -0.024450481414183406 -0.042253483897417454 0.028652610400153468 -0.062887535246999235 -0.010550855459152372 -0.0014731399293113996 0.0078790296362004075 0.034585225989877753 -0.0024978804783150404 -0.00063132723529975895 -0.008870406807893862 -0.070413508703869601 0.0042992667458947188 0.0083853122495636881 -0.00538734244286692 0.043002452688932644 0.029551321507861546 0.012625787137106291 -0.0031704347185980541 -0.017544155156892904
leaf_weight=5517.5753369839513 946.05379056604579 62.125544625800103 284.46346356533468 10806.192665201728 204.17815092508681 2279.4417019216344 1207.0409030248411 421.72075961041264 2036.9375103160855 32.580546946264803 42.874409324140288 68.951256517553702 140.98841334087774 7.3636888917535535 903.16971660190029 1561.2579985788325 165.41185655305162 32.809125700034201 388.3152903651353 1640.1517623555847 54.941111522726715 12.989936592057346 4633.6439622376347 405.83847158355638 3625.448584857746 15.224072117824106 81.882619868032634 113.34719509899151 514.04921111057047 104.89504883205518
leaf_count=91827 6416 484 5400 148187 1259 30692 6982 1773 93431 637 1168 2317 585 72 26158 40513 953 138 3104 23663 812 185 37891 3333 126602 192 1051 1949 8152 2088
internal_value=3.78817e-05 0.00524014 -0.00231651 -0.000466766 0.00360408 0.00324499 0.0128507 0.0157018 -0.00429587 0.00240588 -0.00361386 -0.0202983 0.00322748 0.0155527 -0.00497767 -0.00591901 0.00486296 0.00324141 0.000958395 -0.00236233 0.000509313 -0.0206388 0.00269909 -6.21258e-05 -0.00714485 0.00238142 0.0117702 0.00245035 -0.00184231 -0.00928668
internal_weight=38311.9 11936.7 26375.2 13634 9824.66 9620.48 2112.01 1628.76 12741.2 8674.42 1041.74 206.427 7632.69 313.764 2827.78 7223.64 172.776 483.25 450.441 1924.62 835.309 67.931 7318.92 2685.28 5662.39 767.378 238.104 156.222 529.273 137.476
internal_count=668014 112233 555781 203408 99752 98493 12481 8755 352373 92077 18551 5042 73526 1610 55221 260546 1025 3726 3588 29063 13509 997 71916 34025 220033 12512 4168 3117 8344 2725
is_linear=0
shrinkage=0.05


Tree=35
num_leaves=31
num_cat=0
split_feature=5 5 3 2 0 2 0 5 3 0 5 0 3 3 2 0 3 2 2 2 5 0 3 0 5 0 2 5 5 0
split_gain=181.25 57.7797 33.0608 27.8351 24.9514 24.8305 19.919 32.3624 20.1272 16.9511 16.8804 18.2733 16.4001 47.6599 14.8432 23.7162 14.4089 13.052 12.4666 12.4453 11.8135 11.3131 11.271 10.8566 18.7481 10.7114 10.675 13.678 11.908 11.0094
threshold=0.27376052737236029 0.42927937209606176 0.99212232232093822 0.32071428000926977 10.500000000000002 0.077935222536325469 7.5000000000000009 0.17354866862297061 0.84483355283737194 5.5000000000000009 0.080046538263559355 29.500000000000004 0.56711855530738842 0.76519805192947399 0.68819445371627819 17.500000000000004 0.7489004135131837 0.77638888359069835 0.098780486732721343 0.58032256364822399 0.26101143658161169 19.500000000000004 0.93687301874160778 12.500000000000002 0.36169743537902838 20.500000000000004 0.24744898080825808 0.16153182834386828 0.26773889362812048 5.5000000000000009
decision_type=2 2 2 2 2 2 2 2 2 2 2 2 2 2 2 2 2 2 2 2 2 2 2 2 2 2 2 2 2 2
left_child=6 4 3 9 17 23 8 10 26 -3 -8 -12 18 16 -5 -16 -14 22 20 21 -9 -15 -2 24 -6 -23 28 -28 -1 -30
right_child=1 2 -4 14 5 -7 7 12 -10 -11 11 -13 13 19 15 -17 -18 -19 -20 -21 -22 25 -24 -25 -26 -27 27 -29 29 -31
leaf_value=-0.0034021261785590218 0.004531497683370452 0.02795148506298388 0.029325321711413544 0.013883061434671105 0.020624330290301775 0.0021530427741023555 -0.027942536126761532 -0.0062456187407973623 0.0061253560070048179 0.0034921522841723849 -0.0071033881215226292 -0.019577045350210261 -0.02540440668186017 0.0023905669409648449 0.017761970829378235 -0.01280679009254891 -0.059598531346222922 0.021065451640919136 -0.00092191114852335212 -0.058050278455814841 0.0026134170271115316 -0.059773492593678493 0.017760770697399144 -0.0039157473554276593 -0.04247759624323131 -0.0081722487537784633 -0.0037953023977135639 0.0043488539377527944 -0.061597423559332225 -0.0040496913201594478
leaf_weight=5101.256088882219 2059.6647058536764 72.792977822478861 178.4227376091294 1602.8121496110689 91.333421715302393 9070.270044193021 122.00515688839369 2707.6031755806762 771.29579262208426 2633.6101128990995 2063.2120733731426 342.32468862785026 128.86216989683453 390.19962218310684 115.212083151564 141.22581804497167 40.48819973616628 144.61000633845106 4558.3533688639291 10.685478541301562 437.0515571605647 10.310899617616085 174.65417965129018 2625.474073976744 13.512398408027364 408.37711962679168 944.59940226946492 1135.0382505024318 16.972578349290416 16.285243201768026
leaf_count=86215 17670 392 810 9586 1084 104367 7419 83038 12816 23335 76437 25577 6581 9695 553 1167 1543 1020 88888 371 9703 536 1545 51988 192 17748 15380 11921 259 250
internal_value=-3.83808e-05 0.00343449 0.008211 0.00738587 0.0018364 0.000894676 -0.00346038 -0.00481889 -0.0015517 0.00415002 -0.0097987 -0.00887848 -0.0033708 -0.00943236 0.0120961 0.000927103 -0.0335795 0.00650782 -0.0025926 -0.00444277 -0.00501437 -0.00373461 0.00556561 -0.00328569 0.0124918 -0.00944302 -0.00237248 0.000649669 -0.00359655 -0.0334182
internal_weight=38128.5 18923.6 4744.08 4565.65 14179.5 11800.6 19204.9 11219.5 7985.45 2706.4 2527.54 2405.54 8691.93 988.923 1859.25 256.438 169.35 2378.93 7703.01 819.573 3144.65 808.888 2234.32 2730.32 104.846 418.688 7214.15 2079.64 5134.51 33.2578
internal_count=668086 213709 35843 35033 177866 157631 454377 327536 126841 23727 109433 102014 218103 36474 11306 1720 8124 20235 181629 28350 92741 27979 19215 53264 1276 18284 114025 27301 86724 509
is_linear=0
shrinkage=0.05


Tree=36
num_leaves=31
num_cat=0
split_feature=4 2 3 4 4 0 4 3 0 4 3 4 3 3 3 4 4 4 4 3 3 3 3 3 3 2 4 0 2 0
split_gain=169.697 54.3378 41.548 36.7584 28.8171 18.0549 21.1216 16.1039 14.3173 12.2003 11.3391 13.9095 11.5752 35.9341 29.1065 15.352 18.2919 14.6379 14.3625 13.7002 24.2631 21.6286 15.299 12.5442 29.2092 15.0791 12.3956 12.3179 12.224 12.0978
threshold=0.27194514870643621 0.21132376790046695 0.9878520965576173 0.14060389995574954 0.39413306117057806 3.5000000000000004 0.13283304870128634 0.85442838072776806 32.500000000000007 -0.054125083610415452 0.98738515377044689 0.26171511411666876 0.94958576560020458 0.95450368523597728 0.93874076008796703 0.19509519636631015 0.18481751531362536 0.22891256213188174 0.16103961318731311 0.94219008088111889 0.94386202096939098 0.94516494870185863 0.94804188609123241 0.60793796181678783 0.76519805192947399 0.66333335638046276 0.14728669822216037 5.5000000000000009 0.18090909719467166 41.500000000000007
decision_type=2 2 2 2 2 2 2 2 2 2 2 2 2 2 2 2 2 2 2 2 2 2 2 2 2 2 2 2 2 2
left_child=3 -2 4 5 8 6 -1 -8 -3 -7 12 -12 14 18 23 16 -15 -17 -14 -16 27 -22 -23 -5 28 26 -26 -21 -25 -30
right_child=1 2 -4 10 -6 9 7 -9 -10 -11 11 -13 13 15 19 17 -18 -19 -20 20 21 22 -24 24 25 -27 -28 -29 29 -31
leaf_value=-0.00036392152228431753 0.00097088190106335245 0.0076227509734919209 0.03696783476246962 -0.00037269154870177366 0.012331639399029303 -0.020538837647160735 -0.036609905601101687 0.031686832788016144 0.0021741740069255635 -0.0052403588209262893 0.012344190825150777 -0.050128907690705195 0.0028391617979028542 -0.0098770127970406463 0.02368754400995866 0.019637050810189426 -0.074529113745362335 -0.0097585997170488332 -0.059125292580335567 0.026594541862573221 0.058514562690354037 -0.081143383896660981 0.0071378343127623811 -0.031778260582251069 0.022675833388447433 0.038630493569911425 -0.0045456195502649862 -0.05955176975580493 -0.00026701532382982884 -0.048806451844311705
leaf_weight=3027.1064114819164 4774.8029669321841 2814.0167211454827 120.58125372626819 12991.950628522551 2059.7306706095114 132.45790175447473 64.019061980769038 9.9762346972711367 2109.5257255663164 8076.6511629470624 242.52808715426363 9.2495448044501227 11.82022504985798 85.769727509003133 180.69858766789548 95.879180882591754 12.539933470194226 75.855472148861736 44.777015140512958 5.2340860823169377 20.732530465815216 5.3540947207948184 58.846413531340659 132.67305864050286 44.954417951405048 22.910873010521755 599.79278730042279 20.026767433155328 78.531740716542117 15.345101204584351
leaf_count=42315 52568 20993 552 200188 11751 8322 845 106 17915 271107 3222 158 342 2376 1499 1510 490 1633 1549 49 191 327 1126 5342 1136 290 17162 580 1770 587
internal_value=0.000142541 0.00509572 0.00786819 -0.00211472 0.00736573 -0.00425937 -0.00100908 -0.027402 0.00528827 -0.00548721 -0.000470832 0.0100491 -0.000653453 -0.00995921 -0.000439047 -0.00236701 -0.0181237 0.00665294 -0.0461841 0.0152139 0.00131868 0.014114 -0.000224506 -0.000766952 -0.00649516 -0.00123116 -0.00264763 -0.0417021 -0.0220085 -0.00820127
internal_weight=37944.3 11878.7 7103.85 26065.7 6983.27 11310.2 3101.1 73.9953 4923.54 8209.11 14755.5 251.778 14503.7 326.642 14177.1 270.044 98.3097 171.735 56.5972 290.892 110.194 84.933 64.2005 13886.2 894.208 667.658 644.747 25.2609 226.55 93.8768
internal_count=668001 103779 51211 564222 50659 322695 43266 951 38908 279429 241527 3380 238147 7900 230247 6009 2866 3143 1891 3772 2273 1644 1453 226475 26287 18588 18298 629 7699 2357
is_linear=0
shrinkage=0.05


Tree=37
num_leaves=31
num_cat=0
split_feature=4 5 2 5 5 3 3 5 4 4 3 3 4 2 3 5 5 5 4 4 5 4 5 2 2 2 2 5 4 4
split_gain=169.525 44.9782 33.1671 24.4096 17.0638 15.3377 35.4133 22.2898 16.7455 16.4867 17.6571 19.6124 14.9652 13.9612 21.367 15.4994 15.298 15.1265 13.238 12.9084 14.0897 13.4127 12.8388 12.653 13.9954 14.39 13.4338 13.1965 12.2548 12.0857
threshold=0.28544640541076666 0.27261693775653845 0.36055555939674383 0.71603280305862438 0.24048697948455813 0.94158759713172924 0.94516494870185863 0.26208700239658361 0.0095111909322440642 0.25602841377258306 0.99151229858398449 0.99862930178642284 0.23691824823617938 0.057983193546533592 0.98775419592857372 0.17030265927314761 0.14049187302589419 0.18186008930206302 -1.0000000180025095e-35 0.21393010020256045 0.19389679282903674 0.22742015123367312 0.42401011288166052 0.32071428000926977 0.18561584502458575 0.13423423469066623 0.12372449040412904 0.20871283859014514 0.1117232032120228 0.35607822239398962
decision_type=2 2 2 2 2 2 2 2 2 2 2 2 2 2 2 2 2 2 2 2 2 2 2 2 2 2 2 2 2 2
left_child=1 5 4 29 23 -1 8 9 18 10 12 -12 13 14 16 28 -8 -17 -7 20 -19 -21 -6 24 25 26 27 -2 -15 -4
right_child=2 -3 3 -5 22 6 7 -9 -10 -11 11 -13 -14 15 -16 17 -18 19 -20 21 -22 -23 -24 -25 -26 -27 -28 -29 -30 -31
leaf_value=-0.0040660058497098582 -0.081508015168471268 0.00058496675313498311 0.0050054356205951299 0.030618342431960245 0.0020442799541534693 0.016643152345696986 0.00013387208643955915 -0.051824070633365818 0.022274160289979861 0.03198032872402206 0.020464766592451514 -0.0062096935154821592 -0.060056067636907066 -0.0040554164586488039 -0.078048067087700998 0.048690694142530543 -0.021910883014733828 -0.0761708061322032 -0.10293917818594144 0.057080314611722055 0.0016962622649002342 -0.039384791545832458 0.006822787685237211 -0.05720443173765373 0.009994636695459547 -0.063665929996563994 0.049254006410124396 -0.011405571829609482 -0.062362967661234205 0.010794489192177317
leaf_weight=16874.031523637241 7.4156972987111649 9312.1854715871159 1610.7082850383595 126.12116764648817 4445.0411821088055 4.3982592495158315 164.55369018303463 22.426806773175485 220.43017727951519 35.597644325112924 140.42578971071634 135.3075052513741 13.614222828764467 32.481250378594268 12.124736350728197 25.117632167064585 150.83533399592852 6.3559733055299139 4.88456893712282 18.276196309365336 67.562389110331424 4.4883672948926678 2055.7499494488584 14.256153287366031 65.058266695821658 15.72739072749391 8.1907818289473635 70.873177416855469 12.471603754442183 2047.7678006016649
leaf_count=417112 232 138550 13384 568 43886 133 4143 889 2422 552 1778 1946 459 1207 608 367 6387 324 109 173 1990 116 14957 160 583 277 68 1266 426 12857
internal_value=-0.000157552 -0.00223457 0.00525135 0.00899132 0.00313318 -0.00369768 0.0021035 -0.00264566 0.0195038 -0.00129935 -0.00281116 0.00737511 -0.00834138 -0.00691693 -0.0129131 0.0048599 -0.0104091 0.0141206 -0.0462804 0.0051395 -0.00499925 0.0380608 0.00355539 -0.0119872 -0.00813333 -0.0196724 -0.0116716 -0.0180458 -0.0202321 0.00824576
internal_weight=37724.5 27257.6 10466.9 3784.6 6682.31 17945.4 1071.35 841.639 229.713 819.212 783.615 275.733 507.881 494.267 327.514 166.753 315.389 121.801 9.28283 96.6829 73.9184 22.7646 6500.79 181.521 167.265 102.207 86.4797 78.2889 44.9529 3658.48
internal_count=667929 579691 88238 26809 61429 441141 24029 21365 2664 20476 19924 3724 16200 15741 11138 4603 10530 2970 242 2603 2314 289 58843 2586 2426 1843 1566 1498 1633 26241
is_linear=0
shrinkage=0.05


Tree=38
num_leaves=31
num_cat=0
split_feature=4 4 4 2 0 2 0 5 3 5 0 3 5 4 5 5 3 3 3 3 4 5 3 0 3 4 3 0 2 3
split_gain=177.873 36.0448 31.2632 23.2442 22.2783 29.8907 20.8094 22.3081 18.1082 18.035 17.5 16.3676 16.5024 16.088 15.7851 15.5338 14.5271 20.3197 16.2377 16.4104 15.5048 15.4621 14.3019 12.4241 13.0531 15.9229 11.8131 11.7565 12.0007 11.523
threshold=0.28795976936817175 0.16692163050174716 0.49836425483226782 0.16247642785310748 21.500000000000004 0.35355392098426824 4.5000000000000009 0.20871283859014514 0.97834008932113659 0.28676545619964605 4.5000000000000009 0.49660341441631323 0.60599055886268627 0.27861076593399053 0.53719589114189159 0.46480491757392889 0.92352762818336498 0.91455036401748668 0.99748456478118908 0.99646028876304638 0.16800148785114291 0.17464578151702884 0.97056031227111828 12.500000000000002 0.60793796181678783 0.29557268321514135 0.99424612522125255 43.500000000000007 0.5604878067970277 0.95660489797592174
decision_type=2 2 2 2 2 2 2 2 2 2 2 2 2 2 2 2 2 2 2 2 2 2 2 2 2 2 2 2 2 2
left_child=1 6 3 10 5 14 26 -8 11 13 -2 12 -5 -6 16 -7 17 20 19 22 -3 -22 -18 24 25 -13 29 28 -14 -1
right_child=2 4 -4 8 9 15 7 -9 -10 -11 -12 23 27 -15 -16 -17 18 -19 -20 -21 21 -23 -24 -25 -26 -27 -28 -29 -30 -31
leaf_value=-0.001171609324807935 0.022698760860234844 0.023226165803197543 0.017403398571892156 0.0062455086741967716 -0.0051780083827604739 0.0064801674260363679 -0.0076672658412195466 -0.0028606640186167676 0.023671050737227875 -0.00057562429811048752 0.00044332044270179523 0.079617058896997495 0.033106528782822442 -0.025370954921106109 0.021342913409976183 0.036431954764552833 0.012084132579340073 -0.059741096570250743 -0.04096866540259405 0.043576436590109416 -0.01215536920162167 -0.00092299616835225372 -0.011333799476799428 -0.0075451444034040395 0.0099147994748543609 -0.1130422996367694 0.01917739955823514 0.0044249034325697717 -0.017683519506322628 -0.017059302362764497
leaf_weight=4134.2229871933232 91.039942964911461 63.088872046442702 510.74911980447359 5668.1132691322127 2334.5111139231012 1622.6901012888411 5225.6719331865315 4486.3762832646025 147.98353260289878 4002.1489150248235 2967.0304958330235 1.4182815675158043 131.24647225625813 102.98881037021056 82.021236957516521 44.474823760800064 299.57214339566417 14.968882588669656 16.291857838630676 33.31092896591872 330.12160339555703 4260.7323656242806 83.335484184557572 369.85079397796653 200.39584687305614 4.3983768820762634 69.459830968175083 77.219070820137858 12.761078176554291 117.36589011340402
leaf_count=61232 685 864 2483 39710 56875 15837 199666 119259 857 57248 33866 9 502 2078 487 192 4054 447 289 183 6339 53766 1530 5248 1725 74 430 399 103 1750
internal_value=-0.00029331 -0.0023953 0.00534726 0.00471058 -0.000529204 0.00145557 -0.00416262 -0.00544691 0.00637742 -0.00264064 0.00110587 0.00598159 0.0067684 -0.0060312 -0.000417499 0.00727919 -0.000767366 -0.00157945 0.00799906 0.00991578 -0.00139238 -0.0017307 0.00698749 -0.00206223 0.0077716 -0.066066 -0.00127604 0.0201655 0.0286058 -0.00161019
internal_weight=37505.6 27323.4 10182.2 9671.46 13290.3 6850.61 14033.1 9712.05 6613.39 6439.65 3058.07 6465.4 5889.34 2437.5 5183.44 1667.16 5101.42 4668.91 432.51 416.219 4653.94 4590.85 382.908 576.063 206.213 5.81666 4321.05 221.227 144.008 4251.59
internal_count=668187 582526 85661 83178 200189 83988 382337 318925 48627 116201 34551 47770 40714 58953 67959 16029 67472 61416 6056 5767 60969 60105 5584 7056 1808 83 63412 1004 605 62982
is_linear=0
shrinkage=0.05


Tree=39
num_leaves=31
num_cat=0
split_feature=4 5 3 2 2 4 4 0 2 0 4 4 3 2 4 3 0 0 5 3 5 3 2 5 4 4 3 5 2 2
split_gain=163.148 42.3818 37.3851 39.0644 22.0313 20.5802 17.4486 16.963 12.3536 14.5559 18.4177 21.1088 13.5499 20.4215 12.1824 11.2842 11.0433 10.8084 14.2335 14.0816 13.6435 12.8458 11.1514 12.1282 10.5997 10.5606 9.61647 13.145 11.471 9.36646
threshold=0.23532772064208987 0.40493243932724005 0.99212232232093822 0.13423423469066623 0.58898946642875682 0.13062155991792682 0.4259308129549027 3.5000000000000004 0.056349206715822227 24.500000000000004 0.413582593202591 0.26363626122474676 0.80359241366386425 0.12372449040412904 0.24015530943870547 1.0000000180025095e-35 37.500000000000007 8.5000000000000018 0.45704343914985662 0.90046691894531261 0.27376052737236029 0.87864133715629589 0.74037036299705516 0.44858516752719885 -0.054125083610415452 0.28795976936817175 0.32196867465972906 0.42927937209606176 0.10990338027477266 0.053342817351222045
decision_type=2 2 2 2 2 2 2 2 2 2 2 2 2 2 2 2 2 2 2 2 2 2 2 2 2 2 2 2 2 2
left_child=5 4 3 8 -2 7 -5 -1 29 10 11 12 13 -10 -11 25 26 18 19 21 -19 -7 -22 -24 -9 -13 27 28 -16 -3
right_child=1 2 -4 6 -6 17 -8 24 9 14 -12 15 -14 -15 16 -17 -18 20 -20 -21 22 -23 23 -25 -26 -27 -28 -29 -30 -31
leaf_value=-0.0013291025642158992 0.0013760062359785606 0.0032309301888375874 0.030659765804250713 0.0069340348825710219 0.0094355593689799677 -9.4727262146095416e-05 0.014350307559142256 -0.02014049295206774 -0.065890398666226146 0.042788360993954291 0.0072779673024566689 -0.092389565630737691 0.05888627410625618 0.041552124941209995 -0.061417002451907669 -0.074682007075212359 -0.0092326724265195063 -0.004266273916342273 0.034624246803721163 0.011570994113423284 -0.00051802865728497842 -0.058894828173488512 0.030357638500646367 -0.10641571776929289 -0.0055488262001223143 -0.02526013912704175 -0.018448046837860506 0.023461955095841119 0.019054797774290508 0.042687690446946577
leaf_weight=2999.8628120890353 9687.1751019980293 353.88268670835532 171.02375612198375 2686.8239827184007 929.26669195806608 2839.9784876181511 1125.2626275641378 126.69505372928688 9.7716557532548958 14.632949111051856 43.888398095965385 6.5739320563152424 8.6835684035904688 8.0791582404635829 9.4695966495201009 21.582883977796882 279.73753786412999 4399.9426177580608 31.330941341351718 274.47983293072321 4011.9865606322419 9.3189555862918478 41.523318174760789 1.6866446300409723 7048.3220168545959 53.849778330884874 26.501212705858052 85.407350944820791 8.3187995338812453 15.708511698059736
leaf_count=41862 109424 3897 761 19035 9082 34983 6121 8321 144 128 287 104 61 45 164 405 3406 109590 143 3237 64626 315 636 46 248957 472 467 540 72 103
internal_value=-5.25675e-05 0.00386038 0.00769177 0.00686623 0.00208147 -0.0028448 0.00912319 -0.00448642 -0.00222779 -0.0068025 -0.0200543 -0.031106 0.00765765 -0.0172626 -0.0020392 -0.0436485 -0.00364131 -0.00140614 0.00109123 0.000754901 -0.00233806 -0.00028704 -0.000245921 0.0250189 -0.00580648 -0.0325636 0.00841844 0.0153179 -0.0237841 0.00490794
internal_weight=37330.8 15545.6 4929.2 4758.17 10616.4 21785.1 3812.09 10174.9 946.088 576.497 152.429 108.541 26.5344 17.8508 424.067 82.0066 409.434 11610.2 3155.11 3123.78 8455.14 2849.3 4055.2 43.21 7175.02 60.4237 129.697 103.196 17.7884 369.591
internal_count=667434 154718 36212 35451 118506 512716 25156 299140 10295 6295 1518 1231 250 189 4777 981 4649 213576 38678 38535 174898 35298 65308 682 257278 576 1243 776 236 4000
is_linear=0
shrinkage=0.05


Tree=40
num_leaves=31
num_cat=0
split_feature=4 4 2 3 5 5 3 3 3 3 3 3 3 1 3 2 2 3 5 3 2 4 2 4 4 5 4 2 3 4
split_gain=147.104 39.2337 26.9328 31.8748 19.5593 17.4558 14.9456 13.2984 17.7864 14.3923 38.2605 22.4904 24.2793 20.3833 16.4247 12.6058 12.5168 12.4967 12.1263 11.8703 14.7188 13.1114 11.5605 11.2471 10.5677 10.5226 10.3228 14.055 10.3197 18.4732
threshold=0.31942288577556616 0.15302510559558871 0.2674796879291535 0.99313899874687206 0.33661040663719183 0.56210488080978405 0.6593613624572755 0.89575240015983593 1.0000000180025095e-35 0.76519805192947399 0.7489004135131837 0.82275944948196422 0.83443289995193493 1.0000000180025095e-35 0.6930561661720277 0.10300619155168535 0.27055180072784429 0.87190842628479015 0.32074369490146643 0.90195810794830333 0.46076923608779913 0.11051110923290254 0.27055180072784429 0.14392619580030444 0.13166315108537677 0.34058488905429846 0.49836425483226782 0.38047619163990026 0.60793796181678783 -0.018758168444037434
decision_type=2 2 2 2 2 2 2 2 2 2 2 2 2 2 2 2 2 2 2 2 2 2 2 2 2 2 2 2 2 2
left_child=1 7 -2 4 16 15 -7 8 18 10 13 -11 -13 28 -15 -3 -4 -14 -1 21 -21 -9 -6 -12 -19 -24 27 -27 29 -10
right_child=2 5 3 -5 22 6 -8 19 9 11 23 12 17 14 -16 -17 -18 24 -20 20 -22 -23 25 -25 -26 26 -28 -29 -30 -31
leaf_value=-0.0041092580993428952 0.0029998527365218183 -0.0021197597288065968 0.059990487054863519 0.04370252592424223 -0.056839601811023481 0.016350294043012172 -0.0056621444529581493 0.0023359472348378901 -0.081882194017202078 0.012672025195121948 -0.057751720478759094 -0.046853298687841674 0.0021805059714643175 -0.02673364801873504 0.0085850949096769585 0.00071281511742570143 0.00096573320901430627 -0.045009273244670939 0.0027835556287975137 -0.0013874265094141326 0.026485875908540613 0.042311023903160057 0.028042826455986904 0.031402354755139653 0.011638526835625723 0.013842644816819488 0.017747934586634796 0.0061916867841639162 -0.011926852193875728 0.015745150233089478
leaf_weight=9928.1913028673152 3381.9295116204303 6150.9498809569632 9.0824103774502856 65.331258431309834 6.3978585749864569 284.49513780325651 105.78331423550844 46.741976833669469 5.0866850120946756 134.49223428813275 60.715383948176168 43.258367537870072 136.69742197310552 202.94546779978555 39.290261628455482 10867.306808949332 810.8251416538842 29.647964605246671 681.90835867496207 856.02069651515922 50.136496646562591 36.552721570362337 82.641756856348366 3.7563655318226656 11.398105190601198 921.69116874178872 372.7553014815785 1721.2229594700038 88.810614550427999 102.19427620188799
leaf_count=271644 30771 118672 37 259 82 1579 1194 1426 460 6881 2533 2181 5274 8973 2385 138431 6422 1863 12223 25932 532 542 466 116 368 5441 1761 11998 4323 3323
internal_value=-4.29307e-05 -0.00160423 0.00628249 0.00906489 0.0084883 -7.12028e-05 0.0103839 -0.00374646 -0.0042263 -0.0111495 -0.0165937 -0.00344933 -0.0132601 -0.011304 -0.021005 -0.000310969 0.00161957 -0.00508433 -0.00366626 0.00181516 0.000154767 0.0198785 0.0103022 -0.0525573 -0.0292787 0.0104409 0.0099585 0.00885989 0.000679908 0.0111162
internal_weight=37238.3 29866.4 7371.88 3989.95 3924.62 17408.5 390.278 12457.8 11468.4 858.293 502.799 355.494 221.002 438.327 242.236 17018.3 819.908 177.743 10610.1 989.452 906.157 83.2947 3104.71 64.4717 41.0461 3098.31 3015.67 2642.91 196.092 107.281
internal_count=668092 610855 57237 26466 26207 259876 2773 350979 322547 38680 22113 16567 9686 19464 11358 257103 6459 7505 283867 28432 26464 1968 19748 2649 2231 19666 19200 17439 8106 3783
is_linear=0
shrinkage=0.05


Tree=41
num_leaves=31
num_cat=0
split_feature=5 4 4 2 3 3 3 3 3 3 5 3 3 3 2 3 5 3 4 4 3 3 3 2 4 4 3 2 5 3
split_gain=146.726 35.1763 30.9496 20.4459 16.8129 15.101 31.5475 15.5512 14.0526 44.3685 22.3411 17.6788 17.3924 14.3501 13.22 12.8094 11.5865 11.5837 14.2873 11.5313 10.9545 20.3934 10.8768 10.67 13.3772 24.4075 16.2193 12.6795 12.6271 14.3749
threshold=0.33441087603569036 0.3671001940965653 0.20038859546184543 0.29217478632926946 0.96128180623054515 0.86971682310104381 0.60793796181678783 0.87190842628479015 0.76519805192947399 0.7489004135131837 0.17030265927314761 0.70668020844459545 0.85707938671112072 0.71876788139343273 0.3299319744110108 0.89575240015983593 0.28144934773445135 0.99212232232093822 0.13953799009323123 -0.06286457926034926 0.6930561661720277 0.80859315395355236 0.79217502474784862 0.098780486732721343 0.10714648291468622 0.10486816987395288 0.32196867465972906 0.70106381177902233 1.0000000180025095e-35 0.32196867465972906
decision_type=2 2 2 2 2 2 2 2 2 2 2 2 2 2 2 2 2 2 2 2 2 2 2 2 2 2 2 2 2 2
left_child=2 17 5 -3 20 6 23 -7 9 11 -10 14 -12 -13 -8 -9 -16 -2 -19 -17 -5 22 -22 28 25 26 -25 -27 -1 -30
right_child=1 3 -4 4 -6 7 8 15 10 -11 12 13 -14 -15 16 19 -18 18 -20 -21 21 -23 -24 24 -26 27 -28 -29 29 -31
leaf_value=0.00026533189166865671 0.0025027441289868749 0.0043119408969087688 0.00012432532635163083 0.012107992666376501 0.033675587149782714 0.029948139304470867 -0.024746292003458844 -0.025505386252914403 -0.021197743759304128 -0.058589146750862166 0.008740852665800462 0.04890656382005111 -0.043696101158743381 -0.0059015629328612951 0.02024935869765225 -0.073056106894972814 -0.094941919045440901 -0.10196000753633981 0.017976542977627599 0.0018019872601101616 -0.023077711727048339 0.0090806131217709887 -0.11064043569984355 -0.0037453110197066619 -0.00019958124202284428 -0.045769277785140484 -0.046525344920754025 0.034986451322412113 -0.0057688028953146115 0.014423747339036839
leaf_weight=1107.8459143337095 7757.2271026622038 1518.923462765757 9430.5833946730709 1847.4874000232667 85.268987453309819 46.609924364951439 170.67349250207189 45.505139054264873 164.00277026410913 66.126886854181066 173.55079488910269 18.336387338815257 17.398717886535451 34.250623376108706 27.744857562473047 5.165588669711723 2.3694250811822704 2.5228015314787617 157.64164830045775 1258.5730774922413 38.832766890292987 121.54853880754672 3.9029653039760879 2162.7194747697213 4061.2117261667736 49.723715166910551 22.385192163754255 5.3872975638369089 6586.8299424661673 89.332932433113456
leaf_count=13818 86895 11629 129625 10606 422 1352 8554 2722 7326 3056 7295 721 1072 2387 680 612 78 79 972 34074 447 1016 90 64949 75991 1698 1255 66 195616 3215
internal_value=-3.7375e-05 0.00464367 -0.00215072 0.00872965 0.0119295 -0.00348202 -0.00394591 0.00156788 -0.0145097 -0.0221168 -0.00766233 -0.0125981 0.00396296 0.0132093 -0.0193571 0.000557519 0.011186 0.00277755 0.0160874 0.001496 0.0110078 -0.00136508 -0.0310746 -0.00344008 -0.00191059 -0.00501241 -0.00418357 -0.0378751 -0.00467827 -0.00549861
internal_weight=37079.7 11533.4 25546.3 3615.96 2097.04 16115.7 14759.9 1355.85 674.454 319.502 354.952 253.375 190.95 52.587 200.788 1309.24 30.1143 7917.39 160.164 1263.74 2011.77 164.284 42.7357 14085.4 6301.43 2240.22 2185.1 55.111 7784.01 6676.16
internal_count=668318 112156 556162 24210 12581 426537 387777 38760 31169 15476 15693 12420 8367 3108 9312 37408 758 87946 1051 34686 12159 1553 537 356608 143959 67968 66204 1764 212649 198831
is_linear=0
shrinkage=0.05


Tree=42
num_leaves=31
num_cat=0
split_feature=4 5 2 0 5 3 3 5 3 3 5 0 0 5 0 0 3 5 3 0 5 3 4 5 3 5 0 2 3 3
split_gain=132.336 44.9862 29.8868 16.079 15.4052 15.3678 23.4995 14.2789 13.6872 57.7744 13.8236 14.7975 12.8856 12.5118 13.2777 14.0814 12.3163 12.0439 15.8172 13.4741 12.0087 11.2929 11.2312 12.202 11.1515 11.2972 11.6581 10.9739 11.1204 10.8881
threshold=0.21121312677860263 0.5145511031150819 0.44058823585510259 18.500000000000004 0.36169743537902838 0.49660341441631323 0.99862930178642284 0.19489932060241702 0.76519805192947399 0.7489004135131837 0.29085536301136022 16.500000000000004 38.500000000000007 0.48546127974987036 25.500000000000004 19.500000000000004 0.32196867465972906 0.71603280305862438 0.99424612522125255 6.5000000000000009 0.20082833617925647 0.6593613624572755 0.413582593202591 0.71603280305862438 0.99862930178642284 0.31378386914730078 1.0000000180025095e-35 0.2639319002628327 0.98052415251731884 0.89732640981674205
decision_type=2 2 2 2 2 2 2 2 2 2 2 2 2 2 2 2 2 2 2 2 2 2 2 2 2 2 2 2 2 2
left_child=8 2 7 -4 -5 16 17 -2 9 10 11 -1 24 -6 15 -15 22 -7 19 -19 -14 -13 23 -3 -10 26 -26 -22 -29 -9
right_child=1 5 3 4 13 6 -8 29 12 -11 -12 21 20 14 -16 -17 -18 18 -20 -21 27 -23 -24 -25 25 -27 -28 28 -30 -31
leaf_value=-0.0027456028426171377 -0.010045713921069675 0.0066701317946423052 0.010141682369152742 -0.0018004302561193378 0.009550117044835495 0.0037911631717626802 0.027874857919720816 0.00097320337057998354 0.003864247081951812 -0.047308040554519593 -8.2858453412571809e-05 -0.0059414844050272126 -0.032766340777622048 0.026506155066168102 -0.0033428989223989558 -0.10173698897453094 0.046689407983480535 0.036020064028981162 -0.15970797406316573 -0.019377630479135766 -0.0020391605811582538 -0.026486684299125918 0.01859760224952705 0.027038491571471271 -0.099606405479299068 -0.093594242644524331 -0.0063572675687480892 -0.081662343043713267 0.0024744229909474127 0.0060830206845830957
leaf_weight=9342.661532903323 277.04952825442888 664.78276780503802 1583.3521455849987 819.04357551736757 811.59779864014126 222.57073897030205 74.715868778526783 11745.236671581864 1555.7007708079182 74.608271626202622 2915.1480290987529 4350.4412859958829 42.663967153115664 3.0283320378512126 68.760897482279688 7.3012408697977662 27.407583570107818 12.255808982998131 1.8818881567567576 105.13705569738522 276.13244130660314 67.928444326214958 501.09308014158159 82.672934697009623 3.4615576348733148 4.1264350491110227 105.69808909727726 8.9398025372065586 7.0041454310994586 1144.0620588241145
leaf_count=188194 5078 4275 12432 10399 6407 2367 346 134018 43851 3391 48939 166075 4185 11 571 109 79 56 40 1151 11074 4241 2298 354 50 96 1464 467 130 15910
internal_value=5.74623e-06 0.00304908 0.00225089 0.00651112 0.00314893 0.0108114 0.00247285 0.00118535 -0.00293981 -0.00340698 -0.00321057 -0.00387315 0.000965662 0.00770018 -0.0112833 -0.0641398 0.0135336 -0.00307918 -0.0158995 -0.0135941 -0.00798749 -0.00625735 0.0128058 0.00892299 0.00276135 -0.0123842 -0.00931429 -0.00436801 -0.0447012 0.00142675
internal_weight=36906.5 18151.9 16459.4 3293.08 1709.73 1692.52 416.561 13166.3 18754.5 16750.8 16676.2 13761 2003.73 890.688 79.0905 10.3296 1275.96 341.845 119.275 117.393 334.74 4418.37 1248.55 747.456 1668.99 113.286 109.16 292.076 15.9439 12889.3
internal_count=668058 195901 184935 29929 17497 10966 3960 155006 472157 410840 407449 358510 61317 7098 691 120 7006 3614 1247 1207 15856 170316 6927 4629 45461 1610 1514 11671 597 149928
is_linear=0
shrinkage=0.05


Tree=43
num_leaves=31
num_cat=0
split_feature=5 4 3 2 2 5 3 3 2 2 3 5 3 4 3 4 5 5 5 2 5 5 3 3 2 4 2 2 4 4
split_gain=129.903 49.7212 20.1035 19.1073 18.2834 13.2521 13.7621 13.2056 26.6036 17.9587 14.8982 13.0869 13.0816 12.5025 16.9034 11.2699 10.7047 10.2377 10.006 9.60487 11.7425 9.36394 9.17015 16.3025 8.74718 13.036 13.803 8.80271 8.64128 8.63403
threshold=0.28676545619964605 0.35100923478603369 0.99212232232093822 0.44058823585510259 0.28730159997940069 0.46480491757392889 0.99933725595474254 0.99424612522125255 0.18834459781646731 0.3299319744110108 0.99438166618347179 0.40493243932724005 0.98956918716430675 0.4259308129549027 0.49660341441631323 0.24015530943870547 0.2521179616451264 0.20871283859014514 0.39687544107437139 0.77638888359069835 0.34058488905429846 0.28945223987102514 0.99646028876304638 0.99822261929512035 0.098780486732721343 0.2657285630702973 0.072299651801586165 0.089898992329835906 0.2385118901729584 0.24362508207559588
decision_type=2 2 2 2 2 2 2 2 2 2 2 2 2 2 2 2 2 2 2 2 2 2 2 2 2 2 2 2 2 2
left_child=3 5 4 7 -3 6 12 17 10 -10 -9 13 19 18 -15 28 -11 -1 -6 -2 21 -21 -12 -24 25 26 -14 -27 -5 -25
right_child=1 2 -4 15 11 -7 -8 8 9 16 22 -13 24 14 -16 -17 -18 -19 -20 20 -22 -23 23 29 -26 27 -28 -29 -30 -31
leaf_value=-0.0044399400764659402 0.00065277461177272781 0.0036313382490755402 0.028894867746950686 -0.00014859912348124752 0.0097269686853658499 0.006029820470012201 -0.052653866764937253 0.0612237629894462 -0.056124301239088827 -0.013562295663534936 -0.015043119359155286 0.012730447621165786 0.030225979728713243 -0.0019042249884923951 -0.065548615334072177 0.0076528326681642896 0.066682416750029561 -0.0020044565722347192 -0.014636365895095855 0.05106187743775608 0.025926701582622676 -0.0078373261548079897 0.037898391406305909 0.0059855944264820627 0.027551888769059299 -0.085077659416875118 -0.081120616646355337 0.025423651678613962 -0.050578416085578906 -0.10079925051270684
leaf_weight=9771.7709131318552 10211.979965518927 2097.7978291804902 108.3241069149226 1714.094408846111 758.99960474716499 1470.3281847119797 11.955157640855758 17.263950960244983 23.44875239697285 16.367332236841325 25.698658363195136 1593.4497405891307 21.434254963882271 208.71935073425993 10.981550734024493 581.30080619407818 5.5705666095018378 7726.8043501226348 44.620865311939269 7.5401864480227223 83.524339326191694 64.23565684328787 57.887863134266809 84.143716476741247 76.255035645794123 6.5177377685904485 3.1986385174095622 2.4911195170134306 8.5369139201939088 1.9364936505444337
leaf_count=272794 137294 17325 512 31310 5481 13023 364 141 450 176 353 9290 202 1383 199 5913 21 166373 397 62 803 1035 536 1466 490 135 62 13 176 71
internal_value=6.75605e-05 0.0033126 0.00759825 -0.00265068 0.00710893 0.00158433 0.000961177 -0.00320728 0.00863526 -0.0257028 0.0169725 0.00989683 0.00102236 0.0054845 -0.00508543 0.0016329 0.00681379 -0.00336451 0.0083742 0.000840453 0.0131815 -0.00164985 0.0124699 0.017381 0.0181824 -0.00305527 0.0157674 -0.054522 -0.000398516 0.00358332
internal_weight=36817.2 16782.4 4822.89 20034.8 4714.57 11959.5 10489.1 17730.9 232.317 45.3867 186.931 2616.77 10477.2 1023.32 219.701 2303.93 21.9379 17498.6 803.62 10367.3 155.3 71.7758 169.667 143.968 109.897 33.6418 24.6329 9.00886 1722.63 86.0802
internal_count=667850 188070 34587 479780 34075 153483 140460 442381 3214 647 2567 16750 140096 7460 1582 37399 197 439167 5878 139194 1900 1097 2426 2073 902 412 264 148 31486 1537
is_linear=0
shrinkage=0.05


Tree=44
num_leaves=31
num_cat=0
split_feature=5 4 4 3 2 3 2 5 0 4 0 4 2 2 5 5 0 4 3 0 5 2 4 2 2 5 4 4 4 2
split_gain=112.835 26.7953 21.9953 20.645 16.2792 15.142 14.8884 14.5346 18.8876 14.4583 12.9338 17.9764 12.1732 23.94 17.4602 11.6986 14.5881 11.1496 10.9904 13.2028 12.5507 10.9053 10.5263 11.6017 20.6709 13.9786 26.0546 19.609 12.9473 11.1107
threshold=0.33441087603569036 0.34222623705863958 0.28544640541076666 0.98083293437957775 0.29217478632926946 0.97089171409606945 0.91652175784111034 0.42401011288166052 33.500000000000007 -1.0000000180025095e-35 4.5000000000000009 0.25973078608512884 0.11834733933210374 0.037749288603663451 0.60599055886268627 0.33861552178859716 5.5000000000000009 0.17992749810218814 0.95907518267631542 5.5000000000000009 0.28945223987102514 0.67006802558898937 0.29557268321514135 0.54027026891708385 0.48683299124240881 0.28277565538883215 0.3671001940965653 0.33772528171539312 0.40289413928985601 0.021980676800012592
decision_type=2 2 2 2 2 2 2 2 2 2 2 2 2 2 2 2 2 2 2 2 2 2 2 2 2 2 2 2 2 2
left_child=2 6 3 9 -3 -6 7 15 12 -1 -5 -12 13 -9 -15 16 -2 -17 22 -20 -21 -18 -4 24 29 27 -27 -26 -28 -24
right_child=1 4 18 10 5 -7 -8 8 -10 -11 11 -13 -14 14 -16 17 21 -19 19 20 -22 -23 23 -25 25 26 28 -29 -30 -31
leaf_value=-0.008092015143824148 0.04728897528285031 0.0038053875534216049 0.0085118841568197646 0.022132190294354287 0.0091352994299808681 0.032841750088326786 0.036337194995171032 0.020422519751099169 0.00083384005469379092 -0.0023778132389280652 0.0049865772726461286 -0.068316071243868667 0.012869202273955164 -0.018174614243018052 0.020753731647357901 -0.0063412346227812791 0.0072563407483179736 0.00068786281695967615 0.040586920665411079 -0.0046998536902931425 -0.053904009088463371 -0.081554600772755878 -0.0090856555198786989 0.0097031627259346748 0.01922256105550979 -0.055510649262076939 0.022931065638105874 -0.065033143376860322 -0.089025526832778951 0.0021313915212533441
leaf_weight=1170.4923152897099 23.252543550916016 2091.4410423153313 569.46080468676519 123.25818302406697 2399.332901056041 69.303725432837382 31.619073820766062 99.347494052024558 1208.3101368455682 20405.290658118582 286.0657266471535 8.6157121853902918 836.38297662185505 141.2088827395346 36.185608232859522 673.23062011657748 328.37382719805464 3482.1623273011646 7.9856864511966696 26.823845047038049 25.075055275810882 3.4933266495354465 250.0611426854739 333.55644847499207 33.39907376235351 48.217702649068087 20.444175861310217 8.7054445394314808 2.9557289257645598 1884.101839465322
leaf_count=45531 127 16585 6249 1029 15520 350 229 905 13328 469437 6064 276 5849 1860 247 13584 4113 39491 67 449 559 77 4285 3211 259 539 125 99 49 17880
internal_value=-4.1942e-05 0.00408019 -0.00191025 -0.0024746 0.00705107 0.00980083 0.00210637 0.00194794 0.00516259 -0.00268781 0.00853202 0.0028434 0.0098615 0.000771461 -0.0102339 0.000293452 0.00900396 -0.000450947 0.00195556 -0.0192637 -0.0284729 0.00632149 0.00235884 0.00100149 -0.000289722 -0.0210606 -0.0345016 0.00180202 0.00878941 0.000817083
internal_weight=36628.2 11423.6 25204.5 21993.7 4560.08 2468.64 6863.57 6831.95 2321.44 21575.8 417.94 294.681 1113.12 276.742 177.394 4510.51 355.12 4155.39 3210.79 59.8846 51.8989 331.867 3150.9 2581.44 2247.89 113.722 71.6176 42.1045 23.3999 2134.16
internal_count=668373 112265 556108 522337 32455 15870 79810 79581 22189 514968 7369 6340 8861 3012 2107 57392 4317 53075 33771 1075 1008 4190 32696 26447 23236 1071 713 358 174 22165
is_linear=0
shrinkage=0.05


Tree=45
num_leaves=31
num_cat=0
split_feature=4 4 5 2 0 3 0 5 4 0 5 3 3 2 3 2 2 0 3 3 2 2 4 4 2 0 0 2 2 0
split_gain=110.037 35.9821 23.7508 22.3295 21.5859 20.415 16.2703 15.4318 14.1982 12.6541 12.6481 10.9526 10.5458 14.3514 13.5203 13.1683 23.3591 10.4347 10.2495 19.0467 11.2046 17.8734 13.9262 12.8623 11.0696 11.7981 14.3844 10.0643 13.4344 9.92045
threshold=0.31942288577556616 0.13166315108537677 0.46480491757392889 0.15849281847476962 33.500000000000007 0.99862930178642284 4.5000000000000009 0.20871283859014514 0.39413306117057806 3.5000000000000004 0.20671134442090991 0.97751167416572582 0.97875431180000316 0.69397994875907909 0.89017924666404735 0.17902930825948718 0.2152509689331055 20.500000000000004 0.99862930178642284 0.99212232232093822 0.35067567229270941 0.12632978707551959 0.16452564299106601 0.14060389995574954 0.3366666734218598 4.5000000000000009 5.5000000000000009 0.079473681747913374 0.4205263108015061 26.500000000000004
decision_type=2 2 2 2 2 2 2 2 2 2 2 2 2 2 2 2 2 2 2 2 2 2 2 2 2 2 2 2 2 2
left_child=1 6 18 9 11 8 -1 10 -5 -2 29 -4 13 14 -6 -16 -17 -12 19 -3 21 22 23 -20 25 -21 -27 -13 -29 -8
right_child=3 2 4 5 12 -7 7 -9 -10 -11 17 27 -14 -15 15 16 -18 -19 20 24 -22 -23 -24 -25 -26 26 -28 28 -30 -31
leaf_value=-0.0010050508686206608 0.032304637067598049 -0.00047053654161045361 0.015368488499601086 0.0048274655732625984 0.0012486048959032283 0.038439793009157973 -0.0056133665515825971 -0.0019721287669706173 0.010097019633712088 0.00054799132877003643 -0.062630868304633242 0.026052105232050607 0.024739103168068405 -0.098780343457749012 -0.057017294057865903 0.046274140204889132 -0.10497434390343047 -0.013127620623604622 -0.085900820797268906 0.056056365595142113 0.01138123512716209 -0.076366111037571363 -0.051610635069710989 0.039792511367794117 -0.073652076912449072 -0.11724497340144049 0.015878945362555588 -0.11535730962349125 0.016728662591152851 -0.012189702363943013
leaf_weight=3705.1053020354884 31.893381646368653 17955.313774050213 530.79921042337082 3059.5250131736975 497.21369399584364 52.243261591065675 3266.6096146935597 2368.5765140826697 2195.5991324199131 1908.2606427571736 18.273293413920328 4.8373621050268403 41.205834612250328 3.765539674088358 20.191309187444858 9.8478440046310407 3.4460789365693918 25.500828444375657 2.401589305605742 18.875234100967646 19.038003153167665 16.124229851877317 11.579213350196367 13.345341969048603 3.2893940610811105 2.0610062759369603 131.41203032014892 5.0465026400051993 3.112287063151598 695.56922642051359
leaf_count=56687 222 296614 3741 23045 4765 231 119546 74411 13263 20431 788 34 258 72 535 70 113 1489 58 78 170 405 364 151 72 33 1377 79 21 48798
internal_value=0.000142613 -0.00121884 4.60872e-05 0.00566028 0.00711453 0.00733829 -0.00363998 -0.00517149 0.00702909 0.00107003 -0.00706316 0.0142582 0.00036645 -0.00151262 -0.000822462 -0.0315752 0.00706719 -0.0337925 -0.000389322 -0.000319574 -0.0206044 -0.034619 -0.00998547 0.0206228 0.0170964 0.0190558 0.0138233 -0.031091 -0.0649712 -0.00676786
internal_weight=36620.1 29372.5 19292.9 7247.52 1119.47 5307.37 10079.6 6374.53 5255.12 1940.15 4005.95 543.795 575.67 534.464 530.699 33.4852 13.2939 43.7741 18173.4 18111 62.4884 43.4504 27.3261 15.7469 155.638 152.348 133.473 12.9962 8.15879 3962.18
internal_count=667921 610729 309010 57192 9688 36539 301719 245032 36308 20653 170621 3875 5813 5555 5483 718 183 2277 299322 298174 1148 978 573 209 1560 1488 1410 134 100 168344
is_linear=0
shrinkage=0.05


Tree=46
num_leaves=31
num_cat=0
split_feature=4 2 5 4 0 2 0 2 2 2 0 4 2 0 5 5 5 4 5 2 4 2 5 4 5 4 5 2 5 5
split_gain=108.594 49.999 25.9519 24.5831 17.0859 13.796 12.3061 14.6991 14.209 13.5522 11.7251 11.8518 17.1758 15.391 16.3196 15.0232 10.6923 10.6859 17.0165 12.9966 10.5765 15.6751 18.5914 11.9225 11.3098 13.1223 10.4563 10.5212 12.4574 10.8241
threshold=0.27194514870643621 0.22335600852966311 0.56210488080978405 0.099348664283752455 4.5000000000000009 0.022991543635725979 3.5000000000000004 0.077935222536325469 0.089898992329835906 0.091966174542903914 22.500000000000004 0.28795976936817175 0.83503401279449474 29.500000000000004 0.45704343914985662 0.44858516752719885 0.46480491757392889 0.35607822239398962 0.71603280305862438 0.25265957415103918 0.27861076593399053 0.31339286267757421 0.22551655024290088 0.31612667441368109 0.46480491757392889 0.29557268321514135 0.23444020003080371 0.72111111879348766 0.27376052737236029 0.26903411746025091
decision_type=2 2 2 2 2 2 2 2 2 2 2 2 2 2 2 2 2 2 2 2 2 2 2 2 2 2 2 2 2 2
left_child=3 6 10 4 -1 -6 -2 -8 -9 -10 20 12 13 15 -15 -12 -5 18 19 -4 21 -3 -23 24 25 -22 -13 29 -29 -28
right_child=1 2 17 16 5 -7 7 8 9 -11 11 26 -14 14 -16 -17 -18 -19 -20 -21 23 22 -24 -25 -26 -27 27 28 -30 -31
leaf_value=-0.0016019330821825349 0.020798315473802897 0.041487997612619121 0.031861996525189062 -0.0011629328986289377 -0.010148715181544284 -0.0042127168478777385 -0.0038292633847840799 0.011967981992703006 -0.023307528780148495 0.0012858384300002091 0.017234666620023636 -0.037171243263398261 0.063316648865560127 -0.01720108818176775 0.019467669896288772 -0.098194831286491452 0.0051815620277752931 0.019769826214114692 0.027605929576939831 -0.022045294891354414 0.0070921424933238072 -0.069467865949772584 0.01478803171767186 0.009992995490792465 0.024408304749795912 -0.006861954712514981 0.019722927959766517 -0.086996356057702298 -0.0046202026934562988 0.0051650744491037667
leaf_weight=3184.9390674289607 71.282886541914195 58.361384222982451 13.792291258461772 17011.551967697917 1579.3044032822945 2574.3927895280649 1728.6313496775692 316.00464091415051 57.177716137841344 2757.9646746438229 75.233543412294239 14.683978445362298 9.0204320102930051 229.22738256398588 34.972063235007226 2.9285486238077274 691.05317732389085 501.73714443179779 43.773185099475086 59.051682258024812 357.67127014882863 6.9987575402483335 101.45689210714772 1585.2623992795125 53.46150983357802 318.51419943990186 134.0612484596204 4.7189550986513487 167.29032095370349 2684.1742643062025
leaf_count=49031 556 325 69 330304 76637 101602 24860 3350 684 25724 633 256 52 2909 229 37 6716 2398 241 489 2875 120 771 10587 268 2824 1085 84 1712 20686
internal_value=-8.30098e-05 0.00396522 0.00686065 -0.00192393 -0.0043571 -0.00646968 0.00017415 -0.000128364 0.00191481 0.000786328 0.00582897 0.00390215 -0.00478663 -0.00658099 -0.0123472 0.0129098 -0.000915264 0.016601 0.0029673 -0.0118385 0.00843482 0.0205942 0.00935091 0.00755859 0.0022695 0.000519126 0.00491818 0.00512486 -0.00688014 0.00585758
internal_weight=36428.7 11387.5 6456.39 25041.2 7338.64 4153.7 4931.06 4859.78 3131.15 2815.14 5838.04 3356.31 351.382 342.362 264.199 78.1621 17702.6 618.354 116.617 72.844 2481.73 166.817 108.456 2314.91 729.647 676.185 3004.93 2990.24 172.009 2818.24
internal_count=668114 103824 48650 564290 227270 178239 55174 54618 29758 26408 45453 27683 3860 3808 3138 670 337020 3197 799 558 17770 1216 891 16554 5967 5699 23823 23567 1796 21771
is_linear=0
shrinkage=0.05


end of trees

feature_importances:
article_popularity=357
emb_max_sim=304
emb_score=274
cat_affinity=264
user_click_count=203
category_match=8

parameters:
[boosting: gbdt]
[objective: lambdarank]
[metric: ndcg]
[tree_learner: serial]
[device_type: cpu]
[data_sample_strategy: bagging]
[data: ]
[valid: ]
[num_iterations: 500]
[learning_rate: 0.05]
[num_leaves: 31]
[num_threads: 0]
[seed: 42]
[deterministic: 0]
[force_col_wise: 0]
[force_row_wise: 0]
[histogram_pool_size: -1]
[max_depth: -1]
[min_data_in_leaf: 20]
[min_sum_hessian_in_leaf: 0.001]
[bagging_fraction: 0.9]
[pos_bagging_fraction: 1]
[neg_bagging_fraction: 1]
[bagging_freq: 1]
[bagging_seed: 400]
[bagging_by_query: 0]
[feature_fraction: 0.9]
[feature_fraction_bynode: 1]
[feature_fraction_seed: 30056]
[extra_trees: 0]
[extra_seed: 12879]
[early_stopping_round: 0]
[early_stopping_min_delta: 0]
[first_metric_only: 0]
[max_delta_step: 0]
[lambda_l1: 0]
[lambda_l2: 0]
[linear_lambda: 0]
[min_gain_to_split: 0]
[drop_rate: 0.1]
[max_drop: 50]
[skip_drop: 0.5]
[xgboost_dart_mode: 0]
[uniform_drop: 0]
[drop_seed: 17869]
[top_rate: 0.2]
[other_rate: 0.1]
[min_data_per_group: 100]
[max_cat_threshold: 32]
[cat_l2: 10]
[cat_smooth: 10]
[max_cat_to_onehot: 4]
[top_k: 20]
[monotone_constraints: ]
[monotone_constraints_method: basic]
[monotone_penalty: 0]
[feature_contri: ]
[forcedsplits_filename: ]
[refit_decay_rate: 0.9]
[cegb_tradeoff: 1]
[cegb_penalty_split: 0]
[cegb_penalty_feature_lazy: ]
[cegb_penalty_feature_coupled: ]
[path_smooth: 0]
[interaction_constraints: ]
[verbosity: -1]
[saved_feature_importance_type: 0]
[use_quantized_grad: 0]
[num_grad_quant_bins: 4]
[quant_train_renew_leaf: 0]
[stochastic_rounding: 1]
[linear_tree: 0]
[max_bin: 255]
[max_bin_by_feature: ]
[min_data_in_bin: 3]
[bin_construct_sample_cnt: 200000]
[data_random_seed: 175]
[is_enable_sparse: 1]
[enable_bundle: 1]
[use_missing: 1]
[zero_as_missing: 0]
[feature_pre_filter: 1]
[pre_partition: 0]
[two_round: 0]
[header: 0]
[label_column: ]
[weight_column: ]
[group_column: ]
[ignore_column: ]
[categorical_feature: ]
[forcedbins_filename: ]
[precise_float_parser: 0]
[parser_config_file: ]
[objective_seed: 16083]
[num_class: 1]
[is_unbalance: 0]
[scale_pos_weight: 1]
[sigmoid: 1]
[boost_from_average: 1]
[reg_sqrt: 0]
[alpha: 0.9]
[fair_c: 1]
[poisson_max_delta_step: 0.7]
[tweedie_variance_power: 1.5]
[lambdarank_truncation_level: 30]
[lambdarank_norm: 1]
[label_gain: ]
[lambdarank_position_bias_regularization: 0]
[eval_at: 5,10]
[multi_error_top_k: 1]
[auc_mu_weights: ]
[num_machines: 1]
[local_listen_port: 12400]
[time_out: 120]
[machine_list_filename: ]
[machines: ]
[gpu_platform_id: -1]
[gpu_device_id: -1]
[gpu_device_id_list: ]
[gpu_use_dp: 0]
[num_gpu: 1]

end of parameters

pandas_categorical:[]
